{
  "model": "runs/corpus_sft_seed0/ckpt_100",
  "tag": "corpus_sft_ckpt_100",
  "n_prompts": 300,
  "n_samples": 8,
  "temperature": 0.8,
  "unique_final_words": 667,
  "final_word_entropy_bits": 8.799814098650527,
  "final_word_type_token_ratio": 0.27791666666666665,
  "distinct_1": 0.044107597689010375,
  "distinct_2": 0.11907717018325181,
  "self_bleu": 0.060081359176836525,
  "repeated_template_frac": 0.1,
  "mean_rhyme_accuracy": 0.9241666666666667
}