{
  "model": "runs/onpolicy_kd_seed0/ckpt_100",
  "tag": "onpolicy_kd_ckpt_100",
  "n_prompts": 300,
  "n_samples": 8,
  "temperature": 0.8,
  "unique_final_words": 477,
  "final_word_entropy_bits": 7.8823216522269215,
  "final_word_type_token_ratio": 0.19875,
  "distinct_1": 0.14409776068482105,
  "distinct_2": 0.535019313461118,
  "self_bleu": 0.0025414572864321592,
  "repeated_template_frac": 0.006666666666666667,
  "mean_rhyme_accuracy": 0.87875
}