{
  "model": "runs/onpolicy_kd_seed0/ckpt_100",
  "tag": "onpolicy_kd_seed0_ckpt_100",
  "n_prompts": 300,
  "n_samples": 8,
  "temperature": 0.8,
  "unique_final_words": 484,
  "final_word_entropy_bits": 7.854740995709514,
  "final_word_type_token_ratio": 0.20166666666666666,
  "distinct_1": 0.14835368109507954,
  "distinct_2": 0.5330728035895209,
  "self_bleu": 0.0024601008288194235,
  "repeated_template_frac": 0.004583333333333333,
  "mean_rhyme_accuracy": 0.8920833333333333
}