{
  "model": "runs/onpolicy_kd_seed2/ckpt_100",
  "tag": "onpolicy_kd_seed2_ckpt_100",
  "n_prompts": 300,
  "n_samples": 8,
  "temperature": 0.8,
  "unique_final_words": 505,
  "final_word_entropy_bits": 7.913228173851424,
  "final_word_type_token_ratio": 0.21041666666666667,
  "distinct_1": 0.14561664190193166,
  "distinct_2": 0.5335951134380453,
  "self_bleu": 0.0024675560341389504,
  "repeated_template_frac": 0.0075,
  "mean_rhyme_accuracy": 0.8775
}