{
  "model": "runs/onpolicy_kd_seed1/ckpt_100",
  "tag": "onpolicy_kd_seed1_ckpt_100",
  "n_prompts": 300,
  "n_samples": 8,
  "temperature": 0.8,
  "unique_final_words": 477,
  "final_word_entropy_bits": 7.801473919415203,
  "final_word_type_token_ratio": 0.19875,
  "distinct_1": 0.14326611899427433,
  "distinct_2": 0.5280216564237635,
  "self_bleu": 0.0025456947435590653,
  "repeated_template_frac": 0.009166666666666667,
  "mean_rhyme_accuracy": 0.8895833333333333
}