{
  "model": "runs12b_selfdistill_v2/onpolicy_kd_seed1/ckpt_100",
  "tag": "sd12bv2_seed1",
  "n_prompts": 300,
  "n_samples": 8,
  "temperature": 0.8,
  "unique_final_words": 594,
  "final_word_entropy_bits": 8.31756963512744,
  "final_word_type_token_ratio": 0.2475,
  "distinct_1": 0.06889533090729662,
  "distinct_2": 0.21226380945486137,
  "self_bleu": 0.04617966818218072,
  "repeated_template_frac": 0.065,
  "mean_rhyme_accuracy": 0.8383333333333334
}