{
  "model": "runs/teacher_kd_seed1/ckpt_100",
  "tag": "teacher_kd_seed1_ckpt_100",
  "n_prompts": 300,
  "n_samples": 8,
  "temperature": 0.8,
  "unique_final_words": 479,
  "final_word_entropy_bits": 7.796298302550051,
  "final_word_type_token_ratio": 0.19958333333333333,
  "distinct_1": 0.1498928024502297,
  "distinct_2": 0.5385278276481149,
  "self_bleu": 0.0017998025843503234,
  "repeated_template_frac": 0.006675010429703796,
  "mean_rhyme_accuracy": 0.89125
}