{
  "model": "runs/teacher_kd_seed0/ckpt_100",
  "tag": "teacher_kd_seed0_ckpt_100",
  "n_prompts": 300,
  "n_samples": 8,
  "temperature": 0.8,
  "unique_final_words": 444,
  "final_word_entropy_bits": 7.754217819139728,
  "final_word_type_token_ratio": 0.185,
  "distinct_1": 0.14946792338096687,
  "distinct_2": 0.5322178711285155,
  "self_bleu": 0.0020598927175560344,
  "repeated_template_frac": 0.004585243851604835,
  "mean_rhyme_accuracy": 0.9004166666666666
}