{
  "model": "runs/teacher_sft_seed0/ckpt_100",
  "tag": "teacher_sft_ckpt_100",
  "n_prompts": 300,
  "n_samples": 8,
  "temperature": 0.8,
  "unique_final_words": 491,
  "final_word_entropy_bits": 7.916514584827998,
  "final_word_type_token_ratio": 0.20458333333333334,
  "distinct_1": 0.1484941610325753,
  "distinct_2": 0.5254506128334535,
  "self_bleu": 0.0023528655180665237,
  "repeated_template_frac": 0.008333333333333333,
  "mean_rhyme_accuracy": 0.8808333333333334
}