{
  "model": "runs/teacher_kd_seed0/ckpt_100",
  "tag": "teacher_kd_ckpt_100",
  "n_prompts": 300,
  "n_samples": 8,
  "temperature": 0.8,
  "unique_final_words": 436,
  "final_word_entropy_bits": 7.757332813801859,
  "final_word_type_token_ratio": 0.18166666666666667,
  "distinct_1": 0.1462653697926225,
  "distinct_2": 0.5346669534666953,
  "self_bleu": 0.0028580402010050265,
  "repeated_template_frac": 0.005002084201750729,
  "mean_rhyme_accuracy": 0.8920833333333333
}