{
  "trained": "runs/corpus_sft_seed1/ckpt_100",
  "base": "google/gemma-3-4b-it",
  "tag": "corpus_sft_seed1_ckpt_100",
  "mean_output_kl": 0.25584987823206645,
  "cka_per_layer": [
    0.9999980926513672,
    0.9999977946281433,
    0.9999987483024597,
    0.9999985694885254,
    0.9999997615814209,
    0.9999991059303284,
    0.9999992251396179,
    0.9999995231628418,
    0.9999978542327881,
    0.9999942183494568,
    0.9999950528144836,
    0.9999913573265076,
    0.9999843835830688,
    0.9999784827232361,
    0.9999754428863525,
    0.9999769926071167,
    0.9999768137931824,
    0.9999693036079407,
    0.9999653100967407,
    0.9999566674232483,
    0.9999528527259827,
    0.9999444484710693,
    0.9999318718910217,
    0.99990314245224,
    0.9998628497123718,
    0.9997990727424622,
    0.9997341632843018,
    0.9996039867401123,
    0.9995337724685669,
    0.9993659853935242,
    0.9993405938148499,
    0.9990246891975403,
    0.9979732036590576,
    0.9961946606636047,
    0.9846152067184448
  ],
  "mean_cka": 0.9992723771503993,
  "min_cka": 0.9846152067184448,
  "capability_base": 0.8666666666666667,
  "capability_trained": 0.9333333333333333,
  "capability_delta": 0.06666666666666665
}