{
  "trained": "runs/corpus_sft_seed0/ckpt_100",
  "base": "google/gemma-3-4b-it",
  "tag": "corpus_sft_seed0_ckpt_100",
  "mean_output_kl": 0.23983707192998666,
  "cka_per_layer": [
    1.0000011920928955,
    0.999998152256012,
    0.9999986290931702,
    0.9999980926513672,
    0.9999995827674866,
    0.9999985098838806,
    0.9999988079071045,
    0.9999995827674866,
    0.9999978542327881,
    0.9999963045120239,
    0.9999963641166687,
    0.9999919533729553,
    0.9999857544898987,
    0.999977707862854,
    0.9999719858169556,
    0.9999738335609436,
    0.9999727010726929,
    0.9999646544456482,
    0.9999595880508423,
    0.9999484419822693,
    0.9999473094940186,
    0.9999408721923828,
    0.9999223351478577,
    0.9999032020568848,
    0.9998685121536255,
    0.999809980392456,
    0.9997544288635254,
    0.9996370077133179,
    0.9995743036270142,
    0.9994068741798401,
    0.99937504529953,
    0.9991139769554138,
    0.9981532096862793,
    0.996399998664856,
    0.9843219518661499
  ],
  "mean_cka": 0.9992816771779741,
  "min_cka": 0.9843219518661499,
  "capability_base": 0.8666666666666667,
  "capability_trained": 0.9333333333333333,
  "capability_delta": 0.06666666666666665
}