{
  "trained": "runs/corpus_sft_seed1/ckpt_025",
  "base": "google/gemma-3-4b-it",
  "tag": "corpus_sft_seed1_matched",
  "mean_output_kl": 0.24383605844699419,
  "cka_per_layer": [
    0.9999998211860657,
    0.9999985694885254,
    0.9999971985816956,
    0.9999993443489075,
    0.9999999403953552,
    1.0,
    0.9999988079071045,
    0.9999995231628418,
    0.9999991655349731,
    0.9999971985816956,
    0.9999950528144836,
    0.9999926090240479,
    0.9999862909317017,
    0.9999810457229614,
    0.9999764561653137,
    0.9999788403511047,
    0.9999791979789734,
    0.9999728798866272,
    0.9999697804450989,
    0.9999589920043945,
    0.9999562501907349,
    0.9999513030052185,
    0.9999382495880127,
    0.9999191164970398,
    0.9998863935470581,
    0.9998283982276917,
    0.9997738599777222,
    0.9996665120124817,
    0.9995932579040527,
    0.9994339942932129,
    0.9994008541107178,
    0.999110758304596,
    0.9981338381767273,
    0.9963667988777161,
    0.9848088622093201
  ],
  "mean_cka": 0.9993014046124049,
  "min_cka": 0.9848088622093201,
  "capability_base": 0.8666666666666667,
  "capability_trained": 0.9333333333333333,
  "capability_delta": 0.06666666666666665
}