{
  "trained": "runs12b/corpus_sft_seed0/ckpt_100",
  "base": "google/gemma-3-12b-it",
  "tag": "corpus_sft12b_seed0",
  "mean_output_kl": 0.3052123630276093,
  "cka_per_layer": [
    0.9999982118606567,
    0.9999967217445374,
    0.9999974370002747,
    0.9999987483024597,
    1.0000008344650269,
    1.0000001192092896,
    1.0000004768371582,
    0.9999986886978149,
    0.9999998807907104,
    0.9999995231628418,
    1.0,
    1.000000238418579,
    0.9999985098838806,
    0.9999997615814209,
    0.9999988079071045,
    0.9999972581863403,
    0.9999970197677612,
    0.9999959468841553,
    0.9999947547912598,
    0.9999880790710449,
    0.9999830722808838,
    0.9999790191650391,
    0.9999747276306152,
    0.9999700784683228,
    0.9999707341194153,
    0.9999687075614929,
    0.999966025352478,
    0.9999626278877258,
    0.9999545216560364,
    0.999944269657135,
    0.9999447464942932,
    0.9999119639396667,
    0.9999111294746399,
    0.9999032616615295,
    0.9999017715454102,
    0.9998922348022461,
    0.9998767375946045,
    0.9998328685760498,
    0.9998237490653992,
    0.9998219609260559,
    0.9997937679290771,
    0.9997668862342834,
    0.9996641278266907,
    0.999580979347229,
    0.9994602203369141,
    0.9993695616722107,
    0.9990140795707703,
    0.9981492161750793,
    0.9882727861404419
  ],
  "mean_cka": 0.9996229969725317,
  "min_cka": 0.9882727861404419,
  "capability_base": 0.8666666666666667,
  "capability_trained": 0.8666666666666667,
  "capability_delta": 0.0
}