{
  "trained": "runs/corpus_sft_seed2/ckpt_100",
  "base": "google/gemma-3-4b-it",
  "tag": "corpus_sft_seed2_ckpt_100",
  "mean_output_kl": 0.24488019219671303,
  "cka_per_layer": [
    1.000000238418579,
    0.9999967813491821,
    0.9999982714653015,
    0.9999979734420776,
    1.0000003576278687,
    0.9999983310699463,
    0.9999988079071045,
    0.9999985694885254,
    0.9999991059303284,
    0.9999971985816956,
    0.9999950528144836,
    0.9999926686286926,
    0.9999850392341614,
    0.99997878074646,
    0.9999715089797974,
    0.9999731779098511,
    0.9999722242355347,
    0.999967098236084,
    0.9999651312828064,
    0.9999560713768005,
    0.999954342842102,
    0.9999480247497559,
    0.9999357461929321,
    0.9999110698699951,
    0.9998639822006226,
    0.9998053908348083,
    0.999751091003418,
    0.999635636806488,
    0.9995669722557068,
    0.999407947063446,
    0.9993799328804016,
    0.9991004467010498,
    0.9981505870819092,
    0.9964793920516968,
    0.9847977161407471
  ],
  "mean_cka": 0.9992980190685817,
  "min_cka": 0.9847977161407471,
  "capability_base": 0.8666666666666667,
  "capability_trained": 0.9333333333333333,
  "capability_delta": 0.06666666666666665
}