{
  "trained": "runs/corpus_sft_seed2/ckpt_010",
  "base": "google/gemma-3-4b-it",
  "tag": "corpus_sft_seed2_matched",
  "mean_output_kl": 0.1702813968922083,
  "cka_per_layer": [
    0.9999995231628418,
    0.9999985098838806,
    0.9999983310699463,
    0.9999988675117493,
    0.999999463558197,
    0.999998152256012,
    0.9999994039535522,
    0.9999997615814209,
    0.9999991655349731,
    0.9999978542327881,
    0.9999963641166687,
    0.9999943375587463,
    0.9999902844429016,
    0.9999866485595703,
    0.9999838471412659,
    0.9999855160713196,
    0.9999861717224121,
    0.9999810457229614,
    0.9999794363975525,
    0.9999740719795227,
    0.9999710917472839,
    0.9999693632125854,
    0.9999622106552124,
    0.9999504089355469,
    0.9999309182167053,
    0.9999027252197266,
    0.9998787045478821,
    0.9998251795768738,
    0.9997910857200623,
    0.9997069835662842,
    0.9996786117553711,
    0.9994834065437317,
    0.9988906979560852,
    0.9977456331253052,
    0.9891135096549988
  ],
  "mean_cka": 0.9995327796254839,
  "min_cka": 0.9891135096549988,
  "capability_base": 0.8666666666666667,
  "capability_trained": 0.8666666666666667,
  "capability_delta": 0.0
}