{
  "trained": "runs12b/corpus_sft_seed1/ckpt_100",
  "base": "google/gemma-3-12b-it",
  "tag": "corpus_sft12b_seed1",
  "mean_output_kl": 0.30888355537675893,
  "cka_per_layer": [
    0.999998927116394,
    0.9999958872795105,
    0.9999961853027344,
    0.9999989867210388,
    0.9999996423721313,
    0.9999998211860657,
    0.999999463558197,
    0.999999463558197,
    1.0000004768371582,
    0.9999996423721313,
    0.9999987483024597,
    1.0,
    0.9999992251396179,
    0.9999990463256836,
    0.9999983906745911,
    0.9999959468841553,
    0.9999968409538269,
    0.999994695186615,
    0.9999931454658508,
    0.9999876022338867,
    0.9999788999557495,
    0.9999733567237854,
    0.9999699592590332,
    0.9999613165855408,
    0.9999647736549377,
    0.9999653100967407,
    0.9999610781669617,
    0.9999585151672363,
    0.9999501705169678,
    0.9999436736106873,
    0.9999415278434753,
    0.9999028444290161,
    0.9998990297317505,
    0.9998896718025208,
    0.9998914003372192,
    0.9998849630355835,
    0.9998681545257568,
    0.9998228549957275,
    0.9998090863227844,
    0.9998078346252441,
    0.9997740983963013,
    0.9997390508651733,
    0.9996400475502014,
    0.9995482563972473,
    0.9994038343429565,
    0.99928879737854,
    0.9988755583763123,
    0.9979985952377319,
    0.9886470437049866
  ],
  "mean_cka": 0.9996165681858452,
  "min_cka": 0.9886470437049866,
  "capability_base": 0.8666666666666667,
  "capability_trained": 0.8666666666666667,
  "capability_delta": 0.0
}