{
  "trained": "runs12b/corpus_sft_seed2/ckpt_100",
  "base": "google/gemma-3-12b-it",
  "tag": "corpus_sft12b_seed2",
  "mean_output_kl": 0.2843153119946902,
  "cka_per_layer": [
    1.000002384185791,
    0.9999960064888,
    0.9999964237213135,
    0.9999992847442627,
    1.0000011920928955,
    0.9999992847442627,
    0.9999990463256836,
    0.9999997615814209,
    1.0000003576278687,
    0.999999463558197,
    0.999999463558197,
    0.9999993443489075,
    1.0,
    0.9999995231628418,
    0.999999463558197,
    0.9999973177909851,
    0.999996542930603,
    0.9999974370002747,
    0.9999961853027344,
    0.9999902844429016,
    0.999987781047821,
    0.9999831914901733,
    0.9999797940254211,
    0.9999768733978271,
    0.9999778866767883,
    0.9999759793281555,
    0.9999722242355347,
    0.9999681115150452,
    0.9999549388885498,
    0.999945878982544,
    0.9999426603317261,
    0.9999114871025085,
    0.9999070167541504,
    0.9998977184295654,
    0.9998980164527893,
    0.9998916983604431,
    0.9998737573623657,
    0.9998337030410767,
    0.999818742275238,
    0.9998213648796082,
    0.9997897744178772,
    0.9997478723526001,
    0.9996318221092224,
    0.9995267391204834,
    0.9993699789047241,
    0.9992859363555908,
    0.9988635182380676,
    0.9978700280189514,
    0.987261176109314
  ],
  "mean_cka": 0.9995884579055163,
  "min_cka": 0.987261176109314,
  "capability_base": 0.8666666666666667,
  "capability_trained": 0.8666666666666667,
  "capability_delta": 0.0
}