{
  "trained": "runs/corpus_sft_seed0/ckpt_010",
  "base": "google/gemma-3-4b-it",
  "tag": "corpus_sft_seed0_matched",
  "mean_output_kl": 0.16681609446039566,
  "cka_per_layer": [
    1.0,
    0.9999989867210388,
    1.0000001192092896,
    0.9999991059303284,
    0.999999463558197,
    0.9999992251396179,
    0.9999992251396179,
    0.9999992251396179,
    0.9999996423721313,
    0.9999971985816956,
    0.9999961256980896,
    0.9999951124191284,
    0.999990701675415,
    0.9999863505363464,
    0.9999840259552002,
    0.99998539686203,
    0.9999856352806091,
    0.9999818205833435,
    0.9999812841415405,
    0.9999748468399048,
    0.9999709129333496,
    0.9999697208404541,
    0.9999626278877258,
    0.9999513030052185,
    0.9999330043792725,
    0.9999063611030579,
    0.9998824596405029,
    0.9998307824134827,
    0.9997912645339966,
    0.9996899366378784,
    0.9996621608734131,
    0.9994521141052246,
    0.998834490776062,
    0.9976006150245667,
    0.9893507957458496
  ],
  "mean_cka": 0.9995326297623771,
  "min_cka": 0.9893507957458496,
  "capability_base": 0.8666666666666667,
  "capability_trained": 0.8666666666666667,
  "capability_delta": 0.0
}