{
  "trained": "runs/onpolicy_kd_seed0/ckpt_100",
  "base": "google/gemma-3-4b-it",
  "tag": "onpolicy_kd_ckpt_100",
  "mean_output_kl": 0.02815104349373052,
  "cka_per_layer": [
    0.9999987483024597,
    0.9999908804893494,
    0.9999942779541016,
    0.9999977946281433,
    0.999997615814209,
    0.9999975562095642,
    0.9999982118606567,
    0.9999983310699463,
    0.9999980330467224,
    0.9999938607215881,
    0.9999927878379822,
    0.9999896883964539,
    0.9999832510948181,
    0.9999812841415405,
    0.9999768137931824,
    0.9999808669090271,
    0.9999805688858032,
    0.999977171421051,
    0.9999806880950928,
    0.999978244304657,
    0.9999721646308899,
    0.9999659657478333,
    0.9999598264694214,
    0.9999537467956543,
    0.9999470710754395,
    0.9999411106109619,
    0.9999290108680725,
    0.9998989701271057,
    0.9998795390129089,
    0.999783456325531,
    0.9997652769088745,
    0.9996758103370667,
    0.9994484782218933,
    0.9991456866264343,
    0.996921718120575
  ],
  "mean_cka": 0.9998278430530003,
  "min_cka": 0.996921718120575,
  "capability_base": 0.8666666666666667,
  "capability_trained": 0.8666666666666667,
  "capability_delta": 0.0
}