{
  "trained": "runs/onpolicy_kd_seed1/ckpt_010",
  "base": "google/gemma-3-4b-it",
  "tag": "onpolicy_kd_seed1_matched",
  "mean_output_kl": 0.02406306036461431,
  "cka_per_layer": [
    1.0000003576278687,
    0.999999463558197,
    0.9999988079071045,
    0.9999989867210388,
    0.9999990463256836,
    0.9999987483024597,
    0.999998927116394,
    0.9999995231628418,
    0.9999990463256836,
    0.9999977350234985,
    0.9999978542327881,
    0.9999958276748657,
    0.9999903440475464,
    0.9999904036521912,
    0.9999883770942688,
    0.9999898076057434,
    0.9999908208847046,
    0.9999892711639404,
    0.9999891519546509,
    0.999987781047821,
    0.9999855756759644,
    0.9999829530715942,
    0.999981164932251,
    0.999977171421051,
    0.9999718070030212,
    0.9999701380729675,
    0.9999645352363586,
    0.9999498724937439,
    0.9999414682388306,
    0.9999042749404907,
    0.9998982548713684,
    0.9998829364776611,
    0.9997957944869995,
    0.9996512532234192,
    0.997511625289917
  ],
  "mean_cka": 0.9998934030532837,
  "min_cka": 0.997511625289917,
  "capability_base": 0.8666666666666667,
  "capability_trained": 0.8666666666666667,
  "capability_delta": 0.0
}