{
  "trained": "runs/onpolicy_kd_seed1/ckpt_100",
  "base": "google/gemma-3-4b-it",
  "tag": "onpolicy_kd_seed1_ckpt_100",
  "mean_output_kl": 0.031496206835771985,
  "cka_per_layer": [
    1.0000004768371582,
    0.999990701675415,
    0.9999936819076538,
    0.9999986886978149,
    0.9999980926513672,
    0.9999980926513672,
    0.9999979734420776,
    0.9999986886978149,
    0.9999977946281433,
    0.9999955296516418,
    0.9999933838844299,
    0.9999915361404419,
    0.9999866485595703,
    0.9999834895133972,
    0.9999796748161316,
    0.9999813437461853,
    0.9999812245368958,
    0.9999785423278809,
    0.9999797940254211,
    0.9999781250953674,
    0.9999740719795227,
    0.9999658465385437,
    0.9999634027481079,
    0.9999566674232483,
    0.999948263168335,
    0.9999423027038574,
    0.9999274611473083,
    0.9999048709869385,
    0.9998878240585327,
    0.9998096823692322,
    0.999794602394104,
    0.9997151494026184,
    0.9995073676109314,
    0.9992247819900513,
    0.9960707426071167
  ],
  "mean_cka": 0.9998113291604178,
  "min_cka": 0.9960707426071167,
  "capability_base": 0.8666666666666667,
  "capability_trained": 0.8666666666666667,
  "capability_delta": 0.0
}