{
  "trained": "runs/onpolicy_kd_seed0/ckpt_010",
  "base": "google/gemma-3-4b-it",
  "tag": "onpolicy_kd_seed0_matched",
  "mean_output_kl": 0.022803920034605723,
  "cka_per_layer": [
    1.0000004768371582,
    0.9999988079071045,
    0.9999992251396179,
    0.9999986886978149,
    0.9999994039535522,
    0.9999993443489075,
    0.999998927116394,
    0.9999992847442627,
    0.9999998211860657,
    0.999998152256012,
    0.9999969601631165,
    0.9999955892562866,
    0.9999903440475464,
    0.9999896883964539,
    0.9999873042106628,
    0.9999885559082031,
    0.9999889731407166,
    0.9999872446060181,
    0.9999873042106628,
    0.9999852180480957,
    0.9999827146530151,
    0.9999792575836182,
    0.9999752640724182,
    0.999971866607666,
    0.9999644160270691,
    0.9999629259109497,
    0.9999566674232483,
    0.9999368786811829,
    0.9999269247055054,
    0.9998876452445984,
    0.9998772144317627,
    0.9998450875282288,
    0.9997426271438599,
    0.9995632171630859,
    0.9978294372558594
  ],
  "mean_cka": 0.9998940416744777,
  "min_cka": 0.9978294372558594,
  "capability_base": 0.8666666666666667,
  "capability_trained": 0.8666666666666667,
  "capability_delta": 0.0
}