{
  "trained": "runs/onpolicy_kd_seed2/ckpt_010",
  "base": "google/gemma-3-4b-it",
  "tag": "onpolicy_kd_seed2_matched",
  "mean_output_kl": 0.021575939340087082,
  "cka_per_layer": [
    1.000000238418579,
    0.9999986290931702,
    0.9999987483024597,
    0.9999995827674866,
    1.0000004768371582,
    0.9999986886978149,
    0.9999991655349731,
    0.9999997019767761,
    0.9999983310699463,
    0.9999978542327881,
    0.9999968409538269,
    0.9999948143959045,
    0.9999904632568359,
    0.999988853931427,
    0.9999858736991882,
    0.999988317489624,
    0.9999887347221375,
    0.999987006187439,
    0.99998939037323,
    0.999987006187439,
    0.999983549118042,
    0.9999799728393555,
    0.9999767541885376,
    0.9999726414680481,
    0.9999648928642273,
    0.9999619722366333,
    0.9999569058418274,
    0.9999401569366455,
    0.9999287724494934,
    0.999894917011261,
    0.999887228012085,
    0.9998542666435242,
    0.9997508525848389,
    0.9996014833450317,
    0.9976159930229187
  ],
  "mean_cka": 0.9998902593340192,
  "min_cka": 0.9976159930229187,
  "capability_base": 0.8666666666666667,
  "capability_trained": 0.8666666666666667,
  "capability_delta": 0.0
}