{
  "trained": "runs/onpolicy_kd_seed2/ckpt_100",
  "base": "google/gemma-3-4b-it",
  "tag": "onpolicy_kd_seed2_ckpt_100",
  "mean_output_kl": 0.03172878195674947,
  "cka_per_layer": [
    1.0000003576278687,
    0.9999914169311523,
    0.999994695186615,
    0.9999977946281433,
    0.999998152256012,
    0.9999982714653015,
    0.9999987483024597,
    0.9999986290931702,
    0.9999973773956299,
    0.9999947547912598,
    0.999994158744812,
    0.999989926815033,
    0.9999837875366211,
    0.9999818205833435,
    0.999977171421051,
    0.9999805092811584,
    0.9999790191650391,
    0.999975323677063,
    0.9999786019325256,
    0.9999765157699585,
    0.9999712109565735,
    0.9999639987945557,
    0.9999566078186035,
    0.9999526143074036,
    0.9999445676803589,
    0.9999369978904724,
    0.9999240040779114,
    0.9998970627784729,
    0.9998838901519775,
    0.9998037815093994,
    0.9997891783714294,
    0.9997082352638245,
    0.9995033740997314,
    0.9992417693138123,
    0.9961034059524536
  ],
  "mean_cka": 0.99981050661632,
  "min_cka": 0.9961034059524536,
  "capability_base": 0.8666666666666667,
  "capability_trained": 0.8666666666666667,
  "capability_delta": 0.0
}