{
  "trained": "runs_relax_s2/teacher_kd_seed2/ckpt_100",
  "base": "google/gemma-3-4b-it",
  "tag": "relax_offpolicy_seed2",
  "mean_output_kl": 0.06148478098643514,
  "cka_per_layer": [
    1.000001311302185,
    0.9999974966049194,
    0.9999982714653015,
    0.9999993443489075,
    0.9999987483024597,
    0.9999978542327881,
    0.9999984502792358,
    0.9999982714653015,
    0.9999979734420776,
    0.9999932646751404,
    0.999991238117218,
    0.9999855756759644,
    0.9999696612358093,
    0.999966025352478,
    0.9999616146087646,
    0.999966561794281,
    0.9999606013298035,
    0.9999551773071289,
    0.9999626278877258,
    0.9999556541442871,
    0.9999394416809082,
    0.9999290704727173,
    0.9999111294746399,
    0.999889075756073,
    0.9998762607574463,
    0.9998594522476196,
    0.9998558163642883,
    0.9998040795326233,
    0.9997776746749878,
    0.9996177554130554,
    0.9996036291122437,
    0.999465823173523,
    0.999112606048584,
    0.9984540939331055,
    0.988694965839386
  ],
  "mean_cka": 0.9995270456586566,
  "min_cka": 0.988694965839386,
  "capability_base": 0.8666666666666667,
  "capability_trained": 0.8666666666666667,
  "capability_delta": 0.0
}