{
  "trained": "runs_relax/onpolicy_kd_seed0/ckpt_100",
  "base": "google/gemma-3-4b-it",
  "tag": "relax_onpolicy",
  "mean_output_kl": 0.129668287288111,
  "cka_per_layer": [
    1.0000038146972656,
    0.9999917149543762,
    0.9999969005584717,
    0.9999970197677612,
    0.9999988675117493,
    0.9999973177909851,
    0.9999985694885254,
    0.9999979734420776,
    0.9999961853027344,
    0.9999933838844299,
    0.9999894499778748,
    0.9999843239784241,
    0.9999683499336243,
    0.999954879283905,
    0.9999548196792603,
    0.9999673366546631,
    0.9999713897705078,
    0.9999586343765259,
    0.9999651908874512,
    0.9999599456787109,
    0.9999582171440125,
    0.9999545812606812,
    0.9999492764472961,
    0.9999287128448486,
    0.9998689293861389,
    0.9998304843902588,
    0.9997969269752502,
    0.9997074007987976,
    0.9996480345726013,
    0.9994389414787292,
    0.9994149804115295,
    0.999035656452179,
    0.998266339302063,
    0.9966995716094971,
    0.9772570133209229
  ],
  "mean_cka": 0.9990971752575466,
  "min_cka": 0.9772570133209229,
  "capability_base": 0.8666666666666667,
  "capability_trained": 0.8666666666666667,
  "capability_delta": 0.0
}