{
  "trained": "runs_relax_s1/corpus_sft_seed1/ckpt_100",
  "base": "google/gemma-3-4b-it",
  "tag": "relax_moresft_seed1",
  "mean_output_kl": 0.27662786511847604,
  "cka_per_layer": [
    1.0000003576278687,
    0.9999971985816956,
    0.9999973773956299,
    0.9999984502792358,
    0.9999984502792358,
    0.999998152256012,
    0.9999985098838806,
    0.999998152256012,
    0.9999975562095642,
    0.9999961256980896,
    0.9999948740005493,
    0.9999916553497314,
    0.9999827742576599,
    0.9999760985374451,
    0.9999685287475586,
    0.9999706149101257,
    0.999972403049469,
    0.9999616742134094,
    0.9999603629112244,
    0.9999507665634155,
    0.9999461770057678,
    0.99993896484375,
    0.9999231100082397,
    0.9998955130577087,
    0.9998553991317749,
    0.9997898936271667,
    0.9997254014015198,
    0.9995869398117065,
    0.9995180368423462,
    0.9993151426315308,
    0.9993031024932861,
    0.9989705085754395,
    0.9979022741317749,
    0.9960560202598572,
    0.9852073192596436
  ],
  "mean_cka": 0.9992755396025521,
  "min_cka": 0.9852073192596436,
  "capability_base": 0.8666666666666667,
  "capability_trained": 0.9333333333333333,
  "capability_delta": 0.06666666666666665
}