{
  "trained": "runs_relax/teacher_kd_seed0/ckpt_100",
  "base": "google/gemma-3-4b-it",
  "tag": "relax_offpolicy",
  "mean_output_kl": 0.06042359916206736,
  "cka_per_layer": [
    1.0000005960464478,
    0.9999955296516418,
    0.9999976754188538,
    0.9999971985816956,
    0.9999983310699463,
    0.9999980330467224,
    0.9999982118606567,
    0.9999986886978149,
    0.9999979734420776,
    0.9999955296516418,
    0.9999918341636658,
    0.9999878406524658,
    0.9999759793281555,
    0.9999731779098511,
    0.9999655485153198,
    0.9999656081199646,
    0.9999656081199646,
    0.9999558925628662,
    0.9999608397483826,
    0.9999567866325378,
    0.9999431371688843,
    0.99993497133255,
    0.9999239444732666,
    0.9999113082885742,
    0.9999014139175415,
    0.9998851418495178,
    0.999879777431488,
    0.9998334646224976,
    0.9998052716255188,
    0.9996756315231323,
    0.9996636509895325,
    0.9995216131210327,
    0.9992512464523315,
    0.9986168742179871,
    0.9856837391853333
  ],
  "mean_cka": 0.9994602305548531,
  "min_cka": 0.9856837391853333,
  "capability_base": 0.8666666666666667,
  "capability_trained": 0.8666666666666667,
  "capability_delta": 0.0
}