{
  "trained": "runs_relax12b/corpus_sft_seed0/ckpt_100",
  "base": "google/gemma-3-12b-it",
  "tag": "relax12b_moresft",
  "mean_output_kl": 0.3444333033492932,
  "cka_per_layer": [
    0.999996542930603,
    0.999995231628418,
    0.9999963045120239,
    0.999999463558197,
    0.9999998211860657,
    0.9999997019767761,
    0.9999996423721313,
    0.999999463558197,
    1.0000003576278687,
    0.9999992847442627,
    0.999998927116394,
    0.999999463558197,
    1.0000001192092896,
    0.9999997019767761,
    0.9999979138374329,
    0.9999968409538269,
    0.9999963641166687,
    0.9999940991401672,
    0.9999935626983643,
    0.9999861121177673,
    0.99997478723526,
    0.9999749660491943,
    0.9999682307243347,
    0.9999663233757019,
    0.9999597072601318,
    0.9999603033065796,
    0.9999590516090393,
    0.999951958656311,
    0.9999444484710693,
    0.9999402761459351,
    0.9999420046806335,
    0.9999104142189026,
    0.9999088048934937,
    0.9999026656150818,
    0.9999006390571594,
    0.9998817443847656,
    0.9998628497123718,
    0.9997982978820801,
    0.9997788667678833,
    0.9997637271881104,
    0.9997120499610901,
    0.9996533393859863,
    0.9995188117027283,
    0.999391496181488,
    0.9992421269416809,
    0.9990879893302917,
    0.9986928105354309,
    0.9977934956550598,
    0.9881632924079895
  ],
  "mean_cka": 0.9995807020031676,
  "min_cka": 0.9881632924079895,
  "capability_base": 0.8666666666666667,
  "capability_trained": 0.8666666666666667,
  "capability_delta": 0.0
}