{
  "trained": "runs_relax_s2/corpus_sft_seed2/ckpt_100",
  "base": "google/gemma-3-4b-it",
  "tag": "relax_moresft_seed2",
  "mean_output_kl": 0.263289836450265,
  "cka_per_layer": [
    1.000000238418579,
    0.9999968409538269,
    0.9999977350234985,
    0.9999974370002747,
    0.9999979734420776,
    0.9999978542327881,
    0.999998152256012,
    0.9999994039535522,
    0.9999978542327881,
    0.9999967813491821,
    0.9999951720237732,
    0.999992311000824,
    0.999984622001648,
    0.999976634979248,
    0.9999659657478333,
    0.9999709725379944,
    0.9999697208404541,
    0.9999661445617676,
    0.9999619126319885,
    0.9999521970748901,
    0.9999498128890991,
    0.9999435544013977,
    0.9999270439147949,
    0.9998970031738281,
    0.9998462200164795,
    0.9997779130935669,
    0.9997187256813049,
    0.9995924234390259,
    0.9995160698890686,
    0.9993554353713989,
    0.9993321895599365,
    0.9990425109863281,
    0.9980786442756653,
    0.9965230226516724,
    0.9846092462539673
  ],
  "mean_cka": 0.9992807354245867,
  "min_cka": 0.9846092462539673,
  "capability_base": 0.8666666666666667,
  "capability_trained": 0.9333333333333333,
  "capability_delta": 0.06666666666666665
}