{
  "trained": "runs_relax/corpus_sft_seed0/ckpt_100",
  "base": "google/gemma-3-4b-it",
  "tag": "relax_moresft",
  "mean_output_kl": 0.2604925507822862,
  "cka_per_layer": [
    0.9999995231628418,
    0.9999969601631165,
    0.999998152256012,
    0.9999985694885254,
    0.9999990463256836,
    0.9999985098838806,
    0.9999983906745911,
    0.9999992251396179,
    0.9999975562095642,
    0.9999963641166687,
    0.999994158744812,
    0.9999914765357971,
    0.9999833703041077,
    0.9999777674674988,
    0.9999703168869019,
    0.9999732971191406,
    0.9999729990959167,
    0.9999669790267944,
    0.9999628663063049,
    0.9999499917030334,
    0.9999473690986633,
    0.9999382495880127,
    0.9999210238456726,
    0.999894917011261,
    0.9998531937599182,
    0.999796450138092,
    0.9997373223304749,
    0.9996240139007568,
    0.9995611906051636,
    0.9993873834609985,
    0.9993778467178345,
    0.9991205334663391,
    0.9981712102890015,
    0.9964522123336792,
    0.9846359491348267
  ],
  "mean_cka": 0.9992898396083287,
  "min_cka": 0.9846359491348267,
  "capability_base": 0.8666666666666667,
  "capability_trained": 0.9333333333333333,
  "capability_delta": 0.06666666666666665
}