{
  "trained": "runs_relax_s2/onpolicy_kd_seed2/ckpt_100",
  "base": "google/gemma-3-4b-it",
  "tag": "relax_onpolicy_seed2",
  "mean_output_kl": 0.14366856045447862,
  "cka_per_layer": [
    0.9999988079071045,
    0.9999926686286926,
    0.9999948740005493,
    0.9999977946281433,
    0.9999975562095642,
    0.9999985694885254,
    0.9999985694885254,
    0.9999992251396179,
    0.9999969005584717,
    0.9999927878379822,
    0.9999908208847046,
    0.9999848008155823,
    0.9999685883522034,
    0.9999582767486572,
    0.9999545216560364,
    0.9999663233757019,
    0.9999701380729675,
    0.9999595284461975,
    0.9999667406082153,
    0.9999600648880005,
    0.9999511241912842,
    0.9999455213546753,
    0.9999350309371948,
    0.9999077916145325,
    0.9998301267623901,
    0.9997902512550354,
    0.999752938747406,
    0.9996566772460938,
    0.9995988011360168,
    0.9994214773178101,
    0.9994015097618103,
    0.9989975690841675,
    0.9981573820114136,
    0.9966341853141785,
    0.9762861132621765
  ],
  "mean_cka": 0.9990546873637608,
  "min_cka": 0.9762861132621765,
  "capability_base": 0.8666666666666667,
  "capability_trained": 0.8666666666666667,
  "capability_delta": 0.0
}