{
  "trained": "runs_relax_s1/onpolicy_kd_seed1/ckpt_100",
  "base": "google/gemma-3-4b-it",
  "tag": "relax_onpolicy_seed1",
  "mean_output_kl": 0.14265660339823136,
  "cka_per_layer": [
    0.9999997019767761,
    0.9999924302101135,
    0.9999945759773254,
    0.9999982118606567,
    0.9999983310699463,
    0.9999991655349731,
    0.9999977946281433,
    0.999998152256012,
    0.9999966025352478,
    0.999992311000824,
    0.9999883770942688,
    0.9999834299087524,
    0.9999674558639526,
    0.999962329864502,
    0.999963104724884,
    0.9999710321426392,
    0.999973714351654,
    0.9999622106552124,
    0.9999691247940063,
    0.9999626874923706,
    0.9999533295631409,
    0.9999467134475708,
    0.9999337792396545,
    0.9999107718467712,
    0.9998300075531006,
    0.9997864961624146,
    0.9997450113296509,
    0.9996548295021057,
    0.9996089935302734,
    0.9993970394134521,
    0.999386727809906,
    0.9989616870880127,
    0.998080313205719,
    0.9966907501220703,
    0.97562175989151
  ],
  "mean_cka": 0.9990336843899318,
  "min_cka": 0.97562175989151,
  "capability_base": 0.8666666666666667,
  "capability_trained": 0.8666666666666667,
  "capability_delta": 0.0
}