{
  "trained": "runs_relax12b/onpolicy_kd_seed0/ckpt_100",
  "base": "google/gemma-3-12b-it",
  "tag": "relax12b_onpolicy",
  "mean_output_kl": 0.3277306407690048,
  "cka_per_layer": [
    0.9999982118606567,
    0.9999972581863403,
    0.9999973177909851,
    0.9999998807907104,
    1.0000001192092896,
    0.9999999403953552,
    1.0,
    0.9999993443489075,
    1.000000238418579,
    0.9999987483024597,
    0.9999992251396179,
    0.9999982118606567,
    0.9999989867210388,
    0.9999991059303284,
    0.9999979138374329,
    0.999995768070221,
    0.999995231628418,
    0.9999939203262329,
    0.9999930262565613,
    0.9999843835830688,
    0.9999783039093018,
    0.9999720454216003,
    0.999966561794281,
    0.9999538064002991,
    0.999950110912323,
    0.9999464154243469,
    0.9999287128448486,
    0.9998948574066162,
    0.9998671412467957,
    0.9998293519020081,
    0.9998081922531128,
    0.9997068047523499,
    0.9996861815452576,
    0.9996623992919922,
    0.9996839761734009,
    0.9996752142906189,
    0.9996445775032043,
    0.9995545744895935,
    0.9995289444923401,
    0.99953293800354,
    0.9994615316390991,
    0.9993298649787903,
    0.9990408420562744,
    0.9989070296287537,
    0.9987581372261047,
    0.9986589550971985,
    0.9982522130012512,
    0.9954136610031128,
    0.9490859508514404
  ],
  "mean_cka": 0.9986250230244228,
  "min_cka": 0.9490859508514404,
  "capability_base": 0.8666666666666667,
  "capability_trained": 0.8666666666666667,
  "capability_delta": 0.0
}