{
  "trained": "runs_relax12b/teacher_kd_seed0/ckpt_100",
  "base": "google/gemma-3-12b-it",
  "tag": "relax12b_offpolicy",
  "mean_output_kl": 0.11968198834130397,
  "cka_per_layer": [
    0.9999979138374329,
    0.9999960660934448,
    0.9999964833259583,
    0.9999994039535522,
    1.0000004768371582,
    0.9999997019767761,
    0.9999989867210388,
    0.9999990463256836,
    0.9999993443489075,
    0.9999993443489075,
    0.9999993443489075,
    0.9999998807907104,
    0.9999987483024597,
    0.9999991655349731,
    0.9999982118606567,
    0.9999967217445374,
    0.9999950528144836,
    0.9999911785125732,
    0.9999899864196777,
    0.999984622001648,
    0.9999698400497437,
    0.9999679327011108,
    0.9999639987945557,
    0.9999498128890991,
    0.999954104423523,
    0.99995356798172,
    0.9999348521232605,
    0.9999110698699951,
    0.9998868107795715,
    0.9998648762702942,
    0.9998449683189392,
    0.9997825622558594,
    0.9997813105583191,
    0.9997556805610657,
    0.9997574687004089,
    0.999743640422821,
    0.9997174739837646,
    0.9996961355209351,
    0.9996707439422607,
    0.9996582865715027,
    0.9996107220649719,
    0.9995531439781189,
    0.9993939995765686,
    0.9992608428001404,
    0.999195396900177,
    0.9991480708122253,
    0.9987182021141052,
    0.9973941445350647,
    0.9750159978866577
  ],
  "mean_cka": 0.9992652109691075,
  "min_cka": 0.9750159978866577,
  "capability_base": 0.8666666666666667,
  "capability_trained": 0.8666666666666667,
  "capability_delta": 0.0
}