{
  "trained": "runs_relax_s1/teacher_kd_seed1/ckpt_100",
  "base": "google/gemma-3-4b-it",
  "tag": "relax_offpolicy_seed1",
  "mean_output_kl": 0.10796948053086033,
  "cka_per_layer": [
    1.0000015497207642,
    0.9999966025352478,
    0.9999973177909851,
    0.9999980330467224,
    0.9999988675117493,
    0.9999969601631165,
    0.999998152256012,
    0.9999979138374329,
    0.9999972581863403,
    0.9999934434890747,
    0.9999895691871643,
    0.9999831318855286,
    0.9999715089797974,
    0.9999665021896362,
    0.9999642372131348,
    0.9999637603759766,
    0.9999599456787109,
    0.9999537467956543,
    0.9999599456787109,
    0.9999554753303528,
    0.9999404549598694,
    0.9999299645423889,
    0.9999116659164429,
    0.9998907446861267,
    0.9998905062675476,
    0.9998694062232971,
    0.9998651742935181,
    0.999822199344635,
    0.9997883439064026,
    0.9996233582496643,
    0.9996140003204346,
    0.9995120763778687,
    0.9991773366928101,
    0.9984872937202454,
    0.9878237843513489
  ],
  "mean_cka": 0.9995082923344203,
  "min_cka": 0.9878237843513489,
  "capability_base": 0.8666666666666667,
  "capability_trained": 0.8666666666666667,
  "capability_delta": 0.0
}