{
  "trained": "runs12b_selfdistill_v2/onpolicy_kd_seed0/ckpt_100",
  "base": "google/gemma-3-12b-it",
  "tag": "sd12bv2_seed0",
  "mean_output_kl": 0.10360250188610874,
  "cka_per_layer": [
    0.9999986290931702,
    0.9999994039535522,
    0.9999991655349731,
    0.9999997019767761,
    1.000000238418579,
    1.0,
    0.9999985694885254,
    0.9999997615814209,
    0.9999996423721313,
    0.9999991655349731,
    0.9999988079071045,
    0.9999997019767761,
    0.9999994039535522,
    1.0000004768371582,
    1.0000001192092896,
    0.9999982714653015,
    0.999998927116394,
    0.9999991059303284,
    0.9999983906745911,
    0.9999983310699463,
    0.999996542930603,
    0.9999954700469971,
    0.9999939799308777,
    0.9999925494194031,
    0.9999939203262329,
    0.999992847442627,
    0.9999922513961792,
    0.9999895095825195,
    0.9999868869781494,
    0.9999828934669495,
    0.9999845623970032,
    0.999980092048645,
    0.9999799728393555,
    0.9999767541885376,
    0.9999749660491943,
    0.999971866607666,
    0.9999692440032959,
    0.999961256980896,
    0.9999567866325378,
    0.9999558329582214,
    0.9999548196792603,
    0.9999527335166931,
    0.9999452233314514,
    0.9999382495880127,
    0.9999245405197144,
    0.9999094009399414,
    0.9998525977134705,
    0.9997525811195374,
    0.9964349269866943
  ],
  "mean_cka": 0.9999036545656166,
  "min_cka": 0.9964349269866943,
  "capability_base": 0.8666666666666667,
  "capability_trained": 0.8666666666666667,
  "capability_delta": 0.0
}