{
  "trained": "runs12b_selfdistill/onpolicy_kd_seed0/ckpt_100",
  "base": "google/gemma-3-12b-it",
  "tag": "sd12b_seed0",
  "mean_output_kl": 0.2503022598819091,
  "cka_per_layer": [
    0.9999954700469971,
    0.9999979734420776,
    0.9999987483024597,
    0.9999991655349731,
    1.0000004768371582,
    1.0000005960464478,
    1.0000001192092896,
    0.9999990463256836,
    1.0000007152557373,
    0.9999999403953552,
    0.9999995827674866,
    0.9999988675117493,
    0.9999986290931702,
    1.0,
    0.9999984502792358,
    0.9999983906745911,
    0.999998152256012,
    0.9999982118606567,
    0.9999977946281433,
    0.9999943971633911,
    0.9999911785125732,
    0.9999903440475464,
    0.9999871850013733,
    0.9999799728393555,
    0.9999825954437256,
    0.9999819397926331,
    0.999980628490448,
    0.9999799132347107,
    0.9999752044677734,
    0.9999697804450989,
    0.9999667406082153,
    0.999947190284729,
    0.9999496340751648,
    0.999945878982544,
    0.9999454021453857,
    0.9999383687973022,
    0.9999303221702576,
    0.9999118447303772,
    0.9999035596847534,
    0.9999071955680847,
    0.9999009370803833,
    0.999876856803894,
    0.9998287558555603,
    0.9997479319572449,
    0.9997151494026184,
    0.9996715188026428,
    0.9994583129882812,
    0.9989243745803833,
    0.9905174374580383
  ],
  "mean_cka": 0.9997302220792187,
  "min_cka": 0.9905174374580383,
  "capability_base": 0.8666666666666667,
  "capability_trained": 0.8666666666666667,
  "capability_delta": 0.0
}