{
  "trained": "runs12b_selfdistill_v2/onpolicy_kd_seed1/ckpt_100",
  "base": "google/gemma-3-12b-it",
  "tag": "sd12bv2_seed1",
  "mean_output_kl": 0.10134172217490581,
  "cka_per_layer": [
    0.9999994039535522,
    0.9999988675117493,
    0.9999997019767761,
    0.9999994039535522,
    1.0000004768371582,
    1.000000238418579,
    0.9999989867210388,
    0.9999988079071045,
    0.9999998807907104,
    1.0000004768371582,
    1.0,
    1.0,
    0.9999996423721313,
    1.0000004768371582,
    0.9999997615814209,
    0.9999985694885254,
    0.9999985098838806,
    0.9999994039535522,
    0.9999985098838806,
    0.9999973773956299,
    0.9999953508377075,
    0.9999943971633911,
    0.9999926686286926,
    0.9999922513961792,
    0.999992847442627,
    0.9999927878379822,
    0.9999926686286926,
    0.999990701675415,
    0.9999862909317017,
    0.9999848008155823,
    0.9999854564666748,
    0.9999822378158569,
    0.999981164932251,
    0.9999781250953674,
    0.9999772310256958,
    0.9999749660491943,
    0.9999730587005615,
    0.9999663829803467,
    0.9999634623527527,
    0.9999611973762512,
    0.9999552965164185,
    0.999953031539917,
    0.9999476671218872,
    0.999940037727356,
    0.9999260902404785,
    0.9999083280563354,
    0.9998476505279541,
    0.9997382760047913,
    0.9965063333511353
  ],
  "mean_cka": 0.9999054950110766,
  "min_cka": 0.9965063333511353,
  "capability_base": 0.8666666666666667,
  "capability_trained": 0.8666666666666667,
  "capability_delta": 0.0
}