{
  "trained": "runs/teacher_kd_seed1/ckpt_010",
  "base": "google/gemma-3-4b-it",
  "tag": "teacher_kd_seed1_matched",
  "mean_output_kl": 0.012578680788954863,
  "cka_per_layer": [
    1.0000001192092896,
    0.9999991059303284,
    0.9999987483024597,
    1.0000001192092896,
    1.0000004768371582,
    0.9999995231628418,
    0.9999995231628418,
    0.9999995231628418,
    0.9999995827674866,
    0.9999980330467224,
    0.9999977350234985,
    0.999995768070221,
    0.9999902844429016,
    0.9999873638153076,
    0.9999822378158569,
    0.9999857544898987,
    0.9999876022338867,
    0.9999852180480957,
    0.9999875426292419,
    0.9999843835830688,
    0.9999790191650391,
    0.9999743700027466,
    0.9999688863754272,
    0.9999614953994751,
    0.9999575614929199,
    0.9999504089355469,
    0.9999464154243469,
    0.9999250769615173,
    0.9999135136604309,
    0.9998615384101868,
    0.9998528957366943,
    0.9998185634613037,
    0.9997264742851257,
    0.9995591044425964,
    0.998539388179779
  ],
  "mean_cka": 0.9999089530536107,
  "min_cka": 0.998539388179779,
  "capability_base": 0.8666666666666667,
  "capability_trained": 0.8666666666666667,
  "capability_delta": 0.0
}