{
  "trained": "runs/teacher_sft_seed0/ckpt_025",
  "base": "google/gemma-3-4b-it",
  "tag": "teacher_sft_seed0_matched",
  "mean_output_kl": 0.0240679615839886,
  "cka_per_layer": [
    0.9999998211860657,
    0.9999983906745911,
    0.9999982714653015,
    0.9999989867210388,
    0.9999994039535522,
    0.9999991655349731,
    0.999999463558197,
    0.9999995231628418,
    0.9999990463256836,
    0.9999966621398926,
    0.9999966621398926,
    0.9999948143959045,
    0.999988317489624,
    0.9999873042106628,
    0.9999822974205017,
    0.9999859929084778,
    0.9999849200248718,
    0.9999807476997375,
    0.9999755024909973,
    0.9999752640724182,
    0.9999723434448242,
    0.9999691247940063,
    0.9999631643295288,
    0.9999572038650513,
    0.9999545812606812,
    0.9999523758888245,
    0.9999444484710693,
    0.9999266266822815,
    0.9999107122421265,
    0.9998683929443359,
    0.9998653531074524,
    0.9998488426208496,
    0.999769389629364,
    0.9995880722999573,
    0.9940033555030823
  ],
  "mean_cka": 0.9997809869902474,
  "min_cka": 0.9940033555030823,
  "capability_base": 0.8666666666666667,
  "capability_trained": 0.8666666666666667,
  "capability_delta": 0.0
}