{
  "trained": "runs/teacher_kd_seed2/ckpt_100",
  "base": "google/gemma-3-4b-it",
  "tag": "teacher_kd_seed2_ckpt_100",
  "mean_output_kl": 0.017399497482424173,
  "cka_per_layer": [
    1.000001072883606,
    0.9999976754188538,
    0.9999979734420776,
    0.9999991059303284,
    0.9999999403953552,
    0.9999983906745911,
    0.9999992251396179,
    0.9999992251396179,
    0.9999979138374329,
    0.999995231628418,
    0.999994158744812,
    0.9999917149543762,
    0.9999848008155823,
    0.9999850392341614,
    0.999976396560669,
    0.9999780654907227,
    0.9999780058860779,
    0.999972403049469,
    0.9999769330024719,
    0.9999736547470093,
    0.9999690055847168,
    0.999965488910675,
    0.9999579787254333,
    0.9999498724937439,
    0.9999486804008484,
    0.9999462366104126,
    0.9999389052391052,
    0.9999129772186279,
    0.9998940229415894,
    0.9998244643211365,
    0.999819278717041,
    0.9997683763504028,
    0.9996156692504883,
    0.999359130859375,
    0.9974727034568787
  ],
  "mean_cka": 0.9998611348015921,
  "min_cka": 0.9974727034568787,
  "capability_base": 0.8666666666666667,
  "capability_trained": 0.8666666666666667,
  "capability_delta": 0.0
}