{
  "trained": "runs/teacher_kd_seed2/ckpt_010",
  "base": "google/gemma-3-4b-it",
  "tag": "teacher_kd_seed2_matched",
  "mean_output_kl": 0.010964726809806261,
  "cka_per_layer": [
    0.9999979734420776,
    0.9999988675117493,
    0.9999990463256836,
    0.9999992251396179,
    0.9999991059303284,
    0.9999991059303284,
    0.9999995827674866,
    0.9999991059303284,
    1.000000238418579,
    0.999998927116394,
    0.9999974370002747,
    0.9999958872795105,
    0.9999910593032837,
    0.9999905228614807,
    0.9999865293502808,
    0.9999890923500061,
    0.9999892711639404,
    0.9999856948852539,
    0.999987781047821,
    0.9999845623970032,
    0.9999813437461853,
    0.9999769926071167,
    0.9999716281890869,
    0.999967634677887,
    0.9999653100967407,
    0.9999604821205139,
    0.9999574422836304,
    0.9999420642852783,
    0.9999300837516785,
    0.9998853802680969,
    0.9998819231987,
    0.99985271692276,
    0.9997531175613403,
    0.9996029734611511,
    0.9987969994544983
  ],
  "mean_cka": 0.9999232888221741,
  "min_cka": 0.9987969994544983,
  "capability_base": 0.8666666666666667,
  "capability_trained": 0.8666666666666667,
  "capability_delta": 0.0
}