{
  "trained": "runs/teacher_sft_seed1/ckpt_010",
  "base": "google/gemma-3-4b-it",
  "tag": "teacher_sft_seed1_matched",
  "mean_output_kl": 0.016475395899480924,
  "cka_per_layer": [
    1.0,
    0.9999992251396179,
    1.0,
    0.9999993443489075,
    0.9999999403953552,
    0.9999996423721313,
    0.9999999403953552,
    0.9999992847442627,
    0.9999997019767761,
    0.999998152256012,
    0.9999967217445374,
    0.9999966025352478,
    0.9999915957450867,
    0.9999901652336121,
    0.9999861717224121,
    0.9999880790710449,
    0.9999876022338867,
    0.9999866485595703,
    0.9999892711639404,
    0.9999864101409912,
    0.9999821782112122,
    0.9999779462814331,
    0.9999710917472839,
    0.9999657869338989,
    0.9999598860740662,
    0.9999542236328125,
    0.9999472498893738,
    0.9999327659606934,
    0.9999186992645264,
    0.9998863935470581,
    0.999880850315094,
    0.9998617172241211,
    0.9997885823249817,
    0.9996909499168396,
    0.9967770576477051
  ],
  "mean_cka": 0.9998682822499957,
  "min_cka": 0.9967770576477051,
  "capability_base": 0.8666666666666667,
  "capability_trained": 0.8666666666666667,
  "capability_delta": 0.0
}