{
  "trained": "runs/teacher_sft_seed1/ckpt_100",
  "base": "google/gemma-3-4b-it",
  "tag": "teacher_sft_seed1_ckpt_100",
  "mean_output_kl": 0.029109498378462516,
  "cka_per_layer": [
    0.999999463558197,
    0.9999977946281433,
    0.999998927116394,
    0.9999988675117493,
    0.999998927116394,
    0.9999978542327881,
    0.9999979138374329,
    0.999998927116394,
    0.999998152256012,
    0.9999955296516418,
    0.9999950528144836,
    0.9999930262565613,
    0.999985933303833,
    0.999984622001648,
    0.9999780654907227,
    0.9999802708625793,
    0.9999787211418152,
    0.9999760389328003,
    0.9999790191650391,
    0.9999735355377197,
    0.9999663829803467,
    0.9999591112136841,
    0.999949038028717,
    0.9999388456344604,
    0.9999304413795471,
    0.9999176859855652,
    0.9999024868011475,
    0.999872624874115,
    0.9998448491096497,
    0.9997839331626892,
    0.9997789859771729,
    0.9997563362121582,
    0.9996391534805298,
    0.999455988407135,
    0.9931687116622925
  ],
  "mean_cka": 0.9997334633554731,
  "min_cka": 0.9931687116622925,
  "capability_base": 0.8666666666666667,
  "capability_trained": 0.8666666666666667,
  "capability_delta": 0.0
}