{
  "trained": "runs/teacher_sft_seed0/ckpt_100",
  "base": "google/gemma-3-4b-it",
  "tag": "teacher_sft_seed0_ckpt_100",
  "mean_output_kl": 0.02879675871764238,
  "cka_per_layer": [
    0.9999995827674866,
    0.9999971985816956,
    0.9999971985816956,
    0.9999988675117493,
    0.9999988675117493,
    0.9999988079071045,
    0.9999989867210388,
    0.9999991059303284,
    0.999998152256012,
    0.9999963045120239,
    0.9999955296516418,
    0.9999938011169434,
    0.9999867677688599,
    0.9999856352806091,
    0.9999799728393555,
    0.9999828338623047,
    0.9999827742576599,
    0.9999762773513794,
    0.9999718070030212,
    0.9999715685844421,
    0.9999672174453735,
    0.9999615550041199,
    0.999951958656311,
    0.9999452233314514,
    0.9999432563781738,
    0.9999396204948425,
    0.9999300837516785,
    0.9999105334281921,
    0.9998917579650879,
    0.9998348951339722,
    0.9998319745063782,
    0.9998142719268799,
    0.9997149109840393,
    0.9995389580726624,
    0.9924395680427551
  ],
  "mean_cka": 0.9997264521462577,
  "min_cka": 0.9924395680427551,
  "capability_base": 0.8666666666666667,
  "capability_trained": 0.8666666666666667,
  "capability_delta": 0.0
}