{
  "trained": "runs/teacher_kd_seed1/ckpt_100",
  "base": "google/gemma-3-4b-it",
  "tag": "teacher_kd_seed1_ckpt_100",
  "mean_output_kl": 0.01961776465535737,
  "cka_per_layer": [
    1.0000003576278687,
    0.9999968409538269,
    0.9999973773956299,
    0.9999992251396179,
    0.9999994039535522,
    0.9999980926513672,
    0.9999990463256836,
    0.9999987483024597,
    0.9999985694885254,
    0.9999943375587463,
    0.9999945759773254,
    0.9999913573265076,
    0.9999834299087524,
    0.9999822378158569,
    0.9999759793281555,
    0.9999811053276062,
    0.9999793171882629,
    0.9999758005142212,
    0.9999776482582092,
    0.9999726414680481,
    0.9999672174453735,
    0.999962568283081,
    0.9999527335166931,
    0.9999433159828186,
    0.9999368786811829,
    0.9999290108680725,
    0.999919593334198,
    0.999891996383667,
    0.9998738169670105,
    0.9997901320457458,
    0.999780535697937,
    0.9997305274009705,
    0.9995726943016052,
    0.9993278980255127,
    0.9961893558502197
  ],
  "mean_cka": 0.9998161247798375,
  "min_cka": 0.9961893558502197,
  "capability_base": 0.8666666666666667,
  "capability_trained": 0.8666666666666667,
  "capability_delta": 0.0
}