{
  "trained": "runs/teacher_kd_seed0/ckpt_100",
  "base": "google/gemma-3-4b-it",
  "tag": "teacher_kd_ckpt_100",
  "mean_output_kl": 0.02331207629937965,
  "cka_per_layer": [
    0.9999985098838806,
    0.999997079372406,
    0.9999971985816956,
    0.9999991059303284,
    0.9999987483024597,
    0.9999979138374329,
    0.9999995827674866,
    0.9999995827674866,
    0.9999984502792358,
    0.9999955296516418,
    0.9999950528144836,
    0.9999915957450867,
    0.9999856948852539,
    0.9999833106994629,
    0.9999775290489197,
    0.9999819397926331,
    0.9999801516532898,
    0.9999753832817078,
    0.9999788403511047,
    0.9999760985374451,
    0.999970018863678,
    0.9999638795852661,
    0.9999577403068542,
    0.9999500513076782,
    0.9999461770057678,
    0.9999402165412903,
    0.9999291896820068,
    0.999904453754425,
    0.9998885989189148,
    0.9998242855072021,
    0.9998209476470947,
    0.9997679591178894,
    0.9996088147163391,
    0.9993412494659424,
    0.9968336224555969
  ],
  "mean_cka": 0.9998415572302682,
  "min_cka": 0.9968336224555969,
  "capability_base": 0.8666666666666667,
  "capability_trained": 0.8666666666666667,
  "capability_delta": 0.0
}