{
  "trained": "runs/teacher_sft_seed2/ckpt_100",
  "base": "google/gemma-3-4b-it",
  "tag": "teacher_sft_seed2_ckpt_100",
  "mean_output_kl": 0.02826102896450231,
  "cka_per_layer": [
    1.0000007152557373,
    0.9999973177909851,
    0.9999982714653015,
    0.999999463558197,
    1.0000003576278687,
    0.9999986886978149,
    0.9999979734420776,
    0.9999986886978149,
    0.9999983906745911,
    0.9999963641166687,
    0.9999950528144836,
    0.9999921917915344,
    0.9999889135360718,
    0.9999869465827942,
    0.9999793767929077,
    0.9999799132347107,
    0.9999772310256958,
    0.9999730587005615,
    0.9999733567237854,
    0.9999692440032959,
    0.9999634027481079,
    0.9999570250511169,
    0.9999476075172424,
    0.99994295835495,
    0.9999357461929321,
    0.9999277591705322,
    0.9999154806137085,
    0.9998944997787476,
    0.9998754262924194,
    0.9998217821121216,
    0.9998235702514648,
    0.999803364276886,
    0.9997093081474304,
    0.9995203614234924,
    0.9927491545677185
  ],
  "mean_cka": 0.9997311132294792,
  "min_cka": 0.9927491545677185,
  "capability_base": 0.8666666666666667,
  "capability_trained": 0.8666666666666667,
  "capability_delta": 0.0
}