{
  "trained": "runs/teacher_kd_seed0/ckpt_010",
  "base": "google/gemma-3-4b-it",
  "tag": "teacher_kd_seed0_matched",
  "mean_output_kl": 0.01417265902273357,
  "cka_per_layer": [
    1.0000003576278687,
    0.9999996423721313,
    0.9999982714653015,
    0.9999995827674866,
    0.9999999403953552,
    0.9999995827674866,
    0.9999995827674866,
    1.0,
    0.9999982714653015,
    0.9999972581863403,
    0.9999974370002747,
    0.9999963045120239,
    0.9999932050704956,
    0.999990701675415,
    0.9999870657920837,
    0.9999896883964539,
    0.999990701675415,
    0.9999871253967285,
    0.9999862909317017,
    0.9999859929084778,
    0.9999818205833435,
    0.9999783635139465,
    0.9999750256538391,
    0.999970555305481,
    0.9999679923057556,
    0.999963104724884,
    0.9999589920043945,
    0.9999394416809082,
    0.999925971031189,
    0.9998820424079895,
    0.9998816847801208,
    0.9998649954795837,
    0.9997807741165161,
    0.9996211528778076,
    0.9980961680412292
  ],
  "mean_cka": 0.9999052882194519,
  "min_cka": 0.9980961680412292,
  "capability_base": 0.8666666666666667,
  "capability_trained": 0.8666666666666667,
  "capability_delta": 0.0
}