{
  "trained": "runs/teacher_sft_seed2/ckpt_025",
  "base": "google/gemma-3-4b-it",
  "tag": "teacher_sft_seed2_matched",
  "mean_output_kl": 0.024750288790808275,
  "cka_per_layer": [
    1.0000005960464478,
    0.9999983906745911,
    0.9999984502792358,
    0.9999992251396179,
    0.9999994039535522,
    0.9999983906745911,
    0.9999985694885254,
    0.9999987483024597,
    0.9999991655349731,
    0.999997079372406,
    0.9999964237213135,
    0.999994695186615,
    0.999989926815033,
    0.9999896287918091,
    0.999984860420227,
    0.9999843239784241,
    0.9999828338623047,
    0.9999788403511047,
    0.9999819397926331,
    0.999980092048645,
    0.9999746084213257,
    0.9999696016311646,
    0.9999615550041199,
    0.9999562501907349,
    0.999951183795929,
    0.9999441504478455,
    0.9999355673789978,
    0.9999148845672607,
    0.999899685382843,
    0.9998567700386047,
    0.9998548030853271,
    0.9998345375061035,
    0.999748170375824,
    0.9995957016944885,
    0.9951147437095642
  ],
  "mean_cka": 0.9998103942189898,
  "min_cka": 0.9951147437095642,
  "capability_base": 0.8666666666666667,
  "capability_trained": 0.8666666666666667,
  "capability_delta": 0.0
}