{
  "tag": "base",
  "n_families": 159,
  "n_train": 1492,
  "n_val": 798,
  "n_layers": 34,
  "offsets": [
    -2,
    -1,
    0,
    1,
    2,
    3
  ],
  "acc": {
    "-2_0": 0.6779448390007019,
    "-2_1": 0.6817042827606201,
    "-2_2": 0.6967418789863586,
    "-2_3": 0.6691729426383972,
    "-2_4": 0.6879699230194092,
    "-2_5": 0.6741854548454285,
    "-2_6": 0.6516290903091431,
    "-2_7": 0.6416040062904358,
    "-2_8": 0.640350878238678,
    "-2_9": 0.6278195381164551,
    "-2_10": 0.5964912176132202,
    "-2_11": 0.6453633904457092,
    "-2_12": 0.6152881979942322,
    "-2_13": 0.6177944540977478,
    "-2_14": 0.5927318334579468,
    "-2_15": 0.597744345664978,
    "-2_16": 0.6015037298202515,
    "-2_17": 0.6240601539611816,
    "-2_18": 0.6528822183609009,
    "-2_19": 0.6478696465492249,
    "-2_20": 0.6854636669158936,
    "-2_21": 0.695488691329956,
    "-2_22": 0.6929824352264404,
    "-2_23": 0.6766917109489441,
    "-2_24": 0.6979950070381165,
    "-2_25": 0.6967418789863586,
    "-2_26": 0.02005012519657612,
    "-2_27": 0.02005012519657612,
    "-2_28": 0.02005012519657612,
    "-2_29": 0.02005012519657612,
    "-2_30": 0.02005012519657612,
    "-2_31": 0.02005012519657612,
    "-2_32": 0.02005012519657612,
    "-2_33": 0.6817042827606201,
    "-1_0": 0.01002506259828806,
    "-1_1": 0.04511278122663498,
    "-1_2": 0.3458646535873413,
    "-1_3": 0.4661654233932495,
    "-1_4": 0.5764411091804504,
    "-1_5": 0.3558897078037262,
    "-1_6": 0.35338345170021057,
    "-1_7": 0.30451127886772156,
    "-1_8": 0.2882205545902252,
    "-1_9": 0.259398490190506,
    "-1_10": 0.30200502276420593,
    "-1_11": 0.20676691830158234,
    "-1_12": 0.21177944540977478,
    "-1_13": 0.26817041635513306,
    "-1_14": 0.25563910603523254,
    "-1_15": 0.23308271169662476,
    "-1_16": 0.2380952388048172,
    "-1_17": 0.20802004635334015,
    "-1_18": 0.3233082592487335,
    "-1_19": 0.34210526943206787,
    "-1_20": 0.3195488750934601,
    "-1_21": 0.3822055160999298,
    "-1_22": 0.4974937438964844,
    "-1_23": 0.44736841320991516,
    "-1_24": 0.4548872113227844,
    "-1_25": 0.46867167949676514,
    "-1_26": 0.5075187683105469,
    "-1_27": 0.47994986176490784,
    "-1_28": 0.02005012519657612,
    "-1_29": 0.02005012519657612,
    "-1_30": 0.02005012519657612,
    "-1_31": 0.02005012519657612,
    "-1_32": 0.02005012519657612,
    "-1_33": 0.6090225577354431,
    "0_0": 0.02130325883626938,
    "0_1": 0.01879699155688286,
    "0_2": 0.057644110172986984,
    "0_3": 0.04636591300368309,
    "0_4": 0.19799499213695526,
    "0_5": 0.09022556245326996,
    "0_6": 0.07268170267343521,
    "0_7": 0.036340851336717606,
    "0_8": 0.02631578966975212,
    "0_9": 0.033834587782621384,
    "0_10": 0.09273182600736618,
    "0_11": 0.03759398311376572,
    "0_12": 0.032581452280282974,
    "0_13": 0.04385964944958687,
    "0_14": 0.04636591300368309,
    "0_15": 0.05263157933950424,
    "0_16": 0.04511278122663498,
    "0_17": 0.055137842893600464,
    "0_18": 0.057644110172986984,
    "0_19": 0.0714285746216774,
    "0_20": 0.09774436056613922,
    "0_21": 0.1654135286808014,
    "0_22": 0.21804511547088623,
    "0_23": 0.21804511547088623,
    "0_24": 0.2130325734615326,
    "0_25": 0.2619047462940216,
    "0_26": 0.5852130055427551,
    "0_27": 0.5802004933357239,
    "0_28": 0.02005012519657612,
    "0_29": 0.02005012519657612,
    "0_30": 0.02005012519657612,
    "0_31": 0.02005012519657612,
    "0_32": 0.02005012519657612,
    "0_33": 0.5451127886772156,
    "1_0": 0.02255639061331749,
    "1_1": 0.013784460723400116,
    "1_2": 0.04636591300368309,
    "1_3": 0.08145363628864288,
    "1_4": 0.1065162867307663,
    "1_5": 0.07017543911933899,
    "1_6": 0.08771929889917374,
    "1_7": 0.09398496150970459,
    "1_8": 0.1065162867307663,
    "1_9": 0.10526315867900848,
    "1_10": 0.10025062412023544,
    "1_11": 0.09273182600736618,
    "1_12": 0.08897242695093155,
    "1_13": 0.09022556245326996,
    "1_14": 0.09774436056613922,
    "1_15": 0.12030075490474701,
    "1_16": 0.12280701845884323,
    "1_17": 0.10275689512491226,
    "1_18": 0.13784460723400116,
    "1_19": 0.12280701845884323,
    "1_20": 0.1416040062904358,
    "1_21": 0.18546365201473236,
    "1_22": 0.18295739591121674,
    "1_23": 0.2030075192451477,
    "1_24": 0.24436089396476746,
    "1_25": 0.24686716496944427,
    "1_26": 0.02005012519657612,
    "1_27": 0.02005012519657612,
    "1_28": 0.02005012519657612,
    "1_29": 0.02005012519657612,
    "1_30": 0.02005012519657612,
    "1_31": 0.02005012519657612,
    "1_32": 0.02005012519657612,
    "1_33": 0.40977442264556885,
    "2_0": 0.03759398311376572,
    "2_1": 0.057644110172986984,
    "2_2": 0.04511278122663498,
    "2_3": 0.06390977650880814,
    "2_4": 0.061403509229421616,
    "2_5": 0.06390977650880814,
    "2_6": 0.08646616339683533,
    "2_7": 0.095238097012043,
    "2_8": 0.08646616339683533,
    "2_9": 0.08771929889917374,
    "2_10": 0.08646616339683533,
    "2_11": 0.08646616339683533,
    "2_12": 0.0827067643404007,
    "2_13": 0.06516290456056595,
    "2_14": 0.06641604006290436,
    "2_15": 0.09022556245326996,
    "2_16": 0.09022556245326996,
    "2_17": 0.09774436056613922,
    "2_18": 0.09273182600736618,
    "2_19": 0.08145363628864288,
    "2_20": 0.10526315867900848,
    "2_21": 0.11528822034597397,
    "2_22": 0.11278195679187775,
    "2_23": 0.10025062412023544,
    "2_24": 0.1428571492433548,
    "2_25": 0.13909775018692017,
    "2_26": 0.02005012519657612,
    "2_27": 0.02005012519657612,
    "2_28": 0.02005012519657612,
    "2_29": 0.02005012519657612,
    "2_30": 0.02005012519657612,
    "2_31": 0.02005012519657612,
    "2_32": 0.02005012519657612,
    "2_33": 0.33959898352622986,
    "3_0": 0.04887218028306961,
    "3_1": 0.04260651767253876,
    "3_2": 0.055137842893600464,
    "3_3": 0.055137842893600464,
    "3_4": 0.05012531206011772,
    "3_5": 0.06892230361700058,
    "3_6": 0.07518796622753143,
    "3_7": 0.06641604006290436,
    "3_8": 0.07393483817577362,
    "3_9": 0.0714285746216774,
    "3_10": 0.07393483817577362,
    "3_11": 0.0714285746216774,
    "3_12": 0.08020050078630447,
    "3_13": 0.06390977650880814,
    "3_14": 0.05639097839593887,
    "3_15": 0.07393483817577362,
    "3_16": 0.09398496150970459,
    "3_17": 0.08771929889917374,
    "3_18": 0.0827067643404007,
    "3_19": 0.07894736528396606,
    "3_20": 0.07769423723220825,
    "3_21": 0.07769423723220825,
    "3_22": 0.10025062412023544,
    "3_23": 0.08897242695093155,
    "3_24": 0.1077694222331047,
    "3_25": 0.2719298303127289,
    "3_26": 0.02005012519657612,
    "3_27": 0.02005012519657612,
    "3_28": 0.02005012519657612,
    "3_29": 0.02005012519657612,
    "3_30": 0.02005012519657612,
    "3_31": 0.02005012519657612,
    "3_32": 0.02005012519657612,
    "3_33": 0.47117793560028076
  },
  "shuffle_control": {
    "-2_17": 0.027568921446800232,
    "-1_17": 0.016290726140141487,
    "0_17": 0.02255639061331749,
    "1_17": 0.028822055086493492,
    "2_17": 0.02130325883626938,
    "3_17": 0.028822055086493492
  },
  "peak_acc_by_offset": {
    "-2": 0.6979950070381165,
    "-1": 0.6090225577354431,
    "0": 0.5852130055427551,
    "1": 0.40977442264556885,
    "2": 0.33959898352622986,
    "3": 0.47117793560028076
  },
  "delta_newline": 0.565162880346179,
  "delta_newline_layer": 26
}