{
  "tag": "base12b",
  "n_families": 122,
  "n_train": 1190,
  "n_val": 597,
  "n_layers": 48,
  "offsets": [
    -2,
    -1,
    0,
    1,
    2,
    3
  ],
  "acc": {
    "-2_0": 0.7922948002815247,
    "-2_1": 0.8090451955795288,
    "-2_2": 0.7989949584007263,
    "-2_3": 0.8023450374603271,
    "-2_4": 0.7922948002815247,
    "-2_5": 0.7755444049835205,
    "-2_6": 0.7805694937705994,
    "-2_7": 0.7370184063911438,
    "-2_8": 0.7085427045822144,
    "-2_9": 0.733668327331543,
    "-2_10": 0.7822445631027222,
    "-2_11": 0.7169179320335388,
    "-2_12": 0.7420435547828674,
    "-2_13": 0.6984924674034119,
    "-2_14": 0.6683416962623596,
    "-2_15": 0.7453936338424683,
    "-2_16": 0.7236180901527405,
    "-2_17": 0.7118927836418152,
    "-2_18": 0.6968173980712891,
    "-2_19": 0.7051926255226135,
    "-2_20": 0.6884422302246094,
    "-2_21": 0.6398659944534302,
    "-2_22": 0.5862646698951721,
    "-2_23": 0.7051926255226135,
    "-2_24": 0.018425460904836655,
    "-2_25": 0.018425460904836655,
    "-2_26": 0.018425460904836655,
    "-2_27": 0.018425460904836655,
    "-2_28": 0.018425460904836655,
    "-2_29": 0.018425460904836655,
    "-2_30": 0.018425460904836655,
    "-2_31": 0.018425460904836655,
    "-2_32": 0.018425460904836655,
    "-2_33": 0.018425460904836655,
    "-2_34": 0.018425460904836655,
    "-2_35": 0.018425460904836655,
    "-2_36": 0.018425460904836655,
    "-2_37": 0.018425460904836655,
    "-2_38": 0.018425460904836655,
    "-2_39": 0.018425460904836655,
    "-2_40": 0.018425460904836655,
    "-2_41": 0.018425460904836655,
    "-2_42": 0.018425460904836655,
    "-2_43": 0.018425460904836655,
    "-2_44": 0.018425460904836655,
    "-2_45": 0.018425460904836655,
    "-2_46": 0.018425460904836655,
    "-2_47": 0.7973199486732483,
    "-1_0": 0.035175878554582596,
    "-1_1": 0.03685092180967331,
    "-1_2": 0.4656616449356079,
    "-1_3": 0.623115599155426,
    "-1_4": 0.5510887503623962,
    "-1_5": 0.4673366844654083,
    "-1_6": 0.5795645117759705,
    "-1_7": 0.5979899168014526,
    "-1_8": 0.552763819694519,
    "-1_9": 0.5159128904342651,
    "-1_10": 0.45728641748428345,
    "-1_11": 0.3902847468852997,
    "-1_12": 0.3785594701766968,
    "-1_13": 0.3819095492362976,
    "-1_14": 0.31658291816711426,
    "-1_15": 0.2964824140071869,
    "-1_16": 0.4907872676849365,
    "-1_17": 0.37520939111709595,
    "-1_18": 0.30318257212638855,
    "-1_19": 0.28140702843666077,
    "-1_20": 0.35175877809524536,
    "-1_21": 0.3082076907157898,
    "-1_22": 0.3065326511859894,
    "-1_23": 0.27805694937705994,
    "-1_24": 0.30485761165618896,
    "-1_25": 0.3936348259449005,
    "-1_26": 0.4974874258041382,
    "-1_27": 0.5041875839233398,
    "-1_28": 0.6733668446540833,
    "-1_29": 0.661641538143158,
    "-1_30": 0.018425460904836655,
    "-1_31": 0.018425460904836655,
    "-1_32": 0.018425460904836655,
    "-1_33": 0.018425460904836655,
    "-1_34": 0.018425460904836655,
    "-1_35": 0.018425460904836655,
    "-1_36": 0.018425460904836655,
    "-1_37": 0.018425460904836655,
    "-1_38": 0.018425460904836655,
    "-1_39": 0.018425460904836655,
    "-1_40": 0.018425460904836655,
    "-1_41": 0.018425460904836655,
    "-1_42": 0.018425460904836655,
    "-1_43": 0.018425460904836655,
    "-1_44": 0.018425460904836655,
    "-1_45": 0.018425460904836655,
    "-1_46": 0.018425460904836655,
    "-1_47": 0.7068676352500916,
    "0_0": 0.0016750418581068516,
    "0_1": 0.0016750418581068516,
    "0_2": 0.03685092180967331,
    "0_3": 0.030150752514600754,
    "0_4": 0.023450586944818497,
    "0_5": 0.055276382714509964,
    "0_6": 0.05192629620432854,
    "0_7": 0.05025125667452812,
    "0_8": 0.08207704871892929,
    "0_9": 0.1440535932779312,
    "0_10": 0.09045226126909256,
    "0_11": 0.08710217475891113,
    "0_12": 0.07035175710916519,
    "0_13": 0.07872696965932846,
    "0_14": 0.04020100459456444,
    "0_15": 0.021775543689727783,
    "0_16": 0.26800668239593506,
    "0_17": 0.19765493273735046,
    "0_18": 0.07370184361934662,
    "0_19": 0.15912897884845734,
    "0_20": 0.12562814354896545,
    "0_21": 0.11222780495882034,
    "0_22": 0.1072026789188385,
    "0_23": 0.09715242683887482,
    "0_24": 0.055276382714509964,
    "0_25": 0.018425460904836655,
    "0_26": 0.018425460904836655,
    "0_27": 0.018425460904836655,
    "0_28": 0.018425460904836655,
    "0_29": 0.018425460904836655,
    "0_30": 0.018425460904836655,
    "0_31": 0.018425460904836655,
    "0_32": 0.018425460904836655,
    "0_33": 0.018425460904836655,
    "0_34": 0.018425460904836655,
    "0_35": 0.018425460904836655,
    "0_36": 0.018425460904836655,
    "0_37": 0.018425460904836655,
    "0_38": 0.018425460904836655,
    "0_39": 0.018425460904836655,
    "0_40": 0.018425460904836655,
    "0_41": 0.018425460904836655,
    "0_42": 0.018425460904836655,
    "0_43": 0.018425460904836655,
    "0_44": 0.018425460904836655,
    "0_45": 0.018425460904836655,
    "0_46": 0.018425460904836655,
    "0_47": 0.7102177739143372,
    "1_0": 0.01675041764974594,
    "1_1": 0.02847571112215519,
    "1_2": 0.10887771844863892,
    "1_3": 0.07370184361934662,
    "1_4": 0.08542713522911072,
    "1_5": 0.06365159153938293,
    "1_6": 0.08877722173929214,
    "1_7": 0.08710217475891113,
    "1_8": 0.11222780495882034,
    "1_9": 0.1072026789188385,
    "1_10": 0.18257956206798553,
    "1_11": 0.15745393931865692,
    "1_12": 0.15075376629829407,
    "1_13": 0.12730318307876587,
    "1_14": 0.12730318307876587,
    "1_15": 0.12060301005840302,
    "1_16": 0.14070351421833038,
    "1_17": 0.10385259240865707,
    "1_18": 0.12060301005840302,
    "1_19": 0.11222780495882034,
    "1_20": 0.10552763938903809,
    "1_21": 0.11055276542901993,
    "1_22": 0.11055276542901993,
    "1_23": 0.11055276542901993,
    "1_24": 0.018425460904836655,
    "1_25": 0.018425460904836655,
    "1_26": 0.018425460904836655,
    "1_27": 0.018425460904836655,
    "1_28": 0.018425460904836655,
    "1_29": 0.018425460904836655,
    "1_30": 0.018425460904836655,
    "1_31": 0.018425460904836655,
    "1_32": 0.018425460904836655,
    "1_33": 0.018425460904836655,
    "1_34": 0.018425460904836655,
    "1_35": 0.018425460904836655,
    "1_36": 0.018425460904836655,
    "1_37": 0.018425460904836655,
    "1_38": 0.018425460904836655,
    "1_39": 0.018425460904836655,
    "1_40": 0.018425460904836655,
    "1_41": 0.018425460904836655,
    "1_42": 0.018425460904836655,
    "1_43": 0.018425460904836655,
    "1_44": 0.018425460904836655,
    "1_45": 0.018425460904836655,
    "1_46": 0.018425460904836655,
    "1_47": 0.5829145908355713,
    "2_0": 0.06365159153938293,
    "2_1": 0.06532663106918335,
    "2_2": 0.08542713522911072,
    "2_3": 0.06700167059898376,
    "2_4": 0.07035175710916519,
    "2_5": 0.08040200918912888,
    "2_6": 0.07705192267894745,
    "2_7": 0.12060301005840302,
    "2_8": 0.11055276542901993,
    "2_9": 0.09045226126909256,
    "2_10": 0.11725293099880219,
    "2_11": 0.09882746636867523,
    "2_12": 0.11055276542901993,
    "2_13": 0.09380234777927399,
    "2_14": 0.09380234777927399,
    "2_15": 0.0837520956993103,
    "2_16": 0.11222780495882034,
    "2_17": 0.10385259240865707,
    "2_18": 0.10050251334905624,
    "2_19": 0.09882746636867523,
    "2_20": 0.08040200918912888,
    "2_21": 0.09715242683887482,
    "2_22": 0.09212730079889297,
    "2_23": 0.018425460904836655,
    "2_24": 0.018425460904836655,
    "2_25": 0.018425460904836655,
    "2_26": 0.018425460904836655,
    "2_27": 0.018425460904836655,
    "2_28": 0.018425460904836655,
    "2_29": 0.018425460904836655,
    "2_30": 0.018425460904836655,
    "2_31": 0.018425460904836655,
    "2_32": 0.018425460904836655,
    "2_33": 0.018425460904836655,
    "2_34": 0.018425460904836655,
    "2_35": 0.018425460904836655,
    "2_36": 0.018425460904836655,
    "2_37": 0.018425460904836655,
    "2_38": 0.018425460904836655,
    "2_39": 0.018425460904836655,
    "2_40": 0.018425460904836655,
    "2_41": 0.018425460904836655,