{
  "tag": "base",
  "n_families": 159,
  "n_train": 1492,
  "n_val": 798,
  "n_layers": 34,
  "offsets": [
    -2,
    -1,
    0,
    1,
    2,
    3
  ],
  "acc": {
    "-2_0": 0.6817042827606201,
    "-2_1": 0.6804510951042175,
    "-2_2": 0.6854636669158936,
    "-2_3": 0.6791979670524597,
    "-2_4": 0.6791979670524597,
    "-2_5": 0.6616541147232056,
    "-2_6": 0.640350878238678,
    "-2_7": 0.6365914940834045,
    "-2_8": 0.6503759622573853,
    "-2_9": 0.6453633904457092,
    "-2_10": 0.6152881979942322,
    "-2_11": 0.6152881979942322,
    "-2_12": 0.6278195381164551,
    "-2_13": 0.6203007698059082,
    "-2_14": 0.6328320503234863,
    "-2_15": 0.6152881979942322,
    "-2_16": 0.6052631735801697,
    "-2_17": 0.6290726661682129,
    "-2_18": 0.6503759622573853,
    "-2_19": 0.6679198145866394,
    "-2_20": 0.6679198145866394,
    "-2_21": 0.6679198145866394,
    "-2_22": 0.6904761791229248,
    "-2_23": 0.6867167949676514,
    "-2_24": 0.689223051071167,
    "-2_25": 0.6979950070381165,
    "-2_26": 0.02005012519657612,
    "-2_27": 0.02005012519657612,
    "-2_28": 0.02005012519657612,
    "-2_29": 0.02005012519657612,
    "-2_30": 0.02005012519657612,
    "-2_31": 0.02005012519657612,
    "-2_32": 0.02005012519657612,
    "-2_33": 0.6791979670524597,
    "-1_0": 0.028822055086493492,
    "-1_1": 0.04511278122663498,
    "-1_2": 0.37719297409057617,
    "-1_3": 0.5288220643997192,
    "-1_4": 0.5939849615097046,
    "-1_5": 0.4072681665420532,
    "-1_6": 0.3796992599964142,
    "-1_7": 0.32456138730049133,
    "-1_8": 0.26691728830337524,
    "-1_9": 0.2506265640258789,
    "-1_10": 0.308270663022995,
    "-1_11": 0.22055137157440186,
    "-1_12": 0.20426064729690552,
    "-1_13": 0.24561403691768646,
    "-1_14": 0.25438597798347473,
    "-1_15": 0.22055137157440186,
    "-1_16": 0.2255639135837555,
    "-1_17": 0.2606516182422638,
    "-1_18": 0.3458646535873413,
    "-1_19": 0.3120300769805908,
    "-1_20": 0.3095238208770752,
    "-1_21": 0.4022556245326996,
    "-1_22": 0.48120301961898804,
    "-1_23": 0.45864662528038025,
    "-1_24": 0.4674185514450073,
    "-1_25": 0.48120301961898804,
    "-1_26": 0.45989975333213806,
    "-1_27": 0.49373432993888855,
    "-1_28": 0.02005012519657612,
    "-1_29": 0.02005012519657612,
    "-1_30": 0.02005012519657612,
    "-1_31": 0.02005012519657612,
    "-1_32": 0.02005012519657612,
    "-1_33": 0.591478705406189,
    "0_0": 0.02255639061331749,
    "0_1": 0.0,
    "0_2": 0.05388471111655235,
    "0_3": 0.07017543911933899,
    "0_4": 0.2869674265384674,
    "0_5": 0.15914787352085114,
    "0_6": 0.0476190485060215,
    "0_7": 0.061403509229421616,
    "0_8": 0.06265664100646973,
    "0_9": 0.04385964944958687,
    "0_10": 0.08897242695093155,
    "0_11": 0.05012531206011772,
    "0_12": 0.028822055086493492,
    "0_13": 0.03759398311376572,
    "0_14": 0.055137842893600464,
    "0_15": 0.04385964944958687,
    "0_16": 0.055137842893600464,
    "0_17": 0.05137844756245613,
    "0_18": 0.07017543911933899,
    "0_19": 0.05388471111655235,
    "0_20": 0.13283208012580872,
    "0_21": 0.13408520817756653,
    "0_22": 0.22180451452732086,
    "0_23": 0.19548872113227844,
    "0_24": 0.2155388444662094,
    "0_25": 0.27944862842559814,
    "0_26": 0.5476190447807312,
    "0_27": 0.5839598774909973,
    "0_28": 0.02005012519657612,
    "0_29": 0.02005012519657612,
    "0_30": 0.02005012519657612,
    "0_31": 0.02005012519657612,
    "0_32": 0.02005012519657612,
    "0_33": 0.5526315569877625,
    "1_0": 0.017543859779834747,
    "1_1": 0.02380952425301075,
    "1_2": 0.030075188726186752,
    "1_3": 0.08145363628864288,
    "1_4": 0.12155388295650482,
    "1_5": 0.0827067643404007,
    "1_6": 0.09273182600736618,
    "1_7": 0.095238097012043,
    "1_8": 0.10526315867900848,
    "1_9": 0.11779448390007019,
    "1_10": 0.11278195679187775,
    "1_11": 0.09273182600736618,
    "1_12": 0.09147869795560837,
    "1_13": 0.09398496150970459,
    "1_14": 0.11278195679187775,
    "1_15": 0.1190476194024086,
    "1_16": 0.1303258091211319,
    "1_17": 0.09273182600736618,
    "1_18": 0.13533835113048553,
    "1_19": 0.11528822034597397,
    "1_20": 0.13533835113048553,
    "1_21": 0.16416040062904358,
    "1_22": 0.21929824352264404,
    "1_23": 0.17418546974658966,
    "1_24": 0.2268170416355133,
    "1_25": 0.23558896780014038,
    "1_26": 0.02005012519657612,
    "1_27": 0.02005012519657612,
    "1_28": 0.02005012519657612,
    "1_29": 0.02005012519657612,
    "1_30": 0.02005012519657612,
    "1_31": 0.02005012519657612,
    "1_32": 0.02005012519657612,
    "1_33": 0.42230576276779175,
    "2_0": 0.04636591300368309,
    "2_1": 0.04887218028306961,
    "2_2": 0.05012531206011772,
    "2_3": 0.06766917556524277,
    "2_4": 0.06516290456056595,
    "2_5": 0.06892230361700058,
    "2_6": 0.08020050078630447,
    "2_7": 0.08521303534507751,
    "2_8": 0.0839598998427391,
    "2_9": 0.10401002317667007,
    "2_10": 0.0827067643404007,
    "2_11": 0.09022556245326996,
    "2_12": 0.07518796622753143,
    "2_13": 0.0714285746216774,
    "2_14": 0.07017543911933899,
    "2_15": 0.09398496150970459,
    "2_16": 0.0839598998427391,
    "2_17": 0.09273182600736618,
    "2_18": 0.08771929889917374,
    "2_19": 0.0827067643404007,
    "2_20": 0.09649122506380081,
    "2_21": 0.10902255773544312,
    "2_22": 0.09774436056613922,
    "2_23": 0.11654135584831238,
    "2_24": 0.1416040062904358,
    "2_25": 0.15789473056793213,
    "2_26": 0.02005012519657612,
    "2_27": 0.02005012519657612,
    "2_28": 0.02005012519657612,
    "2_29": 0.02005012519657612,
    "2_30": 0.02005012519657612,
    "2_31": 0.02005012519657612,
    "2_32": 0.02005012519657612,
    "2_33": 0.34210526943206787,
    "3_0": 0.04887218028306961,
    "3_1": 0.0476190485060215,
    "3_2": 0.04511278122663498,
    "3_3": 0.04887218028306961,
    "3_4": 0.07017543911933899,
    "3_5": 0.0476190485060215,
    "3_6": 0.06390977650880814,
    "3_7": 0.061403509229421616,
    "3_8": 0.07644110172986984,
    "3_9": 0.06766917556524277,
    "3_10": 0.07017543911933899,
    "3_11": 0.07268170267343521,
    "3_12": 0.07017543911933899,
    "3_13": 0.07017543911933899,
    "3_14": 0.0827067643404007,
    "3_15": 0.06892230361700058,
    "3_16": 0.0827067643404007,
    "3_17": 0.08521303534507751,
    "3_18": 0.06516290456056595,
    "3_19": 0.08020050078630447,
    "3_20": 0.07518796622753143,
    "3_21": 0.08145363628864288,
    "3_22": 0.09398496150970459,
    "3_23": 0.07393483817577362,
    "3_24": 0.1077694222331047,
    "3_25": 0.25814536213874817,
    "3_26": 0.02005012519657612,
    "3_27": 0.02005012519657612,
    "3_28": 0.02005012519657612,
    "3_29": 0.02005012519657612,
    "3_30": 0.02005012519657612,
    "3_31": 0.02005012519657612,
    "3_32": 0.02005012519657612,
    "3_33": 0.4774436056613922
  },
  "shuffle_control": {
    "-2_17": 0.027568921446800232,
    "-1_17": 0.02506265603005886,
    "0_17": 0.015037594363093376,
    "1_17": 0.02005012519657612,
    "2_17": 0.01879699155688286,
    "3_17": 0.02005012519657612
  },
  "peak_acc_by_offset": {
    "-2": 0.6979950070381165,
    "-1": 0.5939849615097046,
    "0": 0.5839598774909973,
    "1": 0.42230576276779175,
    "2": 0.34210526943206787,
    "3": 0.4774436056613922
  },
  "delta_newline": 0.5639097522944212,
  "delta_newline_layer": 27
}