{
  "tag": "corpus_sft_seed0_ckpt_100",
  "n_families": 54,
  "n_train": 1500,
  "n_val": 800,
  "n_layers": 34,
  "offsets": [
    -2,
    -1,
    0,
    1,
    2,
    3
  ],
  "acc": {
    "-2_0": 0.9562499523162842,
    "-2_1": 0.95374995470047,
    "-2_2": 0.95374995470047,
    "-2_3": 0.9462499618530273,
    "-2_4": 0.9462499618530273,
    "-2_5": 0.9024999737739563,
    "-2_6": 0.9037500023841858,
    "-2_7": 0.9174999594688416,
    "-2_8": 0.9137499928474426,
    "-2_9": 0.9199999570846558,
    "-2_10": 0.9037500023841858,
    "-2_11": 0.9300000071525574,
    "-2_12": 0.9137499928474426,
    "-2_13": 0.8412500023841858,
    "-2_14": 0.8612499833106995,
    "-2_15": 0.875,
    "-2_16": 0.8387500047683716,
    "-2_17": 0.8899999856948853,
    "-2_18": 0.96875,
    "-2_19": 0.9624999761581421,
    "-2_20": 0.9774999618530273,
    "-2_21": 0.96875,
    "-2_22": 0.9724999666213989,
    "-2_23": 0.9774999618530273,
    "-2_24": 0.9774999618530273,
    "-2_25": 0.9774999618530273,
    "-2_26": 0.019999999552965164,
    "-2_27": 0.019999999552965164,
    "-2_28": 0.019999999552965164,
    "-2_29": 0.019999999552965164,
    "-2_30": 0.019999999552965164,
    "-2_31": 0.019999999552965164,
    "-2_32": 0.019999999552965164,
    "-2_33": 0.9774999618530273,
    "-1_0": 0.08249999582767487,
    "-1_1": 0.07999999821186066,
    "-1_2": 0.461249977350235,
    "-1_3": 0.6962499618530273,
    "-1_4": 0.7387499809265137,
    "-1_5": 0.53125,
    "-1_6": 0.45124998688697815,
    "-1_7": 0.4287499785423279,
    "-1_8": 0.35624998807907104,
    "-1_9": 0.36124998331069946,
    "-1_10": 0.4375,
    "-1_11": 0.30124998092651367,
    "-1_12": 0.23499999940395355,
    "-1_13": 0.19624999165534973,
    "-1_14": 0.14624999463558197,
    "-1_15": 0.13249999284744263,
    "-1_16": 0.11499999463558197,
    "-1_17": 0.0925000011920929,
    "-1_18": 0.14000000059604645,
    "-1_19": 0.13625000417232513,
    "-1_20": 0.08624999970197678,
    "-1_21": 0.08500000089406967,
    "-1_22": 0.5062499642372131,
    "-1_23": 0.2887499928474426,
    "-1_24": 0.28999999165534973,
    "-1_25": 0.33249998092651367,
    "-1_26": 0.2824999988079071,
    "-1_27": 0.5299999713897705,
    "-1_28": 0.019999999552965164,
    "-1_29": 0.019999999552965164,
    "-1_30": 0.019999999552965164,
    "-1_31": 0.019999999552965164,
    "-1_32": 0.019999999552965164,
    "-1_33": 0.84375,
    "0_0": 0.03374999761581421,
    "0_1": 0.03500000014901161,
    "0_2": 0.1512499898672104,
    "0_3": 0.11625000089406967,
    "0_4": 0.4375,
    "0_5": 0.19499999284744263,
    "0_6": 0.042500000447034836,
    "0_7": 0.06749999523162842,
    "0_8": 0.0625,
    "0_9": 0.06624999642372131,
    "0_10": 0.12999999523162842,
    "0_11": 0.07999999821186066,
    "0_12": 0.04874999821186066,
    "0_13": 0.027499999850988388,
    "0_14": 0.0612499974668026,
    "0_15": 0.036249998956918716,
    "0_16": 0.027499999850988388,
    "0_17": 0.03749999776482582,
    "0_18": 0.027499999850988388,
    "0_19": 0.06875000149011612,
    "0_20": 0.019999999552965164,
    "0_21": 0.042500000447034836,
    "0_22": 0.028749998658895493,
    "0_23": 0.02499999850988388,
    "0_24": 0.019999999552965164,
    "0_25": 0.03999999910593033,
    "0_26": 0.042500000447034836,
    "0_27": 0.06499999761581421,
    "0_28": 0.05249999836087227,
    "0_29": 0.019999999552965164,
    "0_30": 0.027499999850988388,
    "0_31": 0.019999999552965164,
    "0_32": 0.019999999552965164,
    "0_33": 0.022499999031424522,
    "1_0": 0.03374999761581421,
    "1_1": 0.0024999999441206455,
    "1_2": 0.04874999821186066,
    "1_3": 0.07999999821186066,
    "1_4": 0.04999999701976776,
    "1_5": 0.07249999791383743,
    "1_6": 0.08749999850988388,
    "1_7": 0.07750000059604645,
    "1_8": 0.057499997317790985,
    "1_9": 0.08374999463558197,
    "1_10": 0.07750000059604645,
    "1_11": 0.051249999552965164,
    "1_12": 0.054999999701976776,
    "1_13": 0.02499999850988388,
    "1_14": 0.05874999985098839,
    "1_15": 0.042500000447034836,
    "1_16": 0.03999999910593033,
    "1_17": 0.017500000074505806,
    "1_18": 0.036249998956918716,
    "1_19": 0.013749999925494194,
    "1_20": 0.03500000014901161,
    "1_21": 0.027499999850988388,
    "1_22": 0.021250000223517418,
    "1_23": 0.02499999850988388,
    "1_24": 0.03500000014901161,
    "1_25": 0.022499999031424522,
    "1_26": 0.00624999962747097,
    "1_27": 0.07625000178813934,
    "1_28": 0.019999999552965164,
    "1_29": 0.019999999552965164,
    "1_30": 0.019999999552965164,
    "1_31": 0.019999999552965164,
    "1_32": 0.019999999552965164,
    "1_33": 0.06749999523162842,
    "2_0": 0.026249999180436134,
    "2_1": 0.023749999701976776,
    "2_2": 0.023749999701976776,
    "2_3": 0.029999999329447746,
    "2_4": 0.036249998956918716,
    "2_5": 0.042500000447034836,
    "2_6": 0.0637499988079071,
    "2_7": 0.05999999865889549,
    "2_8": 0.057499997317790985,
    "2_9": 0.06624999642372131,
    "2_10": 0.06749999523162842,
    "2_11": 0.07124999910593033,
    "2_12": 0.06499999761581421,
    "2_13": 0.07750000059604645,
    "2_14": 0.0612499974668026,
    "2_15": 0.038750000298023224,
    "2_16": 0.027499999850988388,
    "2_17": 0.01874999888241291,
    "2_18": 0.026249999180436134,
    "2_19": 0.021250000223517418,
    "2_20": 0.03500000014901161,
    "2_21": 0.027499999850988388,
    "2_22": 0.028749998658895493,
    "2_23": 0.04625000059604645,
    "2_24": 0.03125,
    "2_25": 0.02499999850988388,
    "2_26": 0.023749999701976776,
    "2_27": 0.026249999180436134,
    "2_28": 0.019999999552965164,
    "2_29": 0.019999999552965164,
    "2_30": 0.019999999552965164,
    "2_31": 0.019999999552965164,
    "2_32": 0.019999999552965164,
    "2_33": 0.044999998062849045,
    "3_0": 0.03125,
    "3_1": 0.036249998956918716,
    "3_2": 0.026249999180436134,
    "3_3": 0.03749999776482582,
    "3_4": 0.023749999701976776,
    "3_5": 0.029999999329447746,
    "3_6": 0.04874999821186066,
    "3_7": 0.04625000059604645,
    "3_8": 0.042500000447034836,
    "3_9": 0.06499999761581421,
    "3_10": 0.03749999776482582,
    "3_11": 0.04874999821186066,
    "3_12": 0.03374999761581421,
    "3_13": 0.04374999925494194,
    "3_14": 0.042500000447034836,
    "3_15": 0.05874999985098839,
    "3_16": 0.032499998807907104,
    "3_17": 0.014999999664723873,
    "3_18": 0.03500000014901161,
    "3_19": 0.032499998807907104,
    "3_20": 0.017500000074505806,
    "3_21": 0.044999998062849045,
    "3_22": 0.0024999999441206455,
    "3_23": 0.026249999180436134,
    "3_24": 0.008750000037252903,
    "3_25": 0.026249999180436134,
    "3_26": 0.032499998807907104,
    "3_27": 0.03500000014901161,
    "3_28": 0.019999999552965164,
    "3_29": 0.019999999552965164,
    "3_30": 0.017500000074505806,
    "3_31": 0.019999999552965164,
    "3_32": 0.019999999552965164,
    "3_33": 0.09749999642372131
  },
  "shuffle_control": {
    "-2_17": 0.026249999180436134,
    "-1_17": 0.021250000223517418,
    "0_17": 0.028749998658895493,
    "1_17": 0.036249998956918716,
    "2_17": 0.022499999031424522,
    "3_17": 0.019999999552965164
  },
  "peak_acc_by_offset": {
    "-2": 0.9774999618530273,
    "-1": 0.84375,
    "0": 0.4375,
    "1": 0.08749999850988388,
    "2": 0.07750000059604645,
    "3": 0.09749999642372131
  },
  "delta_newline": 0.38750000298023224,
  "delta_newline_layer": 4
}