{
  "tag": "corpus_sft12b_seed0",
  "n_families": 47,
  "n_train": 997,
  "n_val": 498,
  "n_layers": 48,
  "offsets": [
    -2,
    -1,
    0,
    1,
    2,
    3
  ],
  "acc": {
    "-2_0": 0.9297188520431519,
    "-2_1": 0.9136545658111572,
    "-2_2": 0.9257027506828308,
    "-2_3": 0.9156626462936401,
    "-2_4": 0.8855421543121338,
    "-2_5": 0.9116465449333191,
    "-2_6": 0.9136545658111572,
    "-2_7": 0.8634538054466248,
    "-2_8": 0.8373493552207947,
    "-2_9": 0.845381498336792,
    "-2_10": 0.8293172121047974,
    "-2_11": 0.8855421543121338,
    "-2_12": 0.7971886992454529,
    "-2_13": 0.823293149471283,
    "-2_14": 0.8514056205749512,
    "-2_15": 0.9076305031776428,
    "-2_16": 0.9236947298049927,
    "-2_17": 0.8433734774589539,
    "-2_18": 0.8333333134651184,
    "-2_19": 0.8714858889579773,
    "-2_20": 0.8172690272331238,
    "-2_21": 0.8333333134651184,
    "-2_22": 0.8393573760986328,
    "-2_23": 0.7911646366119385,
    "-2_24": 0.7991967797279358,
    "-2_25": 0.9196786880493164,
    "-2_26": 0.93172687292099,
    "-2_27": 0.01606425642967224,
    "-2_28": 0.01606425642967224,
    "-2_29": 0.01606425642967224,
    "-2_30": 0.01606425642967224,
    "-2_31": 0.01606425642967224,
    "-2_32": 0.01606425642967224,
    "-2_33": 0.01606425642967224,
    "-2_34": 0.01606425642967224,
    "-2_35": 0.01606425642967224,
    "-2_36": 0.01606425642967224,
    "-2_37": 0.01606425642967224,
    "-2_38": 0.01606425642967224,
    "-2_39": 0.01606425642967224,
    "-2_40": 0.01606425642967224,
    "-2_41": 0.01606425642967224,
    "-2_42": 0.01606425642967224,
    "-2_43": 0.01606425642967224,
    "-2_44": 0.01606425642967224,
    "-2_45": 0.01606425642967224,
    "-2_46": 0.01606425642967224,
    "-2_47": 0.9859437346458435,
    "-1_0": 0.060240961611270905,
    "-1_1": 0.12449798732995987,
    "-1_2": 0.4277108311653137,
    "-1_3": 0.6626505851745605,
    "-1_4": 0.6666666269302368,
    "-1_5": 0.518072247505188,
    "-1_6": 0.6445782780647278,
    "-1_7": 0.6405622363090515,
    "-1_8": 0.608433723449707,
    "-1_9": 0.5240963697433472,
    "-1_10": 0.4859437644481659,
    "-1_11": 0.4136545956134796,
    "-1_12": 0.4076305031776428,
    "-1_13": 0.379518061876297,
    "-1_14": 0.3775100111961365,
    "-1_15": 0.3253012001514435,
    "-1_16": 0.6767067909240723,
    "-1_17": 0.5281124114990234,
    "-1_18": 0.36947789788246155,
    "-1_19": 0.3995983898639679,
    "-1_20": 0.4277108311653137,
    "-1_21": 0.4136545956134796,
    "-1_22": 0.3132529854774475,
    "-1_23": 0.2469879388809204,
    "-1_24": 0.2469879388809204,
    "-1_25": 0.01606425642967224,
    "-1_26": 0.01606425642967224,
    "-1_27": 0.01606425642967224,
    "-1_28": 0.01606425642967224,
    "-1_29": 0.01606425642967224,
    "-1_30": 0.49598392844200134,
    "-1_31": 0.5783132314682007,
    "-1_32": 0.5602409243583679,
    "-1_33": 0.01606425642967224,
    "-1_34": 0.01606425642967224,
    "-1_35": 0.01606425642967224,
    "-1_36": 0.01606425642967224,
    "-1_37": 0.01606425642967224,
    "-1_38": 0.01606425642967224,
    "-1_39": 0.01606425642967224,
    "-1_40": 0.01606425642967224,
    "-1_41": 0.01606425642967224,
    "-1_42": 0.01606425642967224,
    "-1_43": 0.01606425642967224,
    "-1_44": 0.01606425642967224,
    "-1_45": 0.01606425642967224,
    "-1_46": 0.01606425642967224,
    "-1_47": 0.5662650465965271,
    "0_0": 0.0200803205370903,
    "0_1": 0.026104416698217392,
    "0_2": 0.03212851285934448,
    "0_3": 0.04216867312788963,
    "0_4": 0.04417670518159866,
    "0_5": 0.050200801342725754,
    "0_6": 0.09236947447061539,
    "0_7": 0.052208833396434784,
    "0_8": 0.07228915393352509,
    "0_9": 0.08232931792736053,
    "0_10": 0.12851405143737793,
    "0_11": 0.06425702571868896,
    "0_12": 0.0401606410741806,
    "0_13": 0.050200801342725754,
    "0_14": 0.052208833396434784,
    "0_15": 0.04216867312788963,
    "0_16": 0.668674647808075,
    "0_17": 0.4116465747356415,
    "0_18": 0.25100401043891907,
    "0_19": 0.2851405441761017,
    "0_20": 0.14457830786705017,
    "0_21": 0.08835341036319733,
    "0_22": 0.1265060156583786,
    "0_23": 0.09839357435703278,
    "0_24": 0.01606425642967224,
    "0_25": 0.01606425642967224,
    "0_26": 0.01606425642967224,
    "0_27": 0.01606425642967224,
    "0_28": 0.01606425642967224,
    "0_29": 0.01606425642967224,
    "0_30": 0.01606425642967224,
    "0_31": 0.01606425642967224,
    "0_32": 0.01606425642967224,
    "0_33": 0.01606425642967224,
    "0_34": 0.01606425642967224,
    "0_35": 0.01606425642967224,
    "0_36": 0.01606425642967224,
    "0_37": 0.01606425642967224,
    "0_38": 0.01606425642967224,
    "0_39": 0.01606425642967224,
    "0_40": 0.01606425642967224,
    "0_41": 0.01606425642967224,
    "0_42": 0.01606425642967224,
    "0_43": 0.01606425642967224,
    "0_44": 0.01606425642967224,
    "0_45": 0.01606425642967224,
    "0_46": 0.01606425642967224,
    "0_47": 0.030120480805635452,
    "1_0": 0.054216865450143814,
    "1_1": 0.012048192322254181,
    "1_2": 0.03212851285934448,
    "1_3": 0.08433734625577927,
    "1_4": 0.03614457696676254,
    "1_5": 0.0662650614976883,
    "1_6": 0.09437750279903412,
    "1_7": 0.11044175922870636,
    "1_8": 0.14457830786705017,
    "1_9": 0.06827308982610703,
    "1_10": 0.13052208721637726,
    "1_11": 0.06425702571868896,
    "1_12": 0.07630521804094315,
    "1_13": 0.09638553857803345,
    "1_14": 0.08835341036319733,
    "1_15": 0.06425702571868896,
    "1_16": 0.09638553857803345,
    "1_17": 0.0662650614976883,
    "1_18": 0.08232931792736053,
    "1_19": 0.0803212821483612,
    "1_20": 0.07630521804094315,
    "1_21": 0.0662650614976883,
    "1_22": 0.048192769289016724,
    "1_23": 0.028112448751926422,
    "1_24": 0.03212851285934448,
    "1_25": 0.01606425642967224,
    "1_26": 0.01606425642967224,
    "1_27": 0.01606425642967224,
    "1_28": 0.01606425642967224,
    "1_29": 0.01606425642967224,
    "1_30": 0.01606425642967224,
    "1_31": 0.01606425642967224,
    "1_32": 0.01606425642967224,
    "1_33": 0.01606425642967224,
    "1_34": 0.01606425642967224,
    "1_35": 0.01606425642967224,
    "1_36": 0.01606425642967224,
    "1_37": 0.01606425642967224,
    "1_38": 0.01606425642967224,
    "1_39": 0.01606425642967224,
    "1_40": 0.01606425642967224,
    "1_41": 0.01606425642967224,
    "1_42": 0.01606425642967224,
    "1_43": 0.01606425642967224,
    "1_44": 0.01606425642967224,
    "1_45": 0.01606425642967224,
    "1_46": 0.01606425642967224,
    "1_47": 0.0401606410741806,
    "2_0": 0.03212851285934448,
    "2_1": 0.028112448751926422,
    "2_2": 0.028112448751926422,
    "2_3": 0.026104416698217392,
    "2_4": 0.026104416698217392,
    "2_5": 0.04417670518159866,
    "2_6": 0.028112448751926422,
    "2_7": 0.03815260902047157,
    "2_8": 0.0401606410741806,
    "2_9": 0.030120480805635452,
    "2_10": 0.062248993664979935,
    "2_11": 0.04216867312788963,
    "2_12": 0.03815260902047157,
    "2_13": 0.04417670518159866,
    "2_14": 0.03413654491305351,
    "2_15": 0.058232929557561874,
    "2_16": 0.046184737235307693,
    "2_17": 0.09839357435703278,
    "2_18": 0.07228915393352509,
    "2_19": 0.0803212821483612,
    "2_20": 0.09236947447061539,
    "2_21": 0.07028111815452576,
    "2_22": 0.050200801342725754,
    "2_23": 0.03413654491305351,
    "2_24": 0.03413654491305351,
    "2_25": 0.0200803205370903,
    "2_26": 0.01606425642967224,
    "2_27": 0.01606425642967224,
    "2_28": 0.01606425642967224,
    "2_29": 0.01606425642967224,
    "2_30": 0.01606425642967224,
    "2_31": 0.01606425642967224,
    "2_32": 0.01606425642967224,
    "2_33": 0.01606425642967224,
    "2_34": 0.01606425642967224,
    "2_35": 0.01606425642967224,
    "2_36": 0.01606425642967224,
    "2_37": 0.01606425642967224,
    "2_38": 0.01606425642967224,
    "2_39": 0.01606425642967224,
    "2_40": 0.01606425642967224,
    "2_41": 0.01606425642967224,
    "2_42": 0.01606425642967224,
    "2_43": 0.01606425642967224,
    "2_44": 0.01606425642967224,