{
  "tag": "corpus_sft12b_seed2",
  "n_families": 50,
  "n_train": 1000,
  "n_val": 500,
  "n_layers": 48,
  "offsets": [
    -2,
    -1,
    0,
    1,
    2,
    3
  ],
  "acc": {
    "-2_0": 0.9260000586509705,
    "-2_1": 0.9260000586509705,
    "-2_2": 0.9180000424385071,
    "-2_3": 0.8940000534057617,
    "-2_4": 0.9340000152587891,
    "-2_5": 0.878000020980835,
    "-2_6": 0.9120000600814819,
    "-2_7": 0.8740000128746033,
    "-2_8": 0.8420000672340393,
    "-2_9": 0.8660000562667847,
    "-2_10": 0.8220000267028809,
    "-2_11": 0.8160000443458557,
    "-2_12": 0.8300000429153442,
    "-2_13": 0.7820000648498535,
    "-2_14": 0.8040000200271606,
    "-2_15": 0.9220000505447388,
    "-2_16": 0.862000048160553,
    "-2_17": 0.8680000305175781,
    "-2_18": 0.8420000672340393,
    "-2_19": 0.8520000576972961,
    "-2_20": 0.8820000290870667,
    "-2_21": 0.8420000672340393,
    "-2_22": 0.800000011920929,
    "-2_23": 0.7260000109672546,
    "-2_24": 0.784000039100647,
    "-2_25": 0.9200000166893005,
    "-2_26": 0.9380000233650208,
    "-2_27": 0.01600000075995922,
    "-2_28": 0.01600000075995922,
    "-2_29": 0.01600000075995922,
    "-2_30": 0.01600000075995922,
    "-2_31": 0.01600000075995922,
    "-2_32": 0.01600000075995922,
    "-2_33": 0.01600000075995922,
    "-2_34": 0.01600000075995922,
    "-2_35": 0.01600000075995922,
    "-2_36": 0.01600000075995922,
    "-2_37": 0.01600000075995922,
    "-2_38": 0.01600000075995922,
    "-2_39": 0.01600000075995922,
    "-2_40": 0.01600000075995922,
    "-2_41": 0.01600000075995922,
    "-2_42": 0.01600000075995922,
    "-2_43": 0.01600000075995922,
    "-2_44": 0.01600000075995922,
    "-2_45": 0.01600000075995922,
    "-2_46": 0.01600000075995922,
    "-2_47": 0.9600000381469727,
    "-1_0": 0.058000002056360245,
    "-1_1": 0.03800000250339508,
    "-1_2": 0.5100000500679016,
    "-1_3": 0.6840000152587891,
    "-1_4": 0.5860000252723694,
    "-1_5": 0.5320000052452087,
    "-1_6": 0.6720000505447388,
    "-1_7": 0.6200000047683716,
    "-1_8": 0.64000004529953,
    "-1_9": 0.5360000133514404,
    "-1_10": 0.49000000953674316,
    "-1_11": 0.4660000205039978,
    "-1_12": 0.398000031709671,
    "-1_13": 0.406000018119812,
    "-1_14": 0.33800002932548523,
    "-1_15": 0.3360000252723694,
    "-1_16": 0.6080000400543213,
    "-1_17": 0.46400001645088196,
    "-1_18": 0.3880000114440918,
    "-1_19": 0.3720000088214874,
    "-1_20": 0.3020000159740448,
    "-1_21": 0.26600000262260437,
    "-1_22": 0.27800002694129944,
    "-1_23": 0.15400001406669617,
    "-1_24": 0.15000000596046448,
    "-1_25": 0.01600000075995922,
    "-1_26": 0.01600000075995922,
    "-1_27": 0.01600000075995922,
    "-1_28": 0.01600000075995922,
    "-1_29": 0.01600000075995922,
    "-1_30": 0.37400001287460327,
    "-1_31": 0.33400002121925354,
    "-1_32": 0.2840000092983246,
    "-1_33": 0.3460000157356262,
    "-1_34": 0.01600000075995922,
    "-1_35": 0.01600000075995922,
    "-1_36": 0.01600000075995922,
    "-1_37": 0.01600000075995922,
    "-1_38": 0.01600000075995922,
    "-1_39": 0.01600000075995922,
    "-1_40": 0.01600000075995922,
    "-1_41": 0.01600000075995922,
    "-1_42": 0.01600000075995922,
    "-1_43": 0.01600000075995922,
    "-1_44": 0.01600000075995922,
    "-1_45": 0.01600000075995922,
    "-1_46": 0.01600000075995922,
    "-1_47": 0.5840000510215759,
    "0_0": 0.0020000000949949026,
    "0_1": 0.01600000075995922,
    "0_2": 0.07400000095367432,
    "0_3": 0.11000000685453415,
    "0_4": 0.04400000348687172,
    "0_5": 0.1080000028014183,
    "0_6": 0.11600000411272049,
    "0_7": 0.0820000022649765,
    "0_8": 0.13199999928474426,
    "0_9": 0.07000000029802322,
    "0_10": 0.08800000697374344,
    "0_11": 0.07000000029802322,
    "0_12": 0.07400000095367432,
    "0_13": 0.03200000151991844,
    "0_14": 0.012000000104308128,
    "0_15": 0.02800000086426735,
    "0_16": 0.734000027179718,
    "0_17": 0.3920000195503235,
    "0_18": 0.32200002670288086,
    "0_19": 0.164000004529953,
    "0_20": 0.14400000870227814,
    "0_21": 0.0860000029206276,
    "0_22": 0.10000000149011612,
    "0_23": 0.07200000435113907,
    "0_24": 0.01600000075995922,
    "0_25": 0.01600000075995922,
    "0_26": 0.01600000075995922,
    "0_27": 0.01600000075995922,
    "0_28": 0.01600000075995922,
    "0_29": 0.01600000075995922,
    "0_30": 0.01600000075995922,
    "0_31": 0.01600000075995922,
    "0_32": 0.01600000075995922,
    "0_33": 0.01600000075995922,
    "0_34": 0.01600000075995922,
    "0_35": 0.01600000075995922,
    "0_36": 0.01600000075995922,
    "0_37": 0.01600000075995922,
    "0_38": 0.01600000075995922,
    "0_39": 0.01600000075995922,
    "0_40": 0.01600000075995922,
    "0_41": 0.01600000075995922,
    "0_42": 0.01600000075995922,
    "0_43": 0.01600000075995922,
    "0_44": 0.01600000075995922,
    "0_45": 0.01600000075995922,
    "0_46": 0.01600000075995922,
    "0_47": 0.04200000315904617,
    "1_0": 0.018000001087784767,
    "1_1": 0.026000000536441803,
    "1_2": 0.01600000075995922,
    "1_3": 0.07000000029802322,
    "1_4": 0.09600000083446503,
    "1_5": 0.06800000369548798,
    "1_6": 0.058000002056360245,
    "1_7": 0.1120000034570694,
    "1_8": 0.12000000476837158,
    "1_9": 0.10400000214576721,
    "1_10": 0.10000000149011612,
    "1_11": 0.10000000149011612,
    "1_12": 0.12400000542402267,
    "1_13": 0.08000000566244125,
    "1_14": 0.07800000160932541,
    "1_15": 0.06400000303983688,
    "1_16": 0.0860000029206276,
    "1_17": 0.0820000022649765,
    "1_18": 0.07400000095367432,
    "1_19": 0.09200000762939453,
    "1_20": 0.07000000029802322,
    "1_21": 0.08000000566244125,
    "1_22": 0.046000003814697266,
    "1_23": 0.046000003814697266,
    "1_24": 0.03800000250339508,
    "1_25": 0.01600000075995922,
    "1_26": 0.01600000075995922,
    "1_27": 0.01600000075995922,
    "1_28": 0.01600000075995922,
    "1_29": 0.01600000075995922,
    "1_30": 0.01600000075995922,
    "1_31": 0.01600000075995922,
    "1_32": 0.01600000075995922,
    "1_33": 0.01600000075995922,
    "1_34": 0.01600000075995922,
    "1_35": 0.01600000075995922,
    "1_36": 0.01600000075995922,
    "1_37": 0.01600000075995922,
    "1_38": 0.01600000075995922,
    "1_39": 0.01600000075995922,
    "1_40": 0.01600000075995922,
    "1_41": 0.01600000075995922,
    "1_42": 0.01600000075995922,
    "1_43": 0.01600000075995922,
    "1_44": 0.01600000075995922,
    "1_45": 0.01600000075995922,
    "1_46": 0.01600000075995922,
    "1_47": 0.046000003814697266,
    "2_0": 0.026000000536441803,
    "2_1": 0.012000000104308128,
    "2_2": 0.026000000536441803,
    "2_3": 0.05000000074505806,
    "2_4": 0.03200000151991844,
    "2_5": 0.03400000184774399,
    "2_6": 0.014000000432133675,
    "2_7": 0.03400000184774399,
    "2_8": 0.03800000250339508,
    "2_9": 0.020000001415610313,
    "2_10": 0.06000000238418579,
    "2_11": 0.04200000315904617,
    "2_12": 0.06800000369548798,
    "2_13": 0.07800000160932541,
    "2_14": 0.058000002056360245,
    "2_15": 0.058000002056360245,
    "2_16": 0.07000000029802322,
    "2_17": 0.10400000214576721,
    "2_18": 0.11600000411272049,
    "2_19": 0.10000000149011612,
    "2_20": 0.12600000202655792,
    "2_21": 0.0820000022649765,
    "2_22": 0.06000000238418579,
    "2_23": 0.058000002056360245,
    "2_24": 0.04400000348687172,
    "2_25": 0.046000003814697266,
    "2_26": 0.01600000075995922,
    "2_27": 0.01600000075995922,
    "2_28": 0.01600000075995922,
    "2_29": 0.01600000075995922,
    "2_30": 0.01600000075995922,
    "2_31": 0.01600000075995922,
    "2_32": 0.01600000075995922,
    "2_33": 0.01600000075995922,
    "2_34": 0.01600000075995922,
    "2_35": 0.01600000075995922,
    "2_36": 0.01600000075995922,
    "2_37": 0.01600000075995922,
    "2_38": 0.01600000075995922,
    "2_39": 0.01600000075995922,
    "2_40": 0.01600000075995922,
    "2_41": 0.01600000075995922,
    "2_42": 0.01600000075995922,
    "2_43": 0.01600000075995922,
    "2_44": 0.01600000075995922,