{
  "tag": "corpus_sft_seed2_ckpt_100",
  "n_families": 64,
  "n_train": 1499,
  "n_val": 799,
  "n_layers": 34,
  "offsets": [
    -2,
    -1,
    0,
    1,
    2,
    3
  ],
  "acc": {
    "-2_0": 0.9386733770370483,
    "-2_1": 0.9499374628067017,
    "-2_2": 0.9499374628067017,
    "-2_3": 0.9499374628067017,
    "-2_4": 0.9211514592170715,
    "-2_5": 0.927409291267395,
    "-2_6": 0.9324155449867249,
    "-2_7": 0.8785982728004456,
    "-2_8": 0.9036295413970947,
    "-2_9": 0.8836045265197754,
    "-2_10": 0.9073842167854309,
    "-2_11": 0.9311639666557312,
    "-2_12": 0.9036295413970947,
    "-2_13": 0.8385481834411621,
    "-2_14": 0.8260325789451599,
    "-2_15": 0.8735920190811157,
    "-2_16": 0.8986232876777649,
    "-2_17": 0.8961201906204224,
    "-2_18": 0.948685884475708,
    "-2_19": 0.9524405598640442,
    "-2_20": 0.961201548576355,
    "-2_21": 0.9662078022956848,
    "-2_22": 0.9712140560150146,
    "-2_23": 0.9637046456336975,
    "-2_24": 0.9712140560150146,
    "-2_25": 0.969962477684021,
    "-2_26": 0.02002503164112568,
    "-2_27": 0.02002503164112568,
    "-2_28": 0.02002503164112568,
    "-2_29": 0.02002503164112568,
    "-2_30": 0.02002503164112568,
    "-2_31": 0.02002503164112568,
    "-2_32": 0.02002503164112568,
    "-2_33": 0.9687108993530273,
    "-1_0": 0.041301626712083817,
    "-1_1": 0.05632040277123451,
    "-1_2": 0.42553192377090454,
    "-1_3": 0.6245306730270386,
    "-1_4": 0.7296620607376099,
    "-1_5": 0.6095119118690491,
    "-1_6": 0.49436795711517334,
    "-1_7": 0.4180225431919098,
    "-1_8": 0.357947438955307,
    "-1_9": 0.3617021441459656,
    "-1_10": 0.4117647111415863,
    "-1_11": 0.30538174510002136,
    "-1_12": 0.24405507743358612,
    "-1_13": 0.18648310005664825,
    "-1_14": 0.1551939994096756,
    "-1_15": 0.1013767197728157,
    "-1_16": 0.11264080554246902,
    "-1_17": 0.06758448481559753,
    "-1_18": 0.11264080554246902,
    "-1_19": 0.08760951459407806,
    "-1_20": 0.10387985408306122,
    "-1_21": 0.2002503126859665,
    "-1_22": 0.5181477069854736,
    "-1_23": 0.3341677188873291,
    "-1_24": 0.4806007742881775,
    "-1_25": 0.49687108397483826,
    "-1_26": 0.3316645920276642,
    "-1_27": 0.5431789755821228,
    "-1_28": 0.6107634902000427,
    "-1_29": 0.02002503164112568,
    "-1_30": 0.6483104228973389,
    "-1_31": 0.02002503164112568,
    "-1_32": 0.02002503164112568,
    "-1_33": 0.8798498511314392,
    "0_0": 0.01877346634864807,
    "0_1": 0.01877346634864807,
    "0_2": 0.16645807027816772,
    "0_3": 0.09386733919382095,
    "0_4": 0.2740926146507263,
    "0_5": 0.2152690887451172,
    "0_6": 0.09762202948331833,
    "0_7": 0.022528160363435745,
    "0_8": 0.07259073853492737,
    "0_9": 0.05882352963089943,
    "0_10": 0.042553193867206573,
    "0_11": 0.013767208904027939,
    "0_12": 0.02002503164112568,
    "0_13": 0.021276596933603287,
    "0_14": 0.036295369267463684,
    "0_15": 0.013767208904027939,
    "0_16": 0.02503128908574581,
    "0_17": 0.01877346634864807,
    "0_18": 0.03254067525267601,
    "0_19": 0.017521902918815613,
    "0_20": 0.027534417808055878,
    "0_21": 0.03128911182284355,
    "0_22": 0.0538172721862793,
    "0_23": 0.03128911182284355,
    "0_24": 0.04630788415670395,
    "0_25": 0.017521902918815613,
    "0_26": 0.012515644542872906,
    "0_27": 0.01877346634864807,
    "0_28": 0.035043805837631226,
    "0_29": 0.02002503164112568,
    "0_30": 0.02002503164112568,
    "0_31": 0.02002503164112568,
    "0_32": 0.02002503164112568,
    "0_33": 0.05256570875644684,
    "1_0": 0.035043805837631226,
    "1_1": 0.03379224240779877,
    "1_2": 0.017521902918815613,
    "1_3": 0.05882352963089943,
    "1_4": 0.06758448481559753,
    "1_5": 0.06758448481559753,
    "1_6": 0.09762202948331833,
    "1_7": 0.07008761167526245,
    "1_8": 0.06883604824542999,
    "1_9": 0.07509386539459229,
    "1_10": 0.05131414532661438,
    "1_11": 0.042553193867206573,
    "1_12": 0.048811014741659164,
    "1_13": 0.03254067525267601,
    "1_14": 0.03254067525267601,
    "1_15": 0.015018774196505547,
    "1_16": 0.027534417808055878,
    "1_17": 0.017521902918815613,
    "1_18": 0.035043805837631226,
    "1_19": 0.035043805837631226,
    "1_20": 0.028785983100533485,
    "1_21": 0.02628285437822342,
    "1_22": 0.035043805837631226,
    "1_23": 0.03254067525267601,
    "1_24": 0.0863579511642456,
    "1_25": 0.02002503164112568,
    "1_26": 0.08760951459407806,
    "1_27": 0.05256570875644684,
    "1_28": 0.02002503164112568,
    "1_29": 0.02002503164112568,
    "1_30": 0.02002503164112568,
    "1_31": 0.02002503164112568,
    "1_32": 0.02002503164112568,
    "1_33": 0.0538172721862793,
    "2_0": 0.011264080181717873,
    "2_1": 0.036295369267463684,
    "2_2": 0.03254067525267601,
    "2_3": 0.042553193867206573,
    "2_4": 0.04505632072687149,
    "2_5": 0.02628285437822342,
    "2_6": 0.061326660215854645,
    "2_7": 0.07133917510509491,
    "2_8": 0.047559451311826706,
    "2_9": 0.05256570875644684,
    "2_10": 0.04630788415670395,
    "2_11": 0.05006257817149162,
    "2_12": 0.04380475729703903,
    "2_13": 0.05006257817149162,
    "2_14": 0.047559451311826706,
    "2_15": 0.05006257817149162,
    "2_16": 0.042553193867206573,
    "2_17": 0.030037548393011093,
    "2_18": 0.027534417808055878,
    "2_19": 0.048811014741659164,
    "2_20": 0.05256570875644684,
    "2_21": 0.030037548393011093,
    "2_22": 0.01877346634864807,
    "2_23": 0.03754693269729614,
    "2_24": 0.06883604824542999,
    "2_25": 0.03128911182284355,
    "2_26": 0.07133917510509491,
    "2_27": 0.06508135050535202,
    "2_28": 0.02002503164112568,
    "2_29": 0.02002503164112568,
    "2_30": 0.02002503164112568,
    "2_31": 0.02002503164112568,
    "2_32": 0.02002503164112568,
    "2_33": 0.09637046605348587,
    "3_0": 0.030037548393011093,
    "3_1": 0.022528160363435745,
    "3_2": 0.02002503164112568,
    "3_3": 0.028785983100533485,
    "3_4": 0.03379224240779877,
    "3_5": 0.03754693269729614,
    "3_6": 0.048811014741659164,
    "3_7": 0.03379224240779877,
    "3_8": 0.055068835616111755,
    "3_9": 0.048811014741659164,
    "3_10": 0.0538172721862793,
    "3_11": 0.0387984998524189,
    "3_12": 0.04005006328225136,
    "3_13": 0.03128911182284355,
    "3_14": 0.030037548393011093,
    "3_15": 0.04005006328225136,
    "3_16": 0.022528160363435745,
    "3_17": 0.03128911182284355,
    "3_18": 0.041301626712083817,
    "3_19": 0.07259073853492737,
    "3_20": 0.0538172721862793,
    "3_21": 0.02628285437822342,
    "3_22": 0.04630788415670395,
    "3_23": 0.048811014741659164,
    "3_24": 0.03754693269729614,
    "3_25": 0.0926157683134079,
    "3_26": 0.08385481685400009,
    "3_27": 0.09386733919382095,
    "3_28": 0.02002503164112568,
    "3_29": 0.02002503164112568,
    "3_30": 0.04630788415670395,
    "3_31": 0.02002503164112568,
    "3_32": 0.02002503164112568,
    "3_33": 0.13642053306102753
  },
  "shuffle_control": {
    "-2_17": 0.006257822271436453,
    "-1_17": 0.027534417808055878,
    "0_17": 0.02002503164112568,
    "1_17": 0.023779725655913353,
    "2_17": 0.016270337626338005,
    "3_17": 0.02628285437822342
  },
  "peak_acc_by_offset": {
    "-2": 0.9712140560150146,
    "-1": 0.8798498511314392,
    "0": 0.2740926146507263,
    "1": 0.09762202948331833,
    "2": 0.09637046605348587,
    "3": 0.13642053306102753
  },
  "delta_newline": 0.20650812983512878,
  "delta_newline_layer": 4
}