{
  "tag": "corpus_sft_ckpt_100",
  "n_families": 54,
  "n_train": 1500,
  "n_val": 800,
  "n_layers": 34,
  "offsets": [
    -2,
    -1,
    0,
    1,
    2,
    3
  ],
  "acc": {
    "-2_0": 0.9612500071525574,
    "-2_1": 0.9462499618530273,
    "-2_2": 0.9562499523162842,
    "-2_3": 0.95374995470047,
    "-2_4": 0.9350000023841858,
    "-2_5": 0.9149999618530273,
    "-2_6": 0.9274999499320984,
    "-2_7": 0.9325000047683716,
    "-2_8": 0.9199999570846558,
    "-2_9": 0.9124999642372131,
    "-2_10": 0.9199999570846558,
    "-2_11": 0.9037500023841858,
    "-2_12": 0.9112499952316284,
    "-2_13": 0.887499988079071,
    "-2_14": 0.856249988079071,
    "-2_15": 0.8799999952316284,
    "-2_16": 0.8362500071525574,
    "-2_17": 0.918749988079071,
    "-2_18": 0.96875,
    "-2_19": 0.9662500023841858,
    "-2_20": 0.9612500071525574,
    "-2_21": 0.9699999690055847,
    "-2_22": 0.9749999642372131,
    "-2_23": 0.9724999666213989,
    "-2_24": 0.9712499976158142,
    "-2_25": 0.9774999618530273,
    "-2_26": 0.019999999552965164,
    "-2_27": 0.019999999552965164,
    "-2_28": 0.019999999552965164,
    "-2_29": 0.019999999552965164,
    "-2_30": 0.019999999552965164,
    "-2_31": 0.019999999552965164,
    "-2_32": 0.019999999552965164,
    "-2_33": 0.9712499976158142,
    "-1_0": 0.03999999910593033,
    "-1_1": 0.10749999433755875,
    "-1_2": 0.6175000071525574,
    "-1_3": 0.6674999594688416,
    "-1_4": 0.7574999928474426,
    "-1_5": 0.6024999618530273,
    "-1_6": 0.48374998569488525,
    "-1_7": 0.41874998807907104,
    "-1_8": 0.4025000035762787,
    "-1_9": 0.367499977350235,
    "-1_10": 0.4387499988079071,
    "-1_11": 0.2762500047683716,
    "-1_12": 0.20499999821186066,
    "-1_13": 0.16875000298023224,
    "-1_14": 0.17000000178813934,
    "-1_15": 0.10875000059604645,
    "-1_16": 0.11625000089406967,
    "-1_17": 0.11124999821186066,
    "-1_18": 0.12124999612569809,
    "-1_19": 0.0912499949336052,
    "-1_20": 0.08500000089406967,
    "-1_21": 0.14749999344348907,
    "-1_22": 0.4975000023841858,
    "-1_23": 0.3100000023841858,
    "-1_24": 0.42249998450279236,
    "-1_25": 0.22874999046325684,
    "-1_26": 0.3824999928474426,
    "-1_27": 0.4449999928474426,
    "-1_28": 0.019999999552965164,
    "-1_29": 0.019999999552965164,
    "-1_30": 0.019999999552965164,
    "-1_31": 0.019999999552965164,
    "-1_32": 0.019999999552965164,
    "-1_33": 0.8424999713897705,
    "0_0": 0.029999999329447746,
    "0_1": 0.013749999925494194,
    "0_2": 0.1224999949336052,
    "0_3": 0.07499999552965164,
    "0_4": 0.3974999785423279,
    "0_5": 0.08500000089406967,
    "0_6": 0.10374999791383743,
    "0_7": 0.04374999925494194,
    "0_8": 0.03500000014901161,
    "0_9": 0.04999999701976776,
    "0_10": 0.06749999523162842,
    "0_11": 0.03374999761581421,
    "0_12": 0.057499997317790985,
    "0_13": 0.05874999985098839,
    "0_14": 0.042500000447034836,
    "0_15": 0.019999999552965164,
    "0_16": 0.028749998658895493,
    "0_17": 0.038750000298023224,
    "0_18": 0.019999999552965164,
    "0_19": 0.029999999329447746,
    "0_20": 0.02499999850988388,
    "0_21": 0.026249999180436134,
    "0_22": 0.038750000298023224,
    "0_23": 0.026249999180436134,
    "0_24": 0.019999999552965164,
    "0_25": 0.017500000074505806,
    "0_26": 0.023749999701976776,
    "0_27": 0.0,
    "0_28": 0.03500000014901161,
    "0_29": 0.019999999552965164,
    "0_30": 0.023749999701976776,
    "0_31": 0.019999999552965164,
    "0_32": 0.019999999552965164,
    "0_33": 0.022499999031424522,
    "1_0": 0.016249999403953552,
    "1_1": 0.017500000074505806,
    "1_2": 0.029999999329447746,
    "1_3": 0.0637499988079071,
    "1_4": 0.036249998956918716,
    "1_5": 0.054999999701976776,
    "1_6": 0.0912499949336052,
    "1_7": 0.05624999850988388,
    "1_8": 0.0625,
    "1_9": 0.08500000089406967,
    "1_10": 0.0612499974668026,
    "1_11": 0.05374999716877937,
    "1_12": 0.04124999791383743,
    "1_13": 0.03374999761581421,
    "1_14": 0.04625000059604645,
    "1_15": 0.036249998956918716,
    "1_16": 0.01874999888241291,
    "1_17": 0.01874999888241291,
    "1_18": 0.019999999552965164,
    "1_19": 0.029999999329447746,
    "1_20": 0.022499999031424522,
    "1_21": 0.01874999888241291,
    "1_22": 0.028749998658895493,
    "1_23": 0.057499997317790985,
    "1_24": 0.013749999925494194,
    "1_25": 0.019999999552965164,
    "1_26": 0.04999999701976776,
    "1_27": 0.04749999940395355,
    "1_28": 0.019999999552965164,
    "1_29": 0.019999999552965164,
    "1_30": 0.019999999552965164,
    "1_31": 0.019999999552965164,
    "1_32": 0.019999999552965164,
    "1_33": 0.04374999925494194,
    "2_0": 0.032499998807907104,
    "2_1": 0.028749998658895493,
    "2_2": 0.021250000223517418,
    "2_3": 0.05624999850988388,
    "2_4": 0.051249999552965164,
    "2_5": 0.036249998956918716,
    "2_6": 0.03500000014901161,
    "2_7": 0.029999999329447746,
    "2_8": 0.0612499974668026,
    "2_9": 0.05999999865889549,
    "2_10": 0.0612499974668026,
    "2_11": 0.07374999672174454,
    "2_12": 0.051249999552965164,
    "2_13": 0.0625,
    "2_14": 0.04874999821186066,
    "2_15": 0.044999998062849045,
    "2_16": 0.04124999791383743,
    "2_17": 0.027499999850988388,
    "2_18": 0.029999999329447746,
    "2_19": 0.03374999761581421,
    "2_20": 0.05249999836087227,
    "2_21": 0.027499999850988388,
    "2_22": 0.05624999850988388,
    "2_23": 0.026249999180436134,
    "2_24": 0.021250000223517418,
    "2_25": 0.04749999940395355,
    "2_26": 0.029999999329447746,
    "2_27": 0.026249999180436134,
    "2_28": 0.019999999552965164,
    "2_29": 0.019999999552965164,
    "2_30": 0.019999999552965164,
    "2_31": 0.019999999552965164,
    "2_32": 0.019999999552965164,
    "2_33": 0.042500000447034836,
    "3_0": 0.03125,
    "3_1": 0.029999999329447746,
    "3_2": 0.038750000298023224,
    "3_3": 0.02499999850988388,
    "3_4": 0.026249999180436134,
    "3_5": 0.042500000447034836,
    "3_6": 0.051249999552965164,
    "3_7": 0.051249999552965164,
    "3_8": 0.04625000059604645,
    "3_9": 0.054999999701976776,
    "3_10": 0.0625,
    "3_11": 0.03749999776482582,
    "3_12": 0.04749999940395355,
    "3_13": 0.044999998062849045,
    "3_14": 0.021250000223517418,
    "3_15": 0.021250000223517418,
    "3_16": 0.03125,
    "3_17": 0.03749999776482582,
    "3_18": 0.03500000014901161,
    "3_19": 0.021250000223517418,
    "3_20": 0.026249999180436134,
    "3_21": 0.03749999776482582,
    "3_22": 0.03125,
    "3_23": 0.029999999329447746,
    "3_24": 0.03125,
    "3_25": 0.026249999180436134,
    "3_26": 0.038750000298023224,
    "3_27": 0.03374999761581421,
    "3_28": 0.019999999552965164,
    "3_29": 0.019999999552965164,
    "3_30": 0.03999999910593033,
    "3_31": 0.019999999552965164,
    "3_32": 0.019999999552965164,
    "3_33": 0.07000000029802322
  },
  "shuffle_control": {
    "-2_17": 0.021250000223517418,
    "-1_17": 0.019999999552965164,
    "0_17": 0.02499999850988388,
    "1_17": 0.026249999180436134,
    "2_17": 0.032499998807907104,
    "3_17": 0.009999999776482582
  },
  "peak_acc_by_offset": {
    "-2": 0.9774999618530273,
    "-1": 0.8424999713897705,
    "0": 0.3974999785423279,
    "1": 0.0912499949336052,
    "2": 0.07374999672174454,
    "3": 0.07000000029802322
  },
  "delta_newline": 0.36124997958540916,
  "delta_newline_layer": 4
}