{
  "tag": "corpus_sft_seed1_ckpt_100",
  "n_families": 62,
  "n_train": 1500,
  "n_val": 800,
  "n_layers": 34,
  "offsets": [
    -2,
    -1,
    0,
    1,
    2,
    3
  ],
  "acc": {
    "-2_0": 0.9412499666213989,
    "-2_1": 0.9462499618530273,
    "-2_2": 0.9587499499320984,
    "-2_3": 0.9412499666213989,
    "-2_4": 0.9249999523162842,
    "-2_5": 0.9137499928474426,
    "-2_6": 0.8812499642372131,
    "-2_7": 0.9087499976158142,
    "-2_8": 0.8937499523162842,
    "-2_9": 0.8962500095367432,
    "-2_10": 0.9212499856948853,
    "-2_11": 0.8899999856948853,
    "-2_12": 0.8887499570846558,
    "-2_13": 0.793749988079071,
    "-2_14": 0.8199999928474426,
    "-2_15": 0.9037500023841858,
    "-2_16": 0.8349999785423279,
    "-2_17": 0.9312499761581421,
    "-2_18": 0.9599999785423279,
    "-2_19": 0.95374995470047,
    "-2_20": 0.9587499499320984,
    "-2_21": 0.9649999737739563,
    "-2_22": 0.96875,
    "-2_23": 0.96875,
    "-2_24": 0.9649999737739563,
    "-2_25": 0.9662500023841858,
    "-2_26": 0.019999999552965164,
    "-2_27": 0.019999999552965164,
    "-2_28": 0.019999999552965164,
    "-2_29": 0.019999999552965164,
    "-2_30": 0.019999999552965164,
    "-2_31": 0.019999999552965164,
    "-2_32": 0.019999999552965164,
    "-2_33": 0.9649999737739563,
    "-1_0": 0.0925000011920929,
    "-1_1": 0.09624999761581421,
    "-1_2": 0.5349999666213989,
    "-1_3": 0.6175000071525574,
    "-1_4": 0.7475000023841858,
    "-1_5": 0.5349999666213989,
    "-1_6": 0.5049999952316284,
    "-1_7": 0.4312499761581421,
    "-1_8": 0.39124998450279236,
    "-1_9": 0.36249998211860657,
    "-1_10": 0.45124998688697815,
    "-1_11": 0.34375,
    "-1_12": 0.2524999976158142,
    "-1_13": 0.14999999105930328,
    "-1_14": 0.16499999165534973,
    "-1_15": 0.11124999821186066,
    "-1_16": 0.11625000089406967,
    "-1_17": 0.08374999463558197,
    "-1_18": 0.11625000089406967,
    "-1_19": 0.1599999964237213,
    "-1_20": 0.04999999701976776,
    "-1_21": 0.10749999433755875,
    "-1_22": 0.5575000047683716,
    "-1_23": 0.3462499976158142,
    "-1_24": 0.3100000023841858,
    "-1_25": 0.4937499761581421,
    "-1_26": 0.45749998092651367,
    "-1_27": 0.5174999833106995,
    "-1_28": 0.019999999552965164,
    "-1_29": 0.019999999552965164,
    "-1_30": 0.019999999552965164,
    "-1_31": 0.019999999552965164,
    "-1_32": 0.019999999552965164,
    "-1_33": 0.9137499928474426,
    "0_0": 0.01874999888241291,
    "0_1": 0.01874999888241291,
    "0_2": 0.12999999523162842,
    "0_3": 0.0925000011920929,
    "0_4": 0.2824999988079071,
    "0_5": 0.22624999284744263,
    "0_6": 0.08749999850988388,
    "0_7": 0.016249999403953552,
    "0_8": 0.0625,
    "0_9": 0.044999998062849045,
    "0_10": 0.07374999672174454,
    "0_11": 0.04374999925494194,
    "0_12": 0.057499997317790985,
    "0_13": 0.026249999180436134,
    "0_14": 0.038750000298023224,
    "0_15": 0.03374999761581421,
    "0_16": 0.023749999701976776,
    "0_17": 0.036249998956918716,
    "0_18": 0.04625000059604645,
    "0_19": 0.013749999925494194,
    "0_20": 0.03749999776482582,
    "0_21": 0.026249999180436134,
    "0_22": 0.01874999888241291,
    "0_23": 0.01874999888241291,
    "0_24": 0.036249998956918716,
    "0_25": 0.016249999403953552,
    "0_26": 0.02499999850988388,
    "0_27": 0.021250000223517418,
    "0_28": 0.027499999850988388,
    "0_29": 0.019999999552965164,
    "0_30": 0.03500000014901161,
    "0_31": 0.019999999552965164,
    "0_32": 0.019999999552965164,
    "0_33": 0.026249999180436134,
    "1_0": 0.019999999552965164,
    "1_1": 0.05374999716877937,
    "1_2": 0.032499998807907104,
    "1_3": 0.04749999940395355,
    "1_4": 0.054999999701976776,
    "1_5": 0.06749999523162842,
    "1_6": 0.07499999552965164,
    "1_7": 0.03749999776482582,
    "1_8": 0.04749999940395355,
    "1_9": 0.05624999850988388,
    "1_10": 0.05374999716877937,
    "1_11": 0.032499998807907104,
    "1_12": 0.04374999925494194,
    "1_13": 0.026249999180436134,
    "1_14": 0.013749999925494194,
    "1_15": 0.036249998956918716,
    "1_16": 0.032499998807907104,
    "1_17": 0.03749999776482582,
    "1_18": 0.038750000298023224,
    "1_19": 0.04374999925494194,
    "1_20": 0.029999999329447746,
    "1_21": 0.0012499999720603228,
    "1_22": 0.01874999888241291,
    "1_23": 0.019999999552965164,
    "1_24": 0.0612499974668026,
    "1_25": 0.022499999031424522,
    "1_26": 0.03374999761581421,
    "1_27": 0.03500000014901161,
    "1_28": 0.019999999552965164,
    "1_29": 0.019999999552965164,
    "1_30": 0.019999999552965164,
    "1_31": 0.019999999552965164,
    "1_32": 0.019999999552965164,
    "1_33": 0.07874999940395355,
    "2_0": 0.022499999031424522,
    "2_1": 0.04625000059604645,
    "2_2": 0.04124999791383743,
    "2_3": 0.04874999821186066,
    "2_4": 0.04374999925494194,
    "2_5": 0.04999999701976776,
    "2_6": 0.07625000178813934,
    "2_7": 0.05374999716877937,
    "2_8": 0.04625000059604645,
    "2_9": 0.0637499988079071,
    "2_10": 0.05874999985098839,
    "2_11": 0.042500000447034836,
    "2_12": 0.04874999821186066,
    "2_13": 0.051249999552965164,
    "2_14": 0.04124999791383743,
    "2_15": 0.03999999910593033,
    "2_16": 0.027499999850988388,
    "2_17": 0.023749999701976776,
    "2_18": 0.042500000447034836,
    "2_19": 0.0612499974668026,
    "2_20": 0.05874999985098839,
    "2_21": 0.03999999910593033,
    "2_22": 0.05999999865889549,
    "2_23": 0.03999999910593033,
    "2_24": 0.04374999925494194,
    "2_25": 0.04874999821186066,
    "2_26": 0.05874999985098839,
    "2_27": 0.07750000059604645,
    "2_28": 0.019999999552965164,
    "2_29": 0.019999999552965164,
    "2_30": 0.019999999552965164,
    "2_31": 0.019999999552965164,
    "2_32": 0.019999999552965164,
    "2_33": 0.11124999821186066,
    "3_0": 0.036249998956918716,
    "3_1": 0.01874999888241291,
    "3_2": 0.03374999761581421,
    "3_3": 0.02499999850988388,
    "3_4": 0.04999999701976776,
    "3_5": 0.028749998658895493,
    "3_6": 0.04749999940395355,
    "3_7": 0.04124999791383743,
    "3_8": 0.04625000059604645,
    "3_9": 0.04874999821186066,
    "3_10": 0.04625000059604645,
    "3_11": 0.036249998956918716,
    "3_12": 0.038750000298023224,
    "3_13": 0.051249999552965164,
    "3_14": 0.04374999925494194,
    "3_15": 0.04999999701976776,
    "3_16": 0.03374999761581421,
    "3_17": 0.03999999910593033,
    "3_18": 0.03374999761581421,
    "3_19": 0.07874999940395355,
    "3_20": 0.04874999821186066,
    "3_21": 0.05374999716877937,
    "3_22": 0.05999999865889549,
    "3_23": 0.051249999552965164,
    "3_24": 0.03749999776482582,
    "3_25": 0.05249999836087227,
    "3_26": 0.07999999821186066,
    "3_27": 0.08749999850988388,
    "3_28": 0.09375,
    "3_29": 0.019999999552965164,
    "3_30": 0.05249999836087227,
    "3_31": 0.05999999865889549,
    "3_32": 0.019999999552965164,
    "3_33": 0.13499999046325684
  },
  "shuffle_control": {
    "-2_17": 0.023749999701976776,
    "-1_17": 0.038750000298023224,
    "0_17": 0.026249999180436134,
    "1_17": 0.03749999776482582,
    "2_17": 0.017500000074505806,
    "3_17": 0.013749999925494194
  },
  "peak_acc_by_offset": {
    "-2": 0.96875,
    "-1": 0.9137499928474426,
    "0": 0.2824999988079071,
    "1": 0.07874999940395355,
    "2": 0.11124999821186066,
    "3": 0.13499999046325684
  },
  "delta_newline": 0.22749999910593033,
  "delta_newline_layer": 4
}