{
  "tag": "corpus_sft12b_seed1",
  "n_families": 47,
  "n_train": 1000,
  "n_val": 500,
  "n_layers": 48,
  "offsets": [
    -2,
    -1,
    0,
    1,
    2,
    3
  ],
  "acc": {
    "-2_0": 0.9360000491142273,
    "-2_1": 0.9280000329017639,
    "-2_2": 0.9100000262260437,
    "-2_3": 0.9180000424385071,
    "-2_4": 0.9000000357627869,
    "-2_5": 0.8880000710487366,
    "-2_6": 0.8980000615119934,
    "-2_7": 0.8720000386238098,
    "-2_8": 0.8280000686645508,
    "-2_9": 0.8200000524520874,
    "-2_10": 0.8760000467300415,
    "-2_11": 0.8480000495910645,
    "-2_12": 0.8060000538825989,
    "-2_13": 0.8200000524520874,
    "-2_14": 0.7880000472068787,
    "-2_15": 0.8840000629425049,
    "-2_16": 0.8660000562667847,
    "-2_17": 0.9180000424385071,
    "-2_18": 0.8480000495910645,
    "-2_19": 0.8480000495910645,
    "-2_20": 0.8540000319480896,
    "-2_21": 0.8340000510215759,
    "-2_22": 0.8280000686645508,
    "-2_23": 0.7160000205039978,
    "-2_24": 0.7880000472068787,
    "-2_25": 0.906000018119812,
    "-2_26": 0.9180000424385071,
    "-2_27": 0.01600000075995922,
    "-2_28": 0.01600000075995922,
    "-2_29": 0.01600000075995922,
    "-2_30": 0.01600000075995922,
    "-2_31": 0.01600000075995922,
    "-2_32": 0.01600000075995922,
    "-2_33": 0.01600000075995922,
    "-2_34": 0.01600000075995922,
    "-2_35": 0.01600000075995922,
    "-2_36": 0.01600000075995922,
    "-2_37": 0.01600000075995922,
    "-2_38": 0.01600000075995922,
    "-2_39": 0.01600000075995922,
    "-2_40": 0.01600000075995922,
    "-2_41": 0.01600000075995922,
    "-2_42": 0.01600000075995922,
    "-2_43": 0.01600000075995922,
    "-2_44": 0.01600000075995922,
    "-2_45": 0.01600000075995922,
    "-2_46": 0.01600000075995922,
    "-2_47": 0.9860000610351562,
    "-1_0": 0.0820000022649765,
    "-1_1": 0.1300000101327896,
    "-1_2": 0.47600001096725464,
    "-1_3": 0.6640000343322754,
    "-1_4": 0.6800000071525574,
    "-1_5": 0.4960000216960907,
    "-1_6": 0.6520000100135803,
    "-1_7": 0.6980000138282776,
    "-1_8": 0.612000048160553,
    "-1_9": 0.5760000348091125,
    "-1_10": 0.5180000066757202,
    "-1_11": 0.4880000352859497,
    "-1_12": 0.47200003266334534,
    "-1_13": 0.38600000739097595,
    "-1_14": 0.35200002789497375,
    "-1_15": 0.3020000159740448,
    "-1_16": 0.6380000114440918,
    "-1_17": 0.4320000112056732,
    "-1_18": 0.36400002241134644,
    "-1_19": 0.30800002813339233,
    "-1_20": 0.3500000238418579,
    "-1_21": 0.3060000240802765,
    "-1_22": 0.2200000137090683,
    "-1_23": 0.17400000989437103,
    "-1_24": 0.01600000075995922,
    "-1_25": 0.01600000075995922,
    "-1_26": 0.01600000075995922,
    "-1_27": 0.01600000075995922,
    "-1_28": 0.01600000075995922,
    "-1_29": 0.01600000075995922,
    "-1_30": 0.01600000075995922,
    "-1_31": 0.01600000075995922,
    "-1_32": 0.01600000075995922,
    "-1_33": 0.01600000075995922,
    "-1_34": 0.01600000075995922,
    "-1_35": 0.01600000075995922,
    "-1_36": 0.01600000075995922,
    "-1_37": 0.01600000075995922,
    "-1_38": 0.01600000075995922,
    "-1_39": 0.01600000075995922,
    "-1_40": 0.01600000075995922,
    "-1_41": 0.01600000075995922,
    "-1_42": 0.01600000075995922,
    "-1_43": 0.01600000075995922,
    "-1_44": 0.01600000075995922,
    "-1_45": 0.01600000075995922,
    "-1_46": 0.01600000075995922,
    "-1_47": 0.6440000534057617,
    "0_0": 0.02800000086426735,
    "0_1": 0.02800000086426735,
    "0_2": 0.05400000140070915,
    "0_3": 0.07600000500679016,
    "0_4": 0.07800000160932541,
    "0_5": 0.08400000631809235,
    "0_6": 0.05400000140070915,
    "0_7": 0.06000000238418579,
    "0_8": 0.06800000369548798,
    "0_9": 0.06599999964237213,
    "0_10": 0.11800000816583633,
    "0_11": 0.07600000500679016,
    "0_12": 0.02800000086426735,
    "0_13": 0.04000000283122063,
    "0_14": 0.012000000104308128,
    "0_15": 0.058000002056360245,
    "0_16": 0.6220000386238098,
    "0_17": 0.37800002098083496,
    "0_18": 0.29200002551078796,
    "0_19": 0.2160000056028366,
    "0_20": 0.1340000033378601,
    "0_21": 0.04000000283122063,
    "0_22": 0.0860000029206276,
    "0_23": 0.07400000095367432,
    "0_24": 0.01600000075995922,
    "0_25": 0.01600000075995922,
    "0_26": 0.01600000075995922,
    "0_27": 0.01600000075995922,
    "0_28": 0.01600000075995922,
    "0_29": 0.01600000075995922,
    "0_30": 0.01600000075995922,
    "0_31": 0.01600000075995922,
    "0_32": 0.01600000075995922,
    "0_33": 0.01600000075995922,
    "0_34": 0.01600000075995922,
    "0_35": 0.01600000075995922,
    "0_36": 0.01600000075995922,
    "0_37": 0.01600000075995922,
    "0_38": 0.01600000075995922,
    "0_39": 0.01600000075995922,
    "0_40": 0.01600000075995922,
    "0_41": 0.01600000075995922,
    "0_42": 0.01600000075995922,
    "0_43": 0.01600000075995922,
    "0_44": 0.01600000075995922,
    "0_45": 0.01600000075995922,
    "0_46": 0.01600000075995922,
    "0_47": 0.09000000357627869,
    "1_0": 0.020000001415610313,
    "1_1": 0.05400000140070915,
    "1_2": 0.04200000315904617,
    "1_3": 0.036000002175569534,
    "1_4": 0.05400000140070915,
    "1_5": 0.036000002175569534,
    "1_6": 0.10600000619888306,
    "1_7": 0.12400000542402267,
    "1_8": 0.07400000095367432,
    "1_9": 0.08800000697374344,
    "1_10": 0.10200000554323196,
    "1_11": 0.13600000739097595,
    "1_12": 0.12200000882148743,
    "1_13": 0.0860000029206276,
    "1_14": 0.0560000017285347,
    "1_15": 0.06800000369548798,
    "1_16": 0.06200000271201134,
    "1_17": 0.07600000500679016,
    "1_18": 0.07400000095367432,
    "1_19": 0.06400000303983688,
    "1_20": 0.04400000348687172,
    "1_21": 0.06000000238418579,
    "1_22": 0.04000000283122063,
    "1_23": 0.04000000283122063,
    "1_24": 0.03800000250339508,
    "1_25": 0.01600000075995922,
    "1_26": 0.01600000075995922,
    "1_27": 0.01600000075995922,
    "1_28": 0.01600000075995922,
    "1_29": 0.01600000075995922,
    "1_30": 0.01600000075995922,
    "1_31": 0.01600000075995922,
    "1_32": 0.01600000075995922,
    "1_33": 0.01600000075995922,
    "1_34": 0.01600000075995922,
    "1_35": 0.01600000075995922,
    "1_36": 0.01600000075995922,
    "1_37": 0.01600000075995922,
    "1_38": 0.01600000075995922,
    "1_39": 0.01600000075995922,
    "1_40": 0.01600000075995922,
    "1_41": 0.01600000075995922,
    "1_42": 0.01600000075995922,
    "1_43": 0.01600000075995922,
    "1_44": 0.01600000075995922,
    "1_45": 0.01600000075995922,
    "1_46": 0.01600000075995922,
    "1_47": 0.03800000250339508,
    "2_0": 0.05000000074505806,
    "2_1": 0.01600000075995922,
    "2_2": 0.020000001415610313,
    "2_3": 0.03400000184774399,
    "2_4": 0.026000000536441803,
    "2_5": 0.01600000075995922,
    "2_6": 0.02800000086426735,
    "2_7": 0.03400000184774399,
    "2_8": 0.04200000315904617,
    "2_9": 0.04800000041723251,
    "2_10": 0.02200000174343586,
    "2_11": 0.04200000315904617,
    "2_12": 0.046000003814697266,
    "2_13": 0.02800000086426735,
    "2_14": 0.058000002056360245,
    "2_15": 0.05000000074505806,
    "2_16": 0.04200000315904617,
    "2_17": 0.06400000303983688,
    "2_18": 0.06400000303983688,
    "2_19": 0.07200000435113907,
    "2_20": 0.07400000095367432,
    "2_21": 0.05000000074505806,
    "2_22": 0.04400000348687172,
    "2_23": 0.046000003814697266,
    "2_24": 0.058000002056360245,
    "2_25": 0.07800000160932541,
    "2_26": 0.01600000075995922,
    "2_27": 0.01600000075995922,
    "2_28": 0.01600000075995922,
    "2_29": 0.01600000075995922,
    "2_30": 0.01600000075995922,
    "2_31": 0.01600000075995922,
    "2_32": 0.01600000075995922,
    "2_33": 0.01600000075995922,
    "2_34": 0.01600000075995922,
    "2_35": 0.01600000075995922,
    "2_36": 0.01600000075995922,
    "2_37": 0.01600000075995922,
    "2_38": 0.01600000075995922,
    "2_39": 0.01600000075995922,
    "2_40": 0.01600000075995922,
    "2_41": 0.01600000075995922,
    "2_42": 0.01600000075995922,
    "2_43": 0.01600000075995922,