{
  "tag": "onpolicy_kd_seed0_ckpt_100",
  "n_families": 133,
  "n_train": 1495,
  "n_val": 793,
  "n_layers": 34,
  "offsets": [
    -2,
    -1,
    0,
    1,
    2,
    3
  ],
  "acc": {
    "-2_0": 0.8373265862464905,
    "-2_1": 0.8310214281082153,
    "-2_2": 0.8411096930503845,
    "-2_3": 0.8259773254394531,
    "-2_4": 0.8133669495582581,
    "-2_5": 0.8272383213043213,
    "-2_6": 0.8133669495582581,
    "-2_7": 0.7969735264778137,
    "-2_8": 0.7994955778121948,
    "-2_9": 0.8158890008926392,
    "-2_10": 0.7894073128700256,
    "-2_11": 0.7831021547317505,
    "-2_12": 0.7881462574005127,
    "-2_13": 0.7881462574005127,
    "-2_14": 0.7881462574005127,
    "-2_15": 0.7654476761817932,
    "-2_16": 0.7679697275161743,
    "-2_17": 0.8070617914199829,
    "-2_18": 0.8385876417160034,
    "-2_19": 0.814628005027771,
    "-2_20": 0.8335434794425964,
    "-2_21": 0.8322824835777283,
    "-2_22": 0.8385876417160034,
    "-2_23": 0.8486759066581726,
    "-2_24": 0.8625472784042358,
    "-2_25": 0.02143757790327072,
    "-2_26": 0.02143757790327072,
    "-2_27": 0.02143757790327072,
    "-2_28": 0.02143757790327072,
    "-2_29": 0.02143757790327072,
    "-2_30": 0.02143757790327072,
    "-2_31": 0.02143757790327072,
    "-2_32": 0.02143757790327072,
    "-2_33": 0.8272383213043213,
    "-1_0": 0.040353089570999146,
    "-1_1": 0.03152585029602051,
    "-1_2": 0.3493064343929291,
    "-1_3": 0.6267338991165161,
    "-1_4": 0.6696090698242188,
    "-1_5": 0.5107187628746033,
    "-1_6": 0.45018914341926575,
    "-1_7": 0.41361916065216064,
    "-1_8": 0.3833543658256531,
    "-1_9": 0.3392181694507599,
    "-1_10": 0.404791921377182,
    "-1_11": 0.24968473613262177,
    "-1_12": 0.29129886627197266,
    "-1_13": 0.312736451625824,
    "-1_14": 0.29129886627197266,
    "-1_15": 0.316519558429718,
    "-1_16": 0.28625473380088806,
    "-1_17": 0.24211853742599487,
    "-1_18": 0.44262295961380005,
    "-1_19": 0.4880201816558838,
    "-1_20": 0.5157629251480103,
    "-1_21": 0.5586380958557129,
    "-1_22": 0.6860024929046631,
    "-1_23": 0.6733921766281128,
    "-1_24": 0.7402269840240479,
    "-1_25": 0.7717528343200684,
    "-1_26": 0.7137452960014343,
    "-1_27": 0.6822194457054138,
    "-1_28": 0.02143757790327072,
    "-1_29": 0.02143757790327072,
    "-1_30": 0.02143757790327072,
    "-1_31": 0.02143757790327072,
    "-1_32": 0.02143757790327072,
    "-1_33": 0.814628005027771,
    "0_0": 0.0,
    "0_1": 0.026481714099645615,
    "0_2": 0.1071878969669342,
    "0_3": 0.0756620466709137,
    "0_4": 0.23329129815101624,
    "0_5": 0.039092056453228,
    "0_6": 0.06809584051370621,
    "0_7": 0.08575031161308289,
    "0_8": 0.04287515580654144,
    "0_9": 0.02143757790327072,
    "0_10": 0.08575031161308289,
    "0_11": 0.0365699864923954,
    "0_12": 0.020176544785499573,
    "0_13": 0.034047920256853104,
    "0_14": 0.05926860123872757,
    "0_15": 0.04918032884597778,
    "0_16": 0.04665825888514519,
    "0_17": 0.041614122688770294,
    "0_18": 0.0706179067492485,
    "0_19": 0.17528373003005981,
    "0_20": 0.20933164656162262,
    "0_21": 0.3203026354312897,
    "0_22": 0.41866329312324524,
    "0_23": 0.36191678047180176,
    "0_24": 0.5889028906822205,
    "0_25": 0.633039116859436,
    "0_26": 0.8083228468894958,
    "0_27": 0.02143757790327072,
    "0_28": 0.02143757790327072,
    "0_29": 0.02143757790327072,
    "0_30": 0.02143757790327072,
    "0_31": 0.02143757790327072,
    "0_32": 0.02143757790327072,
    "0_33": 0.8070617914199829,
    "1_0": 0.02143757790327072,
    "1_1": 0.03152585029602051,
    "1_2": 0.041614122688770294,
    "1_3": 0.10214375704526901,
    "1_4": 0.1097099632024765,
    "1_5": 0.06305170059204102,
    "1_6": 0.09079445153474808,
    "1_7": 0.0756620466709137,
    "1_8": 0.11727616935968399,
    "1_9": 0.11349306255578995,
    "1_10": 0.13114753365516663,
    "1_11": 0.12232030183076859,
    "1_12": 0.10844893008470535,
    "1_13": 0.13619168102741241,
    "1_14": 0.14249685406684875,
    "1_15": 0.1878940761089325,
    "1_16": 0.15889029204845428,
    "1_17": 0.13493064045906067,
    "1_18": 0.16897855699062347,
    "1_19": 0.23707440495491028,
    "1_20": 0.2849937081336975,
    "1_21": 0.32786884903907776,
    "1_22": 0.36191678047180176,
    "1_23": 0.34047919511795044,
    "1_24": 0.4779319167137146,
    "1_25": 0.4930643141269684,
    "1_26": 0.02143757790327072,
    "1_27": 0.02143757790327072,
    "1_28": 0.02143757790327072,
    "1_29": 0.02143757790327072,
    "1_30": 0.02143757790327072,
    "1_31": 0.02143757790327072,
    "1_32": 0.02143757790327072,
    "1_33": 0.7276166677474976,
    "2_0": 0.08322824537754059,
    "2_1": 0.08322824537754059,
    "2_2": 0.07440100610256195,
    "2_3": 0.08827238529920578,
    "2_4": 0.10214375704526901,
    "2_5": 0.09457755088806152,
    "2_6": 0.1097099632024765,
    "2_7": 0.12105926871299744,
    "2_8": 0.12232030183076859,
    "2_9": 0.1147540956735611,
    "2_10": 0.13240857422351837,
    "2_11": 0.09962169080972672,
    "2_12": 0.11853720247745514,
    "2_13": 0.10592685639858246,
    "2_14": 0.1147540956735611,
    "2_15": 0.13240857422351837,
    "2_16": 0.13114753365516663,
    "2_17": 0.10844893008470535,
    "2_18": 0.12484236806631088,
    "2_19": 0.1462799459695816,
    "2_20": 0.1828499436378479,
    "2_21": 0.21185371279716492,
    "2_22": 0.1954602748155594,
    "2_23": 0.17906683683395386,
    "2_24": 0.3139974772930145,
    "2_25": 0.3316519558429718,
    "2_26": 0.02143757790327072,
    "2_27": 0.02143757790327072,
    "2_28": 0.02143757790327072,
    "2_29": 0.02143757790327072,
    "2_30": 0.02143757790327072,
    "2_31": 0.02143757790327072,
    "2_32": 0.02143757790327072,
    "2_33": 0.6519545912742615,
    "3_0": 0.06809584051370621,
    "3_1": 0.08575031161308289,
    "3_2": 0.08322824537754059,
    "3_3": 0.09079445153474808,
    "3_4": 0.10214375704526901,
    "3_5": 0.10088272392749786,
    "3_6": 0.1122320294380188,
    "3_7": 0.11979823559522629,
    "3_8": 0.12358133494853973,
    "3_9": 0.11727616935968399,
    "3_10": 0.11853720247745514,
    "3_11": 0.1147540956735611,
    "3_12": 0.09709962457418442,
    "3_13": 0.11349306255578995,
    "3_14": 0.10592685639858246,
    "3_15": 0.13114753365516663,
    "3_16": 0.13745270669460297,
    "3_17": 0.12105926871299744,
    "3_18": 0.11601513624191284,
    "3_19": 0.16645649075508118,
    "3_20": 0.17906683683395386,
    "3_21": 0.18158890306949615,
    "3_22": 0.1853720098733902,
    "3_23": 0.15510718524456024,
    "3_24": 0.2774274945259094,
    "3_25": 0.5271122455596924,
    "3_26": 0.02143757790327072,
    "3_27": 0.02143757790327072,
    "3_28": 0.02143757790327072,
    "3_29": 0.02143757790327072,
    "3_30": 0.02143757790327072,
    "3_31": 0.02143757790327072,
    "3_32": 0.02143757790327072,
    "3_33": 0.7074400782585144
  },
  "shuffle_control": {
    "-2_17": 0.017654476687312126,
    "-1_17": 0.02269861288368702,
    "0_17": 0.03530895337462425,
    "1_17": 0.02900378406047821,
    "2_17": 0.020176544785499573,
    "3_17": 0.020176544785499573
  },
  "peak_acc_by_offset": {
    "-2": 0.8625472784042358,
    "-1": 0.814628005027771,
    "0": 0.8083228468894958,
    "1": 0.7276166677474976,
    "2": 0.6519545912742615,
    "3": 0.7074400782585144
  },
  "delta_newline": 0.7868852689862251,
  "delta_newline_layer": 26
}