{
  "tag": "onpolicy_kd_ckpt_100",
  "n_families": 133,
  "n_train": 1495,
  "n_val": 793,
  "n_layers": 34,
  "offsets": [
    -2,
    -1,
    0,
    1,
    2,
    3
  ],
  "acc": {
    "-2_0": 0.8348045349121094,
    "-2_1": 0.8348045349121094,
    "-2_2": 0.8209331631660461,
    "-2_3": 0.8423707485198975,
    "-2_4": 0.8070617914199829,
    "-2_5": 0.8007566332817078,
    "-2_6": 0.7944514751434326,
    "-2_7": 0.7856242060661316,
    "-2_8": 0.7692307829856873,
    "-2_9": 0.8020176291465759,
    "-2_10": 0.7414880394935608,
    "-2_11": 0.7805801033973694,
    "-2_12": 0.7730138897895813,
    "-2_13": 0.750315248966217,
    "-2_14": 0.7717528343200684,
    "-2_15": 0.810844898223877,
    "-2_16": 0.7805801033973694,
    "-2_17": 0.7982345819473267,
    "-2_18": 0.8259773254394531,
    "-2_19": 0.8436318039894104,
    "-2_20": 0.8448927998542786,
    "-2_21": 0.8537200689315796,
    "-2_22": 0.8486759066581726,
    "-2_23": 0.8600252270698547,
    "-2_24": 0.8499369621276855,
    "-2_25": 0.02143757790327072,
    "-2_26": 0.02143757790327072,
    "-2_27": 0.02143757790327072,
    "-2_28": 0.02143757790327072,
    "-2_29": 0.02143757790327072,
    "-2_30": 0.02143757790327072,
    "-2_31": 0.02143757790327072,
    "-2_32": 0.02143757790327072,
    "-2_33": 0.8284993767738342,
    "-1_0": 0.034047920256853104,
    "-1_1": 0.04413619264960289,
    "-1_2": 0.4337957203388214,
    "-1_3": 0.5725094676017761,
    "-1_4": 0.6469104886054993,
    "-1_5": 0.4703657031059265,
    "-1_6": 0.41109710931777954,
    "-1_7": 0.375788152217865,
    "-1_8": 0.3215636909008026,
    "-1_9": 0.3556115925312042,
    "-1_10": 0.39848676323890686,
    "-1_11": 0.29129886627197266,
    "-1_12": 0.2635561227798462,
    "-1_13": 0.3316519558429718,
    "-1_14": 0.28373265266418457,
    "-1_15": 0.29886507987976074,
    "-1_16": 0.28373265266418457,
    "-1_17": 0.316519558429718,
    "-1_18": 0.49180328845977783,
    "-1_19": 0.48171499371528625,
    "-1_20": 0.36696091294288635,
    "-1_21": 0.5296342968940735,
    "-1_22": 0.7074400782585144,
    "-1_23": 0.6822194457054138,
    "-1_24": 0.7616645693778992,
    "-1_25": 0.755359411239624,
    "-1_26": 0.7313997745513916,
    "-1_27": 0.7339218258857727,
    "-1_28": 0.02143757790327072,
    "-1_29": 0.02143757790327072,
    "-1_30": 0.02143757790327072,
    "-1_31": 0.02143757790327072,
    "-1_32": 0.02143757790327072,
    "-1_33": 0.8234552145004272,
    "0_0": 0.034047920256853104,
    "0_1": 0.02143757790327072,
    "0_2": 0.0756620466709137,
    "0_3": 0.07944514602422714,
    "0_4": 0.28121060132980347,
    "0_5": 0.12610340118408203,
    "0_6": 0.039092056453228,
    "0_7": 0.07187893986701965,
    "0_8": 0.06557376682758331,
    "0_9": 0.06683480739593506,
    "0_10": 0.0365699864923954,
    "0_11": 0.034047920256853104,
    "0_12": 0.02269861288368702,
    "0_13": 0.026481714099645615,
    "0_14": 0.055485498160123825,
    "0_15": 0.05926860123872757,
    "0_16": 0.03783102333545685,
    "0_17": 0.05170239508152008,
    "0_18": 0.09079445153474808,
    "0_19": 0.15006305277347565,
    "0_20": 0.2686002552509308,
    "0_21": 0.3480454087257385,
    "0_22": 0.438839852809906,
    "0_23": 0.31147539615631104,
    "0_24": 0.5687263607978821,
    "0_25": 0.6658259630203247,
    "0_26": 0.8171500563621521,
    "0_27": 0.02143757790327072,
    "0_28": 0.02143757790327072,
    "0_29": 0.02143757790327072,
    "0_30": 0.02143757790327072,
    "0_31": 0.02143757790327072,
    "0_32": 0.02143757790327072,
    "0_33": 0.8133669495582581,
    "1_0": 0.026481714099645615,
    "1_1": 0.047919295728206635,
    "1_2": 0.04539722576737404,
    "1_3": 0.08953341841697693,
    "1_4": 0.10466582328081131,
    "1_5": 0.09457755088806152,
    "1_6": 0.078184112906456,
    "1_7": 0.08196721225976944,
    "1_8": 0.09331651777029037,
    "1_9": 0.10214375704526901,
    "1_10": 0.11349306255578995,
    "1_11": 0.09457755088806152,
    "1_12": 0.078184112906456,
    "1_13": 0.13745270669460297,
    "1_14": 0.13619168102741241,
    "1_15": 0.19672131538391113,
    "1_16": 0.16267339885234833,
    "1_17": 0.15006305277347565,
    "1_18": 0.1828499436378479,
    "1_19": 0.24211853742599487,
    "1_20": 0.2925598919391632,
    "1_21": 0.3518284857273102,
    "1_22": 0.3556115925312042,
    "1_23": 0.3190416097640991,
    "1_24": 0.48675915598869324,
    "1_25": 0.5107187628746033,
    "1_26": 0.02143757790327072,
    "1_27": 0.02143757790327072,
    "1_28": 0.02143757790327072,
    "1_29": 0.02143757790327072,
    "1_30": 0.02143757790327072,
    "1_31": 0.02143757790327072,
    "1_32": 0.02143757790327072,
    "1_33": 0.7124842405319214,
    "2_0": 0.08196721225976944,
    "2_1": 0.08575031161308289,
    "2_2": 0.08827238529920578,
    "2_3": 0.0756620466709137,
    "2_4": 0.09962169080972672,
    "2_5": 0.09709962457418442,
    "2_6": 0.13240857422351837,
    "2_7": 0.1071878969669342,
    "2_8": 0.11601513624191284,
    "2_9": 0.12736444175243378,
    "2_10": 0.14249685406684875,
    "2_11": 0.09583859145641327,
    "2_12": 0.09962169080972672,
    "2_13": 0.10844893008470535,
    "2_14": 0.1147540956735611,
    "2_15": 0.13997477293014526,
    "2_16": 0.12862546741962433,
    "2_17": 0.13493064045906067,
    "2_18": 0.11727616935968399,
    "2_19": 0.17402270436286926,
    "2_20": 0.17654477059841156,
    "2_21": 0.20807062089443207,
    "2_22": 0.1904161423444748,
    "2_23": 0.20428751409053802,
    "2_24": 0.316519558429718,
    "2_25": 0.35687264800071716,
    "2_26": 0.02143757790327072,
    "2_27": 0.02143757790327072,
    "2_28": 0.02143757790327072,
    "2_29": 0.02143757790327072,
    "2_30": 0.02143757790327072,
    "2_31": 0.02143757790327072,
    "2_32": 0.02143757790327072,
    "2_33": 0.6595208048820496,
    "3_0": 0.07187893986701965,
    "3_1": 0.07944514602422714,
    "3_2": 0.07692307978868484,
    "3_3": 0.08196721225976944,
    "3_4": 0.09205548465251923,
    "3_5": 0.09962169080972672,
    "3_6": 0.12736444175243378,
    "3_7": 0.11727616935968399,
    "3_8": 0.1122320294380188,
    "3_9": 0.1071878969669342,
    "3_10": 0.12105926871299744,
    "3_11": 0.1122320294380188,
    "3_12": 0.1097099632024765,
    "3_13": 0.1097099632024765,
    "3_14": 0.12610340118408203,
    "3_15": 0.13493064045906067,
    "3_16": 0.12862546741962433,
    "3_17": 0.12484236806631088,
    "3_18": 0.11727616935968399,
    "3_19": 0.16393442451953888,
    "3_20": 0.18411096930503845,
    "3_21": 0.19798234105110168,
    "3_22": 0.1853720098733902,
    "3_23": 0.1929382085800171,
    "3_24": 0.2875157594680786,
    "3_25": 0.5346784591674805,
    "3_26": 0.02143757790327072,
    "3_27": 0.02143757790327072,
    "3_28": 0.02143757790327072,
    "3_29": 0.02143757790327072,
    "3_30": 0.02143757790327072,
    "3_31": 0.02143757790327072,
    "3_32": 0.02143757790327072,
    "3_33": 0.6847414970397949
  },
  "shuffle_control": {
    "-2_17": 0.03152585029602051,
    "-1_17": 0.02269861288368702,
    "0_17": 0.008827238343656063,
    "1_17": 0.017654476687312126,
    "2_17": 0.017654476687312126,
    "3_17": 0.0365699864923954
  },
  "peak_acc_by_offset": {
    "-2": 0.8600252270698547,
    "-1": 0.8234552145004272,
    "0": 0.8171500563621521,
    "1": 0.7124842405319214,
    "2": 0.6595208048820496,
    "3": 0.6847414970397949
  },
  "delta_newline": 0.7957124784588814,
  "delta_newline_layer": 26
}