{
  "tag": "onpolicy_kd_seed1_ckpt_100",
  "n_families": 135,
  "n_train": 1495,
  "n_val": 796,
  "n_layers": 34,
  "offsets": [
    -2,
    -1,
    0,
    1,
    2,
    3
  ],
  "acc": {
    "-2_0": 0.8454774022102356,
    "-2_1": 0.8467336297035217,
    "-2_2": 0.8492462038993835,
    "-2_3": 0.8266331553459167,
    "-2_4": 0.8266331553459167,
    "-2_5": 0.8115577697753906,
    "-2_6": 0.80402010679245,
    "-2_7": 0.8253768682479858,
    "-2_8": 0.8052763938903809,
    "-2_9": 0.7776381969451904,
    "-2_10": 0.80402010679245,
    "-2_11": 0.7952260971069336,
    "-2_12": 0.8002512454986572,
    "-2_13": 0.7889447212219238,
    "-2_14": 0.7525125741958618,
    "-2_15": 0.7939698696136475,
    "-2_16": 0.8065326809883118,
    "-2_17": 0.8115577697753906,
    "-2_18": 0.8379396796226501,
    "-2_19": 0.840452253818512,
    "-2_20": 0.8417085409164429,
    "-2_21": 0.8517587780952454,
    "-2_22": 0.8542713522911072,
    "-2_23": 0.8618090152740479,
    "-2_24": 0.856783926486969,
    "-2_25": 0.02010050229728222,
    "-2_26": 0.02010050229728222,
    "-2_27": 0.02010050229728222,
    "-2_28": 0.02010050229728222,
    "-2_29": 0.02010050229728222,
    "-2_30": 0.02010050229728222,
    "-2_31": 0.02010050229728222,
    "-2_32": 0.02010050229728222,
    "-2_33": 0.8492462038993835,
    "-1_0": 0.04396984726190567,
    "-1_1": 0.04396984726190567,
    "-1_2": 0.5012562870979309,
    "-1_3": 0.536432147026062,
    "-1_4": 0.6570351719856262,
    "-1_5": 0.5062813758850098,
    "-1_6": 0.45854270458221436,
    "-1_7": 0.35301506519317627,
    "-1_8": 0.3680904507637024,
    "-1_9": 0.3329145610332489,
    "-1_10": 0.42211055755615234,
    "-1_11": 0.27889448404312134,
    "-1_12": 0.2726130485534668,
    "-1_13": 0.30402010679244995,
    "-1_14": 0.2713567912578583,
    "-1_15": 0.3103015124797821,
    "-1_16": 0.26633164286613464,
    "-1_17": 0.2613065242767334,
    "-1_18": 0.4874371886253357,
    "-1_19": 0.46859297156333923,
    "-1_20": 0.4623115658760071,
    "-1_21": 0.5452260971069336,
    "-1_22": 0.7072864174842834,
    "-1_23": 0.6369346380233765,
    "-1_24": 0.7361809015274048,
    "-1_25": 0.7625628113746643,
    "-1_26": 0.7550250887870789,
    "-1_27": 0.7424622774124146,
    "-1_28": 0.02010050229728222,
    "-1_29": 0.02010050229728222,
    "-1_30": 0.02010050229728222,
    "-1_31": 0.02010050229728222,
    "-1_32": 0.02010050229728222,
    "-1_33": 0.8291457295417786,
    "0_0": 0.0,
    "0_1": 0.017587939277291298,
    "0_2": 0.08542713522911072,
    "0_3": 0.10427135229110718,
    "0_4": 0.2751256227493286,
    "0_5": 0.11180904507637024,
    "0_6": 0.03768844157457352,
    "0_7": 0.09924623370170593,
    "0_8": 0.05025125667452812,
    "0_9": 0.09798994660377502,
    "0_10": 0.07663316279649734,
    "0_11": 0.02261306531727314,
    "0_12": 0.013819095678627491,
    "0_13": 0.04522613063454628,
    "0_14": 0.02512562833726406,
    "0_15": 0.04648241028189659,
    "0_16": 0.04899497330188751,
    "0_17": 0.035175878554582596,
    "0_18": 0.0716080367565155,
    "0_19": 0.1557788997888565,
    "0_20": 0.19974873960018158,
    "0_21": 0.37437185645103455,
    "0_22": 0.39949747920036316,
    "0_23": 0.3706030249595642,
    "0_24": 0.5665829181671143,
    "0_25": 0.6582914590835571,
    "0_26": 0.8304020166397095,
    "0_27": 0.02010050229728222,
    "0_28": 0.02010050229728222,
    "0_29": 0.02010050229728222,
    "0_30": 0.02010050229728222,
    "0_31": 0.02010050229728222,
    "0_32": 0.02010050229728222,
    "0_33": 0.8128140568733215,
    "1_0": 0.013819095678627491,
    "1_1": 0.04020100459456444,
    "1_2": 0.03768844157457352,
    "1_3": 0.09422110766172409,
    "1_4": 0.11055276542901993,
    "1_5": 0.07537688314914703,
    "1_6": 0.07286432385444641,
    "1_7": 0.07914572954177856,
    "1_8": 0.10929647833108902,
    "1_9": 0.1193467304110527,
    "1_10": 0.12311557680368423,
    "1_11": 0.11809045076370239,
    "1_12": 0.10050251334905624,
    "1_13": 0.1319095492362976,
    "1_14": 0.10804019868373871,
    "1_15": 0.17336682975292206,
    "1_16": 0.1532663255929947,
    "1_17": 0.15954773128032684,
    "1_18": 0.1670854240655899,
    "1_19": 0.24246230721473694,
    "1_20": 0.27763819694519043,
    "1_21": 0.33919596672058105,
    "1_22": 0.356783926486969,
    "1_23": 0.34045225381851196,
    "1_24": 0.5037688612937927,
    "1_25": 0.02010050229728222,
    "1_26": 0.02010050229728222,
    "1_27": 0.02010050229728222,
    "1_28": 0.02010050229728222,
    "1_29": 0.02010050229728222,
    "1_30": 0.02010050229728222,
    "1_31": 0.02010050229728222,
    "1_32": 0.02010050229728222,
    "1_33": 0.7386934757232666,
    "2_0": 0.07663316279649734,
    "2_1": 0.09296482056379318,
    "2_2": 0.08919598162174225,
    "2_3": 0.09045226126909256,
    "2_4": 0.11432160437107086,
    "2_5": 0.10929647833108902,
    "2_6": 0.13944724202156067,
    "2_7": 0.1193467304110527,
    "2_8": 0.12437185645103455,
    "2_9": 0.12437185645103455,
    "2_10": 0.14698491990566254,
    "2_11": 0.12311557680368423,
    "2_12": 0.12185929715633392,
    "2_13": 0.11306532472372055,
    "2_14": 0.11683417111635208,
    "2_15": 0.1419598013162613,
    "2_16": 0.1532663255929947,
    "2_17": 0.13944724202156067,
    "2_18": 0.13819095492362976,
    "2_19": 0.17085427045822144,
    "2_20": 0.2123115509748459,
    "2_21": 0.22110553085803986,
    "2_22": 0.23618090152740479,
    "2_23": 0.23366834223270416,
    "2_24": 0.35301506519317627,
    "2_25": 0.38944724202156067,
    "2_26": 0.02010050229728222,
    "2_27": 0.02010050229728222,
    "2_28": 0.02010050229728222,
    "2_29": 0.02010050229728222,
    "2_30": 0.02010050229728222,
    "2_31": 0.02010050229728222,
    "2_32": 0.02010050229728222,
    "2_33": 0.663316547870636,
    "3_0": 0.056532662361860275,
    "3_1": 0.07537688314914703,
    "3_2": 0.08040200918912888,
    "3_3": 0.0954773873090744,
    "3_4": 0.08919598162174225,
    "3_5": 0.09924623370170593,
    "3_6": 0.10552763938903809,
    "3_7": 0.12562814354896545,
    "3_8": 0.12437185645103455,
    "3_9": 0.11809045076370239,
    "3_10": 0.1193467304110527,
    "3_11": 0.10301507264375687,
    "3_12": 0.11557789146900177,
    "3_13": 0.11306532472372055,
    "3_14": 0.09045226126909256,
    "3_15": 0.12562814354896545,
    "3_16": 0.13693466782569885,
    "3_17": 0.12060301005840302,
    "3_18": 0.12562814354896545,
    "3_19": 0.1545226126909256,
    "3_20": 0.1783919632434845,
    "3_21": 0.18341708183288574,
    "3_22": 0.19346733391284943,
    "3_23": 0.18090452253818512,
    "3_24": 0.29020100831985474,
    "3_25": 0.5427135825157166,
    "3_26": 0.02010050229728222,
    "3_27": 0.02010050229728222,
    "3_28": 0.02010050229728222,
    "3_29": 0.02010050229728222,
    "3_30": 0.02010050229728222,
    "3_31": 0.02010050229728222,
    "3_32": 0.02010050229728222,
    "3_33": 0.7324120402336121
  },
  "shuffle_control": {
    "-2_17": 0.02512562833726406,
    "-1_17": 0.02261306531727314,
    "0_17": 0.030150752514600754,
    "1_17": 0.013819095678627491,
    "2_17": 0.0238693468272686,
    "3_17": 0.016331657767295837
  },
  "peak_acc_by_offset": {
    "-2": 0.8618090152740479,
    "-1": 0.8291457295417786,
    "0": 0.8304020166397095,
    "1": 0.7386934757232666,
    "2": 0.663316547870636,
    "3": 0.7324120402336121
  },
  "delta_newline": 0.8103015143424273,
  "delta_newline_layer": 26
}