{
  "tag": "onpolicy_kd_seed2_ckpt_100",
  "n_families": 135,
  "n_train": 1492,
  "n_val": 798,
  "n_layers": 34,
  "offsets": [
    -2,
    -1,
    0,
    1,
    2,
    3
  ],
  "acc": {
    "-2_0": 0.8395990133285522,
    "-2_1": 0.8483709096908569,
    "-2_2": 0.853383481502533,
    "-2_3": 0.8408521413803101,
    "-2_4": 0.8195488452911377,
    "-2_5": 0.8220551609992981,
    "-2_6": 0.8195488452911377,
    "-2_7": 0.8007518649101257,
    "-2_8": 0.7932330965995789,
    "-2_9": 0.8195488452911377,
    "-2_10": 0.8283208012580872,
    "-2_11": 0.8157894611358643,
    "-2_12": 0.8032581210136414,
    "-2_13": 0.7744360566139221,
    "-2_14": 0.786967396736145,
    "-2_15": 0.8145363330841064,
    "-2_16": 0.8070175647735596,
    "-2_17": 0.805764377117157,
    "-2_18": 0.8483709096908569,
    "-2_19": 0.8446115255355835,
    "-2_20": 0.8558897376060486,
    "-2_21": 0.8483709096908569,
    "-2_22": 0.8583959937095642,
    "-2_23": 0.8571428656578064,
    "-2_24": 0.8684210181236267,
    "-2_25": 0.017543859779834747,
    "-2_26": 0.017543859779834747,
    "-2_27": 0.017543859779834747,
    "-2_28": 0.017543859779834747,
    "-2_29": 0.017543859779834747,
    "-2_30": 0.017543859779834747,
    "-2_31": 0.017543859779834747,
    "-2_32": 0.017543859779834747,
    "-2_33": 0.8709273338317871,
    "-1_0": 0.02380952425301075,
    "-1_1": 0.08145363628864288,
    "-1_2": 0.359649121761322,
    "-1_3": 0.5739348530769348,
    "-1_4": 0.6842105388641357,
    "-1_5": 0.43483710289001465,
    "-1_6": 0.4197995066642761,
    "-1_7": 0.3320801854133606,
    "-1_8": 0.31704261898994446,
    "-1_9": 0.3333333432674408,
    "-1_10": 0.39974936842918396,
    "-1_11": 0.29323306679725647,
    "-1_12": 0.23433583974838257,
    "-1_13": 0.2969924807548523,
    "-1_14": 0.29323306679725647,
    "-1_15": 0.2719298303127289,
    "-1_16": 0.2644110321998596,
    "-1_17": 0.22180451452732086,
    "-1_18": 0.4724310636520386,
    "-1_19": 0.4774436056613922,
    "-1_20": 0.37719297409057617,
    "-1_21": 0.5451127886772156,
    "-1_22": 0.7330827116966248,
    "-1_23": 0.5939849615097046,
    "-1_24": 0.7631579041481018,
    "-1_25": 0.7218044996261597,
    "-1_26": 0.7418546080589294,
    "-1_27": 0.7593985199928284,
    "-1_28": 0.017543859779834747,
    "-1_29": 0.017543859779834747,
    "-1_30": 0.017543859779834747,
    "-1_31": 0.017543859779834747,
    "-1_32": 0.017543859779834747,
    "-1_33": 0.8233082890510559,
    "0_0": 0.01002506259828806,
    "0_1": 0.02130325883626938,
    "0_2": 0.1315789520740509,
    "0_3": 0.11278195679187775,
    "0_4": 0.2255639135837555,
    "0_5": 0.11027568578720093,
    "0_6": 0.06265664100646973,
    "0_7": 0.06265664100646973,
    "0_8": 0.05012531206011772,
    "0_9": 0.06390977650880814,
    "0_10": 0.07017543911933899,
    "0_11": 0.04887218028306961,
    "0_12": 0.008771929889917374,
    "0_13": 0.06265664100646973,
    "0_14": 0.027568921446800232,
    "0_15": 0.06265664100646973,
    "0_16": 0.05012531206011772,
    "0_17": 0.05639097839593887,
    "0_18": 0.06766917556524277,
    "0_19": 0.10150375962257385,
    "0_20": 0.2857142984867096,
    "0_21": 0.34210526943206787,
    "0_22": 0.4674185514450073,
    "0_23": 0.4060150384902954,
    "0_24": 0.5701754093170166,
    "0_25": 0.6766917109489441,
    "0_26": 0.8333333134651184,
    "0_27": 0.017543859779834747,
    "0_28": 0.017543859779834747,
    "0_29": 0.017543859779834747,
    "0_30": 0.017543859779834747,
    "0_31": 0.017543859779834747,
    "0_32": 0.017543859779834747,
    "0_33": 0.8082706928253174,
    "1_0": 0.03759398311376572,
    "1_1": 0.04135338217020035,
    "1_2": 0.055137842893600464,
    "1_3": 0.0839598998427391,
    "1_4": 0.0827067643404007,
    "1_5": 0.10526315867900848,
    "1_6": 0.07769423723220825,
    "1_7": 0.08521303534507751,
    "1_8": 0.12155388295650482,
    "1_9": 0.12907268106937408,
    "1_10": 0.12781955301761627,
    "1_11": 0.11779448390007019,
    "1_12": 0.08646616339683533,
    "1_13": 0.12656641006469727,
    "1_14": 0.1441102772951126,
    "1_15": 0.16416040062904358,
    "1_16": 0.15914787352085114,
    "1_17": 0.15288220345973969,
    "1_18": 0.1553884744644165,
    "1_19": 0.2631579041481018,
    "1_20": 0.2994987368583679,
    "1_21": 0.3684210479259491,
    "1_22": 0.3433583974838257,
    "1_23": 0.3483709394931793,
    "1_24": 0.49373432993888855,
    "1_25": 0.017543859779834747,
    "1_26": 0.017543859779834747,
    "1_27": 0.017543859779834747,
    "1_28": 0.017543859779834747,
    "1_29": 0.017543859779834747,
    "1_30": 0.017543859779834747,
    "1_31": 0.017543859779834747,
    "1_32": 0.017543859779834747,
    "1_33": 0.7180451154708862,
    "2_0": 0.06390977650880814,
    "2_1": 0.07644110172986984,
    "2_2": 0.07518796622753143,
    "2_3": 0.09649122506380081,
    "2_4": 0.1077694222331047,
    "2_5": 0.08521303534507751,
    "2_6": 0.13533835113048553,
    "2_7": 0.1303258091211319,
    "2_8": 0.11654135584831238,
    "2_9": 0.11278195679187775,
    "2_10": 0.13784460723400116,
    "2_11": 0.09649122506380081,
    "2_12": 0.10025062412023544,
    "2_13": 0.09899749606847763,
    "2_14": 0.10275689512491226,
    "2_15": 0.1428571492433548,
    "2_16": 0.12907268106937408,
    "2_17": 0.12155388295650482,
    "2_18": 0.12280701845884323,
    "2_19": 0.1679197996854782,
    "2_20": 0.20551379024982452,
    "2_21": 0.21929824352264404,
    "2_22": 0.22055137157440186,
    "2_23": 0.21929824352264404,
    "2_24": 0.32957392930984497,
    "2_25": 0.3671679198741913,
    "2_26": 0.017543859779834747,
    "2_27": 0.017543859779834747,
    "2_28": 0.017543859779834747,
    "2_29": 0.017543859779834747,
    "2_30": 0.017543859779834747,
    "2_31": 0.017543859779834747,
    "2_32": 0.017543859779834747,
    "2_33": 0.6779448390007019,
    "3_0": 0.06641604006290436,
    "3_1": 0.08771929889917374,
    "3_2": 0.06390977650880814,
    "3_3": 0.07268170267343521,
    "3_4": 0.09398496150970459,
    "3_5": 0.09649122506380081,
    "3_6": 0.12280701845884323,
    "3_7": 0.11779448390007019,
    "3_8": 0.11528822034597397,
    "3_9": 0.1190476194024086,
    "3_10": 0.11403508484363556,
    "3_11": 0.11027568578720093,
    "3_12": 0.1190476194024086,
    "3_13": 0.11278195679187775,
    "3_14": 0.11027568578720093,
    "3_15": 0.1315789520740509,
    "3_16": 0.11403508484363556,
    "3_17": 0.12280701845884323,
    "3_18": 0.12280701845884323,
    "3_19": 0.1679197996854782,
    "3_20": 0.190476194024086,
    "3_21": 0.19674184918403625,
    "3_22": 0.1779448539018631,
    "3_23": 0.17669172585010529,
    "3_24": 0.28947368264198303,
    "3_25": 0.5050125122070312,
    "3_26": 0.017543859779834747,
    "3_27": 0.017543859779834747,
    "3_28": 0.017543859779834747,
    "3_29": 0.017543859779834747,
    "3_30": 0.017543859779834747,
    "3_31": 0.017543859779834747,
    "3_32": 0.017543859779834747,
    "3_33": 0.7105262875556946
  },
  "shuffle_control": {
    "-2_17": 0.017543859779834747,
    "-1_17": 0.027568921446800232,
    "0_17": 0.01253132801502943,
    "1_17": 0.02506265603005886,
    "2_17": 0.027568921446800232,
    "3_17": 0.017543859779834747
  },
  "peak_acc_by_offset": {
    "-2": 0.8709273338317871,
    "-1": 0.8233082890510559,
    "0": 0.8333333134651184,
    "1": 0.7180451154708862,
    "2": 0.6779448390007019,
    "3": 0.7105262875556946
  },
  "delta_newline": 0.8157894536852837,
  "delta_newline_layer": 26
}