{
  "tag": "relax12b_offpolicy",
  "n_families": 109,
  "n_train": 999,
  "n_val": 497,
  "n_layers": 48,
  "offsets": [
    -2,
    -1,
    0,
    1,
    2,
    3
  ],
  "acc": {
    "-2_0": 0.7987927198410034,
    "-2_1": 0.7987927198410034,
    "-2_2": 0.7525150775909424,
    "-2_3": 0.7887323498725891,
    "-2_4": 0.7746478319168091,
    "-2_5": 0.7404426336288452,
    "-2_6": 0.7364184856414795,
    "-2_7": 0.728370189666748,
    "-2_8": 0.7082494497299194,
    "-2_9": 0.7183098196983337,
    "-2_10": 0.700201153755188,
    "-2_11": 0.728370189666748,
    "-2_12": 0.6720321774482727,
    "-2_13": 0.6800804734230042,
    "-2_14": 0.682092547416687,
    "-2_15": 0.7344064116477966,
    "-2_16": 0.7122735977172852,
    "-2_17": 0.7826961278915405,
    "-2_18": 0.6720321774482727,
    "-2_19": 0.7183098196983337,
    "-2_20": 0.668008029460907,
    "-2_21": 0.6418510675430298,
    "-2_22": 0.6317906975746155,
    "-2_23": 0.6800804734230042,
    "-2_24": 0.6901408433914185,
    "-2_25": 0.016096578910946846,
    "-2_26": 0.7545271515846252,
    "-2_27": 0.016096578910946846,
    "-2_28": 0.016096578910946846,
    "-2_29": 0.016096578910946846,
    "-2_30": 0.016096578910946846,
    "-2_31": 0.016096578910946846,
    "-2_32": 0.016096578910946846,
    "-2_33": 0.016096578910946846,
    "-2_34": 0.016096578910946846,
    "-2_35": 0.016096578910946846,
    "-2_36": 0.016096578910946846,
    "-2_37": 0.016096578910946846,
    "-2_38": 0.016096578910946846,
    "-2_39": 0.016096578910946846,
    "-2_40": 0.016096578910946846,
    "-2_41": 0.016096578910946846,
    "-2_42": 0.016096578910946846,
    "-2_43": 0.016096578910946846,
    "-2_44": 0.016096578910946846,
    "-2_45": 0.016096578910946846,
    "-2_46": 0.016096578910946846,
    "-2_47": 0.8068410158157349,
    "-1_0": 0.014084506779909134,
    "-1_1": 0.03018108569085598,
    "-1_2": 0.3963782489299774,
    "-1_3": 0.5573440194129944,
    "-1_4": 0.5593560934066772,
    "-1_5": 0.4909456670284271,
    "-1_6": 0.5573440194129944,
    "-1_7": 0.577464759349823,
    "-1_8": 0.5573440194129944,
    "-1_9": 0.4708249270915985,
    "-1_10": 0.4245472550392151,
    "-1_11": 0.39436617493629456,
    "-1_12": 0.364185094833374,
    "-1_13": 0.34607645869255066,
    "-1_14": 0.30382293462753296,
    "-1_15": 0.27766597270965576,
    "-1_16": 0.4446679949760437,
    "-1_17": 0.3219315707683563,
    "-1_18": 0.30985915660858154,
    "-1_19": 0.22334003448486328,
    "-1_20": 0.3279677927494049,
    "-1_21": 0.32997986674308777,
    "-1_22": 0.3078470826148987,
    "-1_23": 0.2857142686843872,
    "-1_24": 0.265593558549881,
    "-1_25": 0.3561367988586426,
    "-1_26": 0.016096578910946846,
    "-1_27": 0.016096578910946846,
    "-1_28": 0.016096578910946846,
    "-1_29": 0.016096578910946846,
    "-1_30": 0.016096578910946846,
    "-1_31": 0.016096578910946846,
    "-1_32": 0.016096578910946846,
    "-1_33": 0.016096578910946846,
    "-1_34": 0.016096578910946846,
    "-1_35": 0.016096578910946846,
    "-1_36": 0.016096578910946846,
    "-1_37": 0.016096578910946846,
    "-1_38": 0.016096578910946846,
    "-1_39": 0.016096578910946846,
    "-1_40": 0.016096578910946846,
    "-1_41": 0.016096578910946846,
    "-1_42": 0.016096578910946846,
    "-1_43": 0.016096578910946846,
    "-1_44": 0.016096578910946846,
    "-1_45": 0.016096578910946846,
    "-1_46": 0.016096578910946846,
    "-1_47": 0.7605633735656738,
    "0_0": 0.014084506779909134,
    "0_1": 0.028169013559818268,
    "0_2": 0.02012072317302227,
    "0_3": 0.06639838963747025,
    "0_4": 0.0422535203397274,
    "0_5": 0.03420523181557655,
    "0_6": 0.08853118121623993,
    "0_7": 0.06639838963747025,
    "0_8": 0.09859154373407364,
    "0_9": 0.07645875215530396,
    "0_10": 0.08249496668577194,
    "0_11": 0.04024144634604454,
    "0_12": 0.06639838963747025,
    "0_13": 0.04828973859548569,
    "0_14": 0.03420523181557655,
    "0_15": 0.02012072317302227,
    "0_16": 0.3440643846988678,
    "0_17": 0.3058350086212158,
    "0_18": 0.16498993337154388,
    "0_19": 0.14084506034851074,
    "0_20": 0.1428571343421936,
    "0_21": 0.09657947719097137,
    "0_22": 0.11468812823295593,
    "0_23": 0.1167001947760582,
    "0_24": 0.016096578910946846,
    "0_25": 0.016096578910946846,
    "0_26": 0.016096578910946846,
    "0_27": 0.016096578910946846,
    "0_28": 0.016096578910946846,
    "0_29": 0.016096578910946846,
    "0_30": 0.016096578910946846,
    "0_31": 0.016096578910946846,
    "0_32": 0.016096578910946846,
    "0_33": 0.016096578910946846,
    "0_34": 0.016096578910946846,
    "0_35": 0.016096578910946846,
    "0_36": 0.016096578910946846,
    "0_37": 0.016096578910946846,
    "0_38": 0.016096578910946846,
    "0_39": 0.016096578910946846,
    "0_40": 0.016096578910946846,
    "0_41": 0.016096578910946846,
    "0_42": 0.016096578910946846,
    "0_43": 0.016096578910946846,
    "0_44": 0.016096578910946846,
    "0_45": 0.016096578910946846,
    "0_46": 0.016096578910946846,
    "0_47": 0.7565392255783081,
    "1_0": 0.02012072317302227,
    "1_1": 0.03822937607765198,
    "1_2": 0.0684104636311531,
    "1_3": 0.0684104636311531,
    "1_4": 0.1167001947760582,
    "1_5": 0.08048289269208908,
    "1_6": 0.14688128232955933,
    "1_7": 0.1488933563232422,
    "1_8": 0.17303822934627533,
    "1_9": 0.10462776571512222,
    "1_10": 0.17706236243247986,
    "1_11": 0.15090543031692505,
    "1_12": 0.1529175043106079,
    "1_13": 0.12273641675710678,
    "1_14": 0.1368209272623062,
    "1_15": 0.11066398024559021,
    "1_16": 0.14688128232955933,
    "1_17": 0.11066398024559021,
    "1_18": 0.10462776571512222,
    "1_19": 0.09657947719097137,
    "1_20": 0.12474848330020905,
    "1_21": 0.15492957830429077,
    "1_22": 0.10462776571512222,
    "1_23": 0.11267605423927307,
    "1_24": 0.016096578910946846,
    "1_25": 0.016096578910946846,
    "1_26": 0.016096578910946846,
    "1_27": 0.016096578910946846,
    "1_28": 0.016096578910946846,
    "1_29": 0.016096578910946846,
    "1_30": 0.016096578910946846,
    "1_31": 0.016096578910946846,
    "1_32": 0.016096578910946846,
    "1_33": 0.016096578910946846,
    "1_34": 0.016096578910946846,
    "1_35": 0.016096578910946846,
    "1_36": 0.016096578910946846,
    "1_37": 0.016096578910946846,
    "1_38": 0.016096578910946846,
    "1_39": 0.016096578910946846,
    "1_40": 0.016096578910946846,
    "1_41": 0.016096578910946846,
    "1_42": 0.016096578910946846,
    "1_43": 0.016096578910946846,
    "1_44": 0.016096578910946846,
    "1_45": 0.016096578910946846,
    "1_46": 0.016096578910946846,
    "1_47": 0.7183098196983337,
    "2_0": 0.03018108569085598,
    "2_1": 0.07243460416793823,
    "2_2": 0.1006036177277565,
    "2_3": 0.11066398024559021,
    "2_4": 0.08048289269208908,
    "2_5": 0.10261569172143936,
    "2_6": 0.1006036177277565,
    "2_7": 0.12474848330020905,
    "2_8": 0.1327967792749405,
    "2_9": 0.11871226876974106,
    "2_10": 0.1167001947760582,
    "2_11": 0.12273641675710678,
    "2_12": 0.12877263128757477,
    "2_13": 0.10462776571512222,
    "2_14": 0.09657947719097137,
    "2_15": 0.10865190625190735,
    "2_16": 0.1006036177277565,
    "2_17": 0.12072434276342392,
    "2_18": 0.11267605423927307,
    "2_19": 0.10462776571512222,
    "2_20": 0.09657947719097137,
    "2_21": 0.12273641675710678,
    "2_22": 0.1167001947760582,
    "2_23": 0.09456740319728851,
    "2_24": 0.016096578910946846,
    "2_25": 0.016096578910946846,
    "2_26": 0.016096578910946846,
    "2_27": 0.016096578910946846,
    "2_28": 0.016096578910946846,
    "2_29": 0.016096578910946846,
    "2_30": 0.016096578910946846,
    "2_31": 0.016096578910946846,
    "2_32": 0.016096578910946846,
    "2_33": 0.016096578910946846,
    "2_34": 0.016096578910946846,
    "2_35": 0.016096578910946846,
    "2_36": 0.016096578910946846,
    "2_37": 0.016096578910946846,
    "2_38": 0.016096578910946846,
    "2_39": 0.016096578910946846,
    "2_40": 0.016096578910946846,
    "2_41": 0.016096578910946846,