{
  "tag": "relaxlong_offpolicy_ckpt_100",
  "n_families": 78,
  "n_train": 599,
  "n_val": 299,
  "n_layers": 34,
  "offsets": [
    -2,
    -1,
    0,
    1,
    2,
    3
  ],
  "acc": {
    "-2_0": 0.7625417709350586,
    "-2_1": 0.7926421165466309,
    "-2_2": 0.7725752592086792,
    "-2_3": 0.782608687877655,
    "-2_4": 0.7424749135971069,
    "-2_5": 0.6688963174819946,
    "-2_6": 0.6387959718704224,
    "-2_7": 0.6521739363670349,
    "-2_8": 0.6287625432014465,
    "-2_9": 0.5886287689208984,
    "-2_10": 0.6488294005393982,
    "-2_11": 0.6086956262588501,
    "-2_12": 0.5785953402519226,
    "-2_13": 0.571906328201294,
    "-2_14": 0.5986621975898743,
    "-2_15": 0.5953177213668823,
    "-2_16": 0.6688963174819946,
    "-2_17": 0.7491638660430908,
    "-2_18": 0.8394649028778076,
    "-2_19": 0.8160535097122192,
    "-2_20": 0.8494983315467834,
    "-2_21": 0.8662207126617432,
    "-2_22": 0.8862876296043396,
    "-2_23": 0.9030100107192993,
    "-2_24": 0.9130434989929199,
    "-2_25": 0.8963210582733154,
    "-2_26": 0.020066889002919197,
    "-2_27": 0.020066889002919197,
    "-2_28": 0.020066889002919197,
    "-2_29": 0.020066889002919197,
    "-2_30": 0.020066889002919197,
    "-2_31": 0.020066889002919197,
    "-2_32": 0.020066889002919197,
    "-2_33": 0.8896321058273315,
    "-1_0": 0.046822741627693176,
    "-1_1": 0.06020066887140274,
    "-1_2": 0.4046822786331177,
    "-1_3": 0.4648829400539398,
    "-1_4": 0.52173912525177,
    "-1_5": 0.44147157669067383,
    "-1_6": 0.33779263496398926,
    "-1_7": 0.284280925989151,
    "-1_8": 0.23411370813846588,
    "-1_9": 0.1872909665107727,
    "-1_10": 0.22408026456832886,
    "-1_11": 0.18060199916362762,
    "-1_12": 0.19732441008090973,
    "-1_13": 0.23076923191547394,
    "-1_14": 0.2107023447751999,
    "-1_15": 0.23076923191547394,
    "-1_16": 0.19397993385791779,
    "-1_17": 0.19397993385791779,
    "-1_18": 0.3478260934352875,
    "-1_19": 0.33779263496398926,
    "-1_20": 0.36120399832725525,
    "-1_21": 0.5183946490287781,
    "-1_22": 0.6521739363670349,
    "-1_23": 0.6488294005393982,
    "-1_24": 0.7993310689926147,
    "-1_25": 0.7792642116546631,
    "-1_26": 0.829431414604187,
    "-1_27": 0.8428093791007996,
    "-1_28": 0.020066889002919197,
    "-1_29": 0.020066889002919197,
    "-1_30": 0.020066889002919197,
    "-1_31": 0.020066889002919197,
    "-1_32": 0.020066889002919197,
    "-1_33": 0.832775890827179,
    "0_0": 0.0,
    "0_1": 0.03010033443570137,
    "0_2": 0.1471571922302246,
    "0_3": 0.10702341049909592,
    "0_4": 0.2441471517086029,
    "0_5": 0.07023411244153976,
    "0_6": 0.043478261679410934,
    "0_7": 0.03678929805755615,
    "0_8": 0.03678929805755615,
    "0_9": 0.09364548325538635,
    "0_10": 0.046822741627693176,
    "0_11": 0.02675585262477398,
    "0_12": 0.05351170524954796,
    "0_13": 0.06354515254497528,
    "0_14": 0.07023411244153976,
    "0_15": 0.07023411244153976,
    "0_16": 0.08026755601167679,
    "0_17": 0.08695652335882187,
    "0_18": 0.18394649028778076,
    "0_19": 0.3177257478237152,
    "0_20": 0.4548494815826416,
    "0_21": 0.4615384638309479,
    "0_22": 0.5819398164749146,
    "0_23": 0.5150501728057861,
    "0_24": 0.6454849243164062,
    "0_25": 0.6488294005393982,
    "0_26": 0.8461538553237915,
    "0_27": 0.8695651888847351,
    "0_28": 0.020066889002919197,
    "0_29": 0.020066889002919197,
    "0_30": 0.020066889002919197,
    "0_31": 0.020066889002919197,
    "0_32": 0.020066889002919197,
    "0_33": 0.8160535097122192,
    "1_0": 0.023411370813846588,
    "1_1": 0.0,
    "1_2": 0.05016722530126572,
    "1_3": 0.06354515254497528,
    "1_4": 0.09030099958181381,
    "1_5": 0.06020066887140274,
    "1_6": 0.10033445060253143,
    "1_7": 0.06354515254497528,
    "1_8": 0.08695652335882187,
    "1_9": 0.09030099958181381,
    "1_10": 0.09698996692895889,
    "1_11": 0.07692307978868484,
    "1_12": 0.08026755601167679,
    "1_13": 0.1304347813129425,
    "1_14": 0.15050166845321655,
    "1_15": 0.16722407937049866,
    "1_16": 0.16053511202335358,
    "1_17": 0.15719063580036163,
    "1_18": 0.15050166845321655,
    "1_19": 0.2541806101799011,
    "1_20": 0.26421403884887695,
    "1_21": 0.39464882016181946,
    "1_22": 0.37123745679855347,
    "1_23": 0.3511705696582794,
    "1_24": 0.4314381182193756,
    "1_25": 0.46822741627693176,
    "1_26": 0.020066889002919197,
    "1_27": 0.020066889002919197,
    "1_28": 0.020066889002919197,
    "1_29": 0.020066889002919197,
    "1_30": 0.020066889002919197,
    "1_31": 0.020066889002919197,
    "1_32": 0.020066889002919197,
    "1_33": 0.782608687877655,
    "2_0": 0.08695652335882187,
    "2_1": 0.10367892682552338,
    "2_2": 0.07692307978868484,
    "2_3": 0.06688962876796722,
    "2_4": 0.08695652335882187,
    "2_5": 0.09698996692895889,
    "2_6": 0.09364548325538635,
    "2_7": 0.10702341049909592,
    "2_8": 0.09698996692895889,
    "2_9": 0.09698996692895889,
    "2_10": 0.08361203968524933,
    "2_11": 0.11036789417266846,
    "2_12": 0.09698996692895889,
    "2_13": 0.10033445060253143,
    "2_14": 0.09030099958181381,
    "2_15": 0.12374582141637802,
    "2_16": 0.09030099958181381,
    "2_17": 0.11705685406923294,
    "2_18": 0.12374582141637802,
    "2_19": 0.1471571922302246,
    "2_20": 0.16722407937049866,
    "2_21": 0.1705685555934906,
    "2_22": 0.1872909665107727,
    "2_23": 0.15719063580036163,
    "2_24": 0.2709030210971832,
    "2_25": 0.2909699082374573,
    "2_26": 0.020066889002919197,
    "2_27": 0.020066889002919197,
    "2_28": 0.020066889002919197,
    "2_29": 0.020066889002919197,
    "2_30": 0.020066889002919197,
    "2_31": 0.020066889002919197,
    "2_32": 0.020066889002919197,
    "2_33": 0.6722407937049866,
    "3_0": 0.0735785961151123,
    "3_1": 0.08026755601167679,
    "3_2": 0.08026755601167679,
    "3_3": 0.08026755601167679,
    "3_4": 0.06354515254497528,
    "3_5": 0.08695652335882187,
    "3_6": 0.08026755601167679,
    "3_7": 0.08361203968524933,
    "3_8": 0.08695652335882187,
    "3_9": 0.0735785961151123,
    "3_10": 0.09364548325538635,
    "3_11": 0.09030099958181381,
    "3_12": 0.09364548325538635,
    "3_13": 0.08026755601167679,
    "3_14": 0.07692307978868484,
    "3_15": 0.08361203968524933,
    "3_16": 0.08026755601167679,
    "3_17": 0.09364548325538635,
    "3_18": 0.07023411244153976,
    "3_19": 0.1471571922302246,
    "3_20": 0.1638796031475067,
    "3_21": 0.15050166845321655,
    "3_22": 0.13712374866008759,
    "3_23": 0.14046822488307953,
    "3_24": 0.284280925989151,
    "3_25": 0.5317725539207458,
    "3_26": 0.739130437374115,
    "3_27": 0.020066889002919197,
    "3_28": 0.020066889002919197,
    "3_29": 0.020066889002919197,
    "3_30": 0.020066889002919197,
    "3_31": 0.020066889002919197,
    "3_32": 0.020066889002919197,
    "3_33": 0.6789297461509705
  },
  "shuffle_control": {
    "-2_17": 0.02675585262477398,
    "-1_17": 0.010033444501459599,
    "0_17": 0.02675585262477398,
    "1_17": 0.023411370813846588,
    "2_17": 0.023411370813846588,
    "3_17": 0.023411370813846588
  },
  "peak_acc_by_offset": {
    "-2": 0.9130434989929199,
    "-1": 0.8428093791007996,
    "0": 0.8695651888847351,
    "1": 0.782608687877655,
    "2": 0.6722407937049866,
    "3": 0.739130437374115
  },
  "delta_newline": 0.8494982998818159,
  "delta_newline_layer": 27
}