{
  "tag": "relax_moresft_seed2",
  "n_families": 52,
  "n_train": 1200,
  "n_val": 800,
  "n_layers": 34,
  "offsets": [
    -2,
    -1,
    0,
    1,
    2,
    3
  ],
  "acc": {
    "-2_0": 0.9462499618530273,
    "-2_1": 0.9474999904632568,
    "-2_2": 0.9399999976158142,
    "-2_3": 0.9387499690055847,
    "-2_4": 0.9237499833106995,
    "-2_5": 0.9049999713897705,
    "-2_6": 0.9212499856948853,
    "-2_7": 0.8799999952316284,
    "-2_8": 0.8449999690055847,
    "-2_9": 0.8737499713897705,
    "-2_10": 0.8999999761581421,
    "-2_11": 0.8549999594688416,
    "-2_12": 0.8849999904632568,
    "-2_13": 0.824999988079071,
    "-2_14": 0.8462499976158142,
    "-2_15": 0.8412500023841858,
    "-2_16": 0.875,
    "-2_17": 0.8650000095367432,
    "-2_18": 0.9487499594688416,
    "-2_19": 0.9412499666213989,
    "-2_20": 0.9437499642372131,
    "-2_21": 0.9674999713897705,
    "-2_22": 0.9637500047683716,
    "-2_23": 0.9724999666213989,
    "-2_24": 0.9662500023841858,
    "-2_25": 0.9724999666213989,
    "-2_26": 0.019999999552965164,
    "-2_27": 0.019999999552965164,
    "-2_28": 0.019999999552965164,
    "-2_29": 0.019999999552965164,
    "-2_30": 0.019999999552965164,
    "-2_31": 0.019999999552965164,
    "-2_32": 0.019999999552965164,
    "-2_33": 0.9737499952316284,
    "-1_0": 0.04625000059604645,
    "-1_1": 0.07124999910593033,
    "-1_2": 0.5274999737739563,
    "-1_3": 0.6875,
    "-1_4": 0.7274999618530273,
    "-1_5": 0.5525000095367432,
    "-1_6": 0.4762499928474426,
    "-1_7": 0.4274999797344208,
    "-1_8": 0.39124998450279236,
    "-1_9": 0.3449999988079071,
    "-1_10": 0.4424999952316284,
    "-1_11": 0.27250000834465027,
    "-1_12": 0.2449999898672104,
    "-1_13": 0.24124999344348907,
    "-1_14": 0.20749999582767487,
    "-1_15": 0.19874998927116394,
    "-1_16": 0.1850000023841858,
    "-1_17": 0.13625000417232513,
    "-1_18": 0.2549999952316284,
    "-1_19": 0.25999999046325684,
    "-1_20": 0.2212499976158142,
    "-1_21": 0.33124998211860657,
    "-1_22": 0.6775000095367432,
    "-1_23": 0.5237500071525574,
    "-1_24": 0.5999999642372131,
    "-1_25": 0.7087500095367432,
    "-1_26": 0.5924999713897705,
    "-1_27": 0.6312499642372131,
    "-1_28": 0.019999999552965164,
    "-1_29": 0.019999999552965164,
    "-1_30": 0.019999999552965164,
    "-1_31": 0.019999999552965164,
    "-1_32": 0.019999999552965164,
    "-1_33": 0.8112499713897705,
    "0_0": 0.022499999031424522,
    "0_1": 0.019999999552965164,
    "0_2": 0.2149999886751175,
    "0_3": 0.07999999821186066,
    "0_4": 0.33249998092651367,
    "0_5": 0.17624999582767487,
    "0_6": 0.054999999701976776,
    "0_7": 0.07750000059604645,
    "0_8": 0.05249999836087227,
    "0_9": 0.04999999701976776,
    "0_10": 0.07874999940395355,
    "0_11": 0.03374999761581421,
    "0_12": 0.03999999910593033,
    "0_13": 0.051249999552965164,
    "0_14": 0.042500000447034836,
    "0_15": 0.03374999761581421,
    "0_16": 0.027499999850988388,
    "0_17": 0.03500000014901161,
    "0_18": 0.04374999925494194,
    "0_19": 0.023749999701976776,
    "0_20": 0.04999999701976776,
    "0_21": 0.03125,
    "0_22": 0.03374999761581421,
    "0_23": 0.06875000149011612,
    "0_24": 0.04749999940395355,
    "0_25": 0.029999999329447746,
    "0_26": 0.01874999888241291,
    "0_27": 0.007499999832361937,
    "0_28": 0.019999999552965164,
    "0_29": 0.019999999552965164,
    "0_30": 0.019999999552965164,
    "0_31": 0.019999999552965164,
    "0_32": 0.019999999552965164,
    "0_33": 0.057499997317790985,
    "1_0": 0.016249999403953552,
    "1_1": 0.01874999888241291,
    "1_2": 0.04874999821186066,
    "1_3": 0.07000000029802322,
    "1_4": 0.051249999552965164,
    "1_5": 0.09624999761581421,
    "1_6": 0.07874999940395355,
    "1_7": 0.042500000447034836,
    "1_8": 0.10249999910593033,
    "1_9": 0.10374999791383743,
    "1_10": 0.0625,
    "1_11": 0.08124999701976776,
    "1_12": 0.04874999821186066,
    "1_13": 0.054999999701976776,
    "1_14": 0.03125,
    "1_15": 0.04625000059604645,
    "1_16": 0.03125,
    "1_17": 0.01874999888241291,
    "1_18": 0.036249998956918716,
    "1_19": 0.042500000447034836,
    "1_20": 0.04749999940395355,
    "1_21": 0.029999999329447746,
    "1_22": 0.05249999836087227,
    "1_23": 0.05249999836087227,
    "1_24": 0.0625,
    "1_25": 0.03999999910593033,
    "1_26": 0.19749999046325684,
    "1_27": 0.019999999552965164,
    "1_28": 0.019999999552965164,
    "1_29": 0.019999999552965164,
    "1_30": 0.019999999552965164,
    "1_31": 0.019999999552965164,
    "1_32": 0.019999999552965164,
    "1_33": 0.21124999225139618,
    "2_0": 0.028749998658895493,
    "2_1": 0.028749998658895493,
    "2_2": 0.027499999850988388,
    "2_3": 0.026249999180436134,
    "2_4": 0.04124999791383743,
    "2_5": 0.032499998807907104,
    "2_6": 0.04874999821186066,
    "2_7": 0.0625,
    "2_8": 0.06624999642372131,
    "2_9": 0.07374999672174454,
    "2_10": 0.054999999701976776,
    "2_11": 0.04374999925494194,
    "2_12": 0.042500000447034836,
    "2_13": 0.03374999761581421,
    "2_14": 0.036249998956918716,
    "2_15": 0.028749998658895493,
    "2_16": 0.028749998658895493,
    "2_17": 0.027499999850988388,
    "2_18": 0.04625000059604645,
    "2_19": 0.051249999552965164,
    "2_20": 0.05624999850988388,
    "2_21": 0.05624999850988388,
    "2_22": 0.04874999821186066,
    "2_23": 0.023749999701976776,
    "2_24": 0.05249999836087227,
    "2_25": 0.06499999761581421,
    "2_26": 0.08500000089406967,
    "2_27": 0.08874999731779099,
    "2_28": 0.019999999552965164,
    "2_29": 0.019999999552965164,
    "2_30": 0.019999999552965164,
    "2_31": 0.019999999552965164,
    "2_32": 0.019999999552965164,
    "2_33": 0.0949999988079071,
    "3_0": 0.017500000074505806,
    "3_1": 0.03125,
    "3_2": 0.03374999761581421,
    "3_3": 0.036249998956918716,
    "3_4": 0.03125,
    "3_5": 0.04999999701976776,
    "3_6": 0.057499997317790985,
    "3_7": 0.04124999791383743,
    "3_8": 0.057499997317790985,
    "3_9": 0.07000000029802322,
    "3_10": 0.05874999985098839,
    "3_11": 0.036249998956918716,
    "3_12": 0.038750000298023224,
    "3_13": 0.05874999985098839,
    "3_14": 0.042500000447034836,
    "3_15": 0.026249999180436134,
    "3_16": 0.032499998807907104,
    "3_17": 0.032499998807907104,
    "3_18": 0.042500000447034836,
    "3_19": 0.07499999552965164,
    "3_20": 0.05874999985098839,
    "3_21": 0.03500000014901161,
    "3_22": 0.07000000029802322,
    "3_23": 0.054999999701976776,
    "3_24": 0.04749999940395355,
    "3_25": 0.07124999910593033,
    "3_26": 0.3812499940395355,
    "3_27": 0.3050000071525574,
    "3_28": 0.019999999552965164,
    "3_29": 0.019999999552965164,
    "3_30": 0.019999999552965164,
    "3_31": 0.019999999552965164,
    "3_32": 0.019999999552965164,
    "3_33": 0.32249999046325684
  },
  "shuffle_control": {
    "-2_17": 0.038750000298023224,
    "-1_17": 0.019999999552965164,
    "0_17": 0.016249999403953552,
    "1_17": 0.03500000014901161,
    "2_17": 0.027499999850988388,
    "3_17": 0.017500000074505806
  },
  "peak_acc_by_offset": {
    "-2": 0.9737499952316284,
    "-1": 0.8112499713897705,
    "0": 0.33249998092651367,
    "1": 0.21124999225139618,
    "2": 0.0949999988079071,
    "3": 0.3812499940395355
  },
  "delta_newline": 0.2812499813735485,
  "delta_newline_layer": 4
}