{
  "tag": "relaxlong_onpolicy_ckpt_000",
  "n_families": 48,
  "n_train": 600,
  "n_val": 300,
  "n_layers": 34,
  "offsets": [
    -2,
    -1,
    0,
    1,
    2,
    3
  ],
  "acc": {
    "-2_0": 0.8266667127609253,
    "-2_1": 0.84333336353302,
    "-2_2": 0.8633333444595337,
    "-2_3": 0.8333333730697632,
    "-2_4": 0.7300000190734863,
    "-2_5": 0.7633333802223206,
    "-2_6": 0.7566666603088379,
    "-2_7": 0.7166666984558105,
    "-2_8": 0.7433333396911621,
    "-2_9": 0.7066667079925537,
    "-2_10": 0.7700000405311584,
    "-2_11": 0.7700000405311584,
    "-2_12": 0.753333330154419,
    "-2_13": 0.7766667008399963,
    "-2_14": 0.699999988079071,
    "-2_15": 0.6800000071525574,
    "-2_16": 0.7333333492279053,
    "-2_17": 0.846666693687439,
    "-2_18": 0.9166666865348816,
    "-2_19": 0.9300000071525574,
    "-2_20": 0.8966667056083679,
    "-2_21": 0.9500000476837158,
    "-2_22": 0.9466667175292969,
    "-2_23": 0.9633333683013916,
    "-2_24": 0.9666666984558105,
    "-2_25": 0.9766666889190674,
    "-2_26": 0.023333333432674408,
    "-2_27": 0.023333333432674408,
    "-2_28": 0.023333333432674408,
    "-2_29": 0.023333333432674408,
    "-2_30": 0.023333333432674408,
    "-2_31": 0.023333333432674408,
    "-2_32": 0.023333333432674408,
    "-2_33": 0.9366666674613953,
    "-1_0": 0.04333333298563957,
    "-1_1": 0.06000000238418579,
    "-1_2": 0.3799999952316284,
    "-1_3": 0.5266667008399963,
    "-1_4": 0.6000000238418579,
    "-1_5": 0.4266666769981384,
    "-1_6": 0.3733333349227905,
    "-1_7": 0.2666666805744171,
    "-1_8": 0.17666667699813843,
    "-1_9": 0.21666666865348816,
    "-1_10": 0.34333333373069763,
    "-1_11": 0.17666667699813843,
    "-1_12": 0.1433333307504654,
    "-1_13": 0.14666667580604553,
    "-1_14": 0.10999999940395355,
    "-1_15": 0.1066666692495346,
    "-1_16": 0.09000000357627869,
    "-1_17": 0.0833333358168602,
    "-1_18": 0.0833333358168602,
    "-1_19": 0.1366666704416275,
    "-1_20": 0.06666667014360428,
    "-1_21": 0.15333333611488342,
    "-1_22": 0.3333333432674408,
    "-1_23": 0.3199999928474426,
    "-1_24": 0.3466666638851166,
    "-1_25": 0.35333335399627686,
    "-1_26": 0.3499999940395355,
    "-1_27": 0.41333335638046265,
    "-1_28": 0.023333333432674408,
    "-1_29": 0.023333333432674408,
    "-1_30": 0.023333333432674408,
    "-1_31": 0.023333333432674408,
    "-1_32": 0.023333333432674408,
    "-1_33": 0.8199999928474426,
    "0_0": 0.030000001192092896,
    "0_1": 0.013333333656191826,
    "0_2": 0.18000000715255737,
    "0_3": 0.09666667133569717,
    "0_4": 0.3166666626930237,
    "0_5": 0.1433333307504654,
    "0_6": 0.04333333298563957,
    "0_7": 0.04333333298563957,
    "0_8": 0.03666666895151138,
    "0_9": 0.05666666850447655,
    "0_10": 0.09666667133569717,
    "0_11": 0.05666666850447655,
    "0_12": 0.019999999552965164,
    "0_13": 0.03666666895151138,
    "0_14": 0.023333333432674408,
    "0_15": 0.03333333507180214,
    "0_16": 0.03333333507180214,
    "0_17": 0.02666666731238365,
    "0_18": 0.030000001192092896,
    "0_19": 0.019999999552965164,
    "0_20": 0.023333333432674408,
    "0_21": 0.03666666895151138,
    "0_22": 0.013333333656191826,
    "0_23": 0.03999999910593033,
    "0_24": 0.03666666895151138,
    "0_25": 0.046666666865348816,
    "0_26": 0.023333333432674408,
    "0_27": 0.030000001192092896,
    "0_28": 0.023333333432674408,
    "0_29": 0.023333333432674408,
    "0_30": 0.06000000238418579,
    "0_31": 0.023333333432674408,
    "0_32": 0.023333333432674408,
    "0_33": 0.07333333790302277,
    "1_0": 0.03333333507180214,
    "1_1": 0.046666666865348816,
    "1_2": 0.06333333253860474,
    "1_3": 0.09333333373069763,
    "1_4": 0.05000000074505806,
    "1_5": 0.05000000074505806,
    "1_6": 0.0533333346247673,
    "1_7": 0.09000000357627869,
    "1_8": 0.07000000029802322,
    "1_9": 0.05000000074505806,
    "1_10": 0.0533333346247673,
    "1_11": 0.046666666865348816,
    "1_12": 0.06333333253860474,
    "1_13": 0.04333333298563957,
    "1_14": 0.046666666865348816,
    "1_15": 0.023333333432674408,
    "1_16": 0.03999999910593033,
    "1_17": 0.03666666895151138,
    "1_18": 0.023333333432674408,
    "1_19": 0.030000001192092896,
    "1_20": 0.03666666895151138,
    "1_21": 0.030000001192092896,
    "1_22": 0.023333333432674408,
    "1_23": 0.013333333656191826,
    "1_24": 0.04333333298563957,
    "1_25": 0.02666666731238365,
    "1_26": 0.04333333298563957,
    "1_27": 0.07333333790302277,
    "1_28": 0.023333333432674408,
    "1_29": 0.023333333432674408,
    "1_30": 0.023333333432674408,
    "1_31": 0.023333333432674408,
    "1_32": 0.023333333432674408,
    "1_33": 0.11666666716337204,
    "2_0": 0.03999999910593033,
    "2_1": 0.030000001192092896,
    "2_2": 0.019999999552965164,
    "2_3": 0.02666666731238365,
    "2_4": 0.046666666865348816,
    "2_5": 0.030000001192092896,
    "2_6": 0.07000000029802322,
    "2_7": 0.04333333298563957,
    "2_8": 0.06000000238418579,
    "2_9": 0.05000000074505806,
    "2_10": 0.0533333346247673,
    "2_11": 0.06333333253860474,
    "2_12": 0.030000001192092896,
    "2_13": 0.05666666850447655,
    "2_14": 0.03999999910593033,
    "2_15": 0.03666666895151138,
    "2_16": 0.030000001192092896,
    "2_17": 0.05000000074505806,
    "2_18": 0.02666666731238365,
    "2_19": 0.030000001192092896,
    "2_20": 0.03999999910593033,
    "2_21": 0.023333333432674408,
    "2_22": 0.046666666865348816,
    "2_23": 0.04333333298563957,
    "2_24": 0.009999999776482582,
    "2_25": 0.03999999910593033,
    "2_26": 0.0533333346247673,
    "2_27": 0.05000000074505806,
    "2_28": 0.023333333432674408,
    "2_29": 0.023333333432674408,
    "2_30": 0.023333333432674408,
    "2_31": 0.023333333432674408,
    "2_32": 0.023333333432674408,
    "2_33": 0.03333333507180214,
    "3_0": 0.019999999552965164,
    "3_1": 0.03333333507180214,
    "3_2": 0.030000001192092896,
    "3_3": 0.02666666731238365,
    "3_4": 0.06000000238418579,
    "3_5": 0.03999999910593033,
    "3_6": 0.02666666731238365,
    "3_7": 0.03666666895151138,
    "3_8": 0.023333333432674408,
    "3_9": 0.03999999910593033,
    "3_10": 0.0533333346247673,
    "3_11": 0.06000000238418579,
    "3_12": 0.023333333432674408,
    "3_13": 0.05666666850447655,
    "3_14": 0.046666666865348816,
    "3_15": 0.03333333507180214,
    "3_16": 0.03666666895151138,
    "3_17": 0.02666666731238365,
    "3_18": 0.023333333432674408,
    "3_19": 0.013333333656191826,
    "3_20": 0.023333333432674408,
    "3_21": 0.013333333656191826,
    "3_22": 0.019999999552965164,
    "3_23": 0.02666666731238365,
    "3_24": 0.02666666731238365,
    "3_25": 0.019999999552965164,
    "3_26": 0.03666666895151138,
    "3_27": 0.01666666753590107,
    "3_28": 0.030000001192092896,
    "3_29": 0.023333333432674408,
    "3_30": 0.04333333298563957,
    "3_31": 0.023333333432674408,
    "3_32": 0.023333333432674408,
    "3_33": 0.05000000074505806
  },
  "shuffle_control": {
    "-2_17": 0.030000001192092896,
    "-1_17": 0.030000001192092896,
    "0_17": 0.03333333507180214,
    "1_17": 0.030000001192092896,
    "2_17": 0.009999999776482582,
    "3_17": 0.009999999776482582
  },
  "peak_acc_by_offset": {
    "-2": 0.9766666889190674,
    "-1": 0.8199999928474426,
    "0": 0.3166666626930237,
    "1": 0.11666666716337204,
    "2": 0.07000000029802322,
    "3": 0.06000000238418579
  },
  "delta_newline": 0.2666666619479656,
  "delta_newline_layer": 4
}