{
  "tag": "relax_offpolicy_seed1",
  "n_families": 98,
  "n_train": 1197,
  "n_val": 799,
  "n_layers": 34,
  "offsets": [
    -2,
    -1,
    0,
    1,
    2,
    3
  ],
  "acc": {
    "-2_0": 0.8685857653617859,
    "-2_1": 0.8648310303688049,
    "-2_2": 0.8510638475418091,
    "-2_3": 0.8610763549804688,
    "-2_4": 0.8385481834411621,
    "-2_5": 0.8410513401031494,
    "-2_6": 0.8372966647148132,
    "-2_7": 0.8197747468948364,
    "-2_8": 0.8072590827941895,
    "-2_9": 0.7922403216362,
    "-2_10": 0.8310388326644897,
    "-2_11": 0.822277843952179,
    "-2_12": 0.8060075044631958,
    "-2_13": 0.7934918999671936,
    "-2_14": 0.7747184038162231,
    "-2_15": 0.7822278141975403,
    "-2_16": 0.7909887433052063,
    "-2_17": 0.8335419297218323,
    "-2_18": 0.8785982728004456,
    "-2_19": 0.8660826086997986,
    "-2_20": 0.8798498511314392,
    "-2_21": 0.8986232876777649,
    "-2_22": 0.906132698059082,
    "-2_23": 0.9048811197280884,
    "-2_24": 0.9023779630661011,
    "-2_25": 0.9036295413970947,
    "-2_26": 0.02002503164112568,
    "-2_27": 0.02002503164112568,
    "-2_28": 0.02002503164112568,
    "-2_29": 0.02002503164112568,
    "-2_30": 0.02002503164112568,
    "-2_31": 0.02002503164112568,
    "-2_32": 0.02002503164112568,
    "-2_33": 0.8911139369010925,
    "-1_0": 0.08385481685400009,
    "-1_1": 0.09511890262365341,
    "-1_2": 0.5006257891654968,
    "-1_3": 0.5894868969917297,
    "-1_4": 0.673341691493988,
    "-1_5": 0.453066349029541,
    "-1_6": 0.42553192377090454,
    "-1_7": 0.35043805837631226,
    "-1_8": 0.336670845746994,
    "-1_9": 0.3128911256790161,
    "-1_10": 0.3491864800453186,
    "-1_11": 0.26658323407173157,
    "-1_12": 0.2027534395456314,
    "-1_13": 0.34793493151664734,
    "-1_14": 0.32040050625801086,
    "-1_15": 0.30037546157836914,
    "-1_16": 0.2590738534927368,
    "-1_17": 0.2265331745147705,
    "-1_18": 0.4480600953102112,
    "-1_19": 0.44055068492889404,
    "-1_20": 0.3817271590232849,
    "-1_21": 0.504380464553833,
    "-1_22": 0.7434293031692505,
    "-1_23": 0.7196495532989502,
    "-1_24": 0.8272840976715088,
    "-1_25": 0.8460575938224792,
    "-1_26": 0.8585732579231262,
    "-1_27": 0.8623279333114624,
    "-1_28": 0.02002503164112568,
    "-1_29": 0.02002503164112568,
    "-1_30": 0.02002503164112568,
    "-1_31": 0.02002503164112568,
    "-1_32": 0.02002503164112568,
    "-1_33": 0.8785982728004456,
    "0_0": 0.015018774196505547,
    "0_1": 0.022528160363435745,
    "0_2": 0.1076345443725586,
    "0_3": 0.035043805837631226,
    "0_4": 0.1852315366268158,
    "0_5": 0.1314142644405365,
    "0_6": 0.05006257817149162,
    "0_7": 0.09511890262365341,
    "0_8": 0.02628285437822342,
    "0_9": 0.03128911182284355,
    "0_10": 0.035043805837631226,
    "0_11": 0.036295369267463684,
    "0_12": 0.03754693269729614,
    "0_13": 0.036295369267463684,
    "0_14": 0.047559451311826706,
    "0_15": 0.061326660215854645,
    "0_16": 0.055068835616111755,
    "0_17": 0.06633291393518448,
    "0_18": 0.1789737194776535,
    "0_19": 0.2828535735607147,
    "0_20": 0.42177721858024597,
    "0_21": 0.5406758785247803,
    "0_22": 0.6307885050773621,
    "0_23": 0.5932415723800659,
    "0_24": 0.7571964859962463,
    "0_25": 0.7984981536865234,
    "0_26": 0.8685857653617859,
    "0_27": 0.02002503164112568,
    "0_28": 0.02002503164112568,
    "0_29": 0.02002503164112568,
    "0_30": 0.02002503164112568,
    "0_31": 0.02002503164112568,
    "0_32": 0.02002503164112568,
    "0_33": 0.8698372840881348,
    "1_0": 0.021276596933603287,
    "1_1": 0.01877346634864807,
    "1_2": 0.05882352963089943,
    "1_3": 0.08010012656450272,
    "1_4": 0.09762202948331833,
    "1_5": 0.05632040277123451,
    "1_6": 0.05632040277123451,
    "1_7": 0.05632040277123451,
    "1_8": 0.09637046605348587,
    "1_9": 0.10513141751289368,
    "1_10": 0.10387985408306122,
    "1_11": 0.12390488386154175,
    "1_12": 0.11264080554246902,
    "1_13": 0.2265331745147705,
    "1_14": 0.21902377903461456,
    "1_15": 0.22277848422527313,
    "1_16": 0.21652065217494965,
    "1_17": 0.2002503126859665,
    "1_18": 0.2327909916639328,
    "1_19": 0.36295369267463684,
    "1_20": 0.4155194163322449,
    "1_21": 0.5369211435317993,
    "1_22": 0.5106382966041565,
    "1_23": 0.4831039011478424,
    "1_24": 0.6545681953430176,
    "1_25": 0.6595745086669922,
    "1_26": 0.02002503164112568,
    "1_27": 0.02002503164112568,
    "1_28": 0.02002503164112568,
    "1_29": 0.02002503164112568,
    "1_30": 0.02002503164112568,
    "1_31": 0.02002503164112568,
    "1_32": 0.02002503164112568,
    "1_33": 0.8147684931755066,
    "2_0": 0.07384230196475983,
    "2_1": 0.09637046605348587,
    "2_2": 0.09887359291315079,
    "2_3": 0.08135168999433517,
    "2_4": 0.11889862269163132,
    "2_5": 0.10513141751289368,
    "2_6": 0.12640801072120667,
    "2_7": 0.11514393240213394,
    "2_8": 0.12265332043170929,
    "2_9": 0.11138924211263657,
    "2_10": 0.12390488386154175,
    "2_11": 0.11764705926179886,
    "2_12": 0.10513141751289368,
    "2_13": 0.12140175700187683,
    "2_14": 0.09887359291315079,
    "2_15": 0.1314142644405365,
    "2_16": 0.1251564472913742,
    "2_17": 0.13516896963119507,
    "2_18": 0.13642053306102753,
    "2_19": 0.20150187611579895,
    "2_20": 0.23153942823410034,
    "2_21": 0.28160199522972107,
    "2_22": 0.2828535735607147,
    "2_23": 0.2415519505739212,
    "2_24": 0.4180225431919098,
    "2_25": 0.4480600953102112,
    "2_26": 0.02002503164112568,
    "2_27": 0.02002503164112568,
    "2_28": 0.02002503164112568,
    "2_29": 0.02002503164112568,
    "2_30": 0.02002503164112568,
    "2_31": 0.02002503164112568,
    "2_32": 0.02002503164112568,
    "2_33": 0.8072590827941895,
    "3_0": 0.06508135050535202,
    "3_1": 0.07384230196475983,
    "3_2": 0.08886107802391052,
    "3_3": 0.09511890262365341,
    "3_4": 0.08886107802391052,
    "3_5": 0.10888610780239105,
    "3_6": 0.10012515634298325,
    "3_7": 0.1013767197728157,
    "3_8": 0.11013767123222351,
    "3_9": 0.11013767123222351,
    "3_10": 0.09762202948331833,
    "3_11": 0.10262829065322876,
    "3_12": 0.11013767123222351,
    "3_13": 0.1163954958319664,
    "3_14": 0.10012515634298325,
    "3_15": 0.10888610780239105,
    "3_16": 0.1076345443725586,
    "3_17": 0.11514393240213394,
    "3_18": 0.10387985408306122,
    "3_19": 0.2002503126859665,
    "3_20": 0.2327909916639328,
    "3_21": 0.254067599773407,
    "3_22": 0.23779724538326263,
    "3_23": 0.2090112715959549,
    "3_24": 0.3879849910736084,
    "3_25": 0.6658322811126709,
    "3_26": 0.8297872543334961,
    "3_27": 0.02002503164112568,
    "3_28": 0.02002503164112568,
    "3_29": 0.02002503164112568,
    "3_30": 0.02002503164112568,
    "3_31": 0.02002503164112568,
    "3_32": 0.02002503164112568,
    "3_33": 0.8172715902328491
  },
  "shuffle_control": {
    "-2_17": 0.028785983100533485,
    "-1_17": 0.027534417808055878,
    "0_17": 0.021276596933603287,
    "1_17": 0.017521902918815613,
    "2_17": 0.02002503164112568,
    "3_17": 0.021276596933603287
  },
  "peak_acc_by_offset": {
    "-2": 0.906132698059082,
    "-1": 0.8785982728004456,
    "0": 0.8698372840881348,
    "1": 0.8147684931755066,
    "2": 0.8072590827941895,
    "3": 0.8297872543334961
  },
  "delta_newline": 0.8485607337206602,
  "delta_newline_layer": 26
}