{
  "tag": "relax12b_moresft",
  "n_families": 49,
  "n_train": 998,
  "n_val": 498,
  "n_layers": 48,
  "offsets": [
    -2,
    -1,
    0,
    1,
    2,
    3
  ],
  "acc": {
    "-2_0": 0.9216867089271545,
    "-2_1": 0.9036144018173218,
    "-2_2": 0.9076305031776428,
    "-2_3": 0.9156626462936401,
    "-2_4": 0.9216867089271545,
    "-2_5": 0.8574296832084656,
    "-2_6": 0.8855421543121338,
    "-2_7": 0.8895581960678101,
    "-2_8": 0.8012048006057739,
    "-2_9": 0.8775100111961365,
    "-2_10": 0.8293172121047974,
    "-2_11": 0.8012048006057739,
    "-2_12": 0.8172690272331238,
    "-2_13": 0.8132529854774475,
    "-2_14": 0.781124472618103,
    "-2_15": 0.8393573760986328,
    "-2_16": 0.8895581960678101,
    "-2_17": 0.7670682668685913,
    "-2_18": 0.8433734774589539,
    "-2_19": 0.7871485948562622,
    "-2_20": 0.8052208423614502,
    "-2_21": 0.7168674468994141,
    "-2_22": 0.7871485948562622,
    "-2_23": 0.7349397540092468,
    "-2_24": 0.01606425642967224,
    "-2_25": 0.01606425642967224,
    "-2_26": 0.9056224822998047,
    "-2_27": 0.01606425642967224,
    "-2_28": 0.01606425642967224,
    "-2_29": 0.01606425642967224,
    "-2_30": 0.01606425642967224,
    "-2_31": 0.01606425642967224,
    "-2_32": 0.01606425642967224,
    "-2_33": 0.01606425642967224,
    "-2_34": 0.01606425642967224,
    "-2_35": 0.01606425642967224,
    "-2_36": 0.01606425642967224,
    "-2_37": 0.01606425642967224,
    "-2_38": 0.01606425642967224,
    "-2_39": 0.01606425642967224,
    "-2_40": 0.01606425642967224,
    "-2_41": 0.01606425642967224,
    "-2_42": 0.01606425642967224,
    "-2_43": 0.01606425642967224,
    "-2_44": 0.01606425642967224,
    "-2_45": 0.01606425642967224,
    "-2_46": 0.01606425642967224,
    "-2_47": 0.9457830786705017,
    "-1_0": 0.046184737235307693,
    "-1_1": 0.10240963101387024,
    "-1_2": 0.5341365337371826,
    "-1_3": 0.5983935594558716,
    "-1_4": 0.5963855385780334,
    "-1_5": 0.5843373537063599,
    "-1_6": 0.5983935594558716,
    "-1_7": 0.650602400302887,
    "-1_8": 0.5763052105903625,
    "-1_9": 0.5281124114990234,
    "-1_10": 0.45783132314682007,
    "-1_11": 0.42971885204315186,
    "-1_12": 0.42168673872947693,
    "-1_13": 0.3734939694404602,
    "-1_14": 0.33734938502311707,
    "-1_15": 0.3212851285934448,
    "-1_16": 0.5502007603645325,
    "-1_17": 0.41566264629364014,
    "-1_18": 0.3775100111961365,
    "-1_19": 0.3413654565811157,
    "-1_20": 0.41767066717147827,
    "-1_21": 0.4196786880493164,
    "-1_22": 0.3253012001514435,
    "-1_23": 0.29518070816993713,
    "-1_24": 0.3192771077156067,
    "-1_25": 0.39558231830596924,
    "-1_26": 0.6606425642967224,
    "-1_27": 0.7168674468994141,
    "-1_28": 0.8132529854774475,
    "-1_29": 0.8755019903182983,
    "-1_30": 0.7851405143737793,
    "-1_31": 0.8534136414527893,
    "-1_32": 0.8855421543121338,
    "-1_33": 0.8734939694404602,
    "-1_34": 0.01606425642967224,
    "-1_35": 0.01606425642967224,
    "-1_36": 0.01606425642967224,
    "-1_37": 0.01606425642967224,
    "-1_38": 0.01606425642967224,
    "-1_39": 0.01606425642967224,
    "-1_40": 0.01606425642967224,
    "-1_41": 0.01606425642967224,
    "-1_42": 0.01606425642967224,
    "-1_43": 0.01606425642967224,
    "-1_44": 0.01606425642967224,
    "-1_45": 0.01606425642967224,
    "-1_46": 0.01606425642967224,
    "-1_47": 0.93172687292099,
    "0_0": 0.014056224375963211,
    "0_1": 0.03614457696676254,
    "0_2": 0.04216867312788963,
    "0_3": 0.0662650614976883,
    "0_4": 0.06425702571868896,
    "0_5": 0.0662650614976883,
    "0_6": 0.08433734625577927,
    "0_7": 0.050200801342725754,
    "0_8": 0.08835341036319733,
    "0_9": 0.0803212821483612,
    "0_10": 0.07630521804094315,
    "0_11": 0.030120480805635452,
    "0_12": 0.046184737235307693,
    "0_13": 0.08232931792736053,
    "0_14": 0.0401606410741806,
    "0_15": 0.07028111815452576,
    "0_16": 0.5080320835113525,
    "0_17": 0.35742971301078796,
    "0_18": 0.17670682072639465,
    "0_19": 0.1987951695919037,
    "0_20": 0.2329317182302475,
    "0_21": 0.14257027208805084,
    "0_22": 0.172690749168396,
    "0_23": 0.07429718971252441,
    "0_24": 0.01606425642967224,
    "0_25": 0.01606425642967224,
    "0_26": 0.01606425642967224,
    "0_27": 0.01606425642967224,
    "0_28": 0.01606425642967224,
    "0_29": 0.01606425642967224,
    "0_30": 0.01606425642967224,
    "0_31": 0.01606425642967224,
    "0_32": 0.01606425642967224,
    "0_33": 0.01606425642967224,
    "0_34": 0.01606425642967224,
    "0_35": 0.01606425642967224,
    "0_36": 0.01606425642967224,
    "0_37": 0.01606425642967224,
    "0_38": 0.01606425642967224,
    "0_39": 0.01606425642967224,
    "0_40": 0.01606425642967224,
    "0_41": 0.01606425642967224,
    "0_42": 0.01606425642967224,
    "0_43": 0.01606425642967224,
    "0_44": 0.01606425642967224,
    "0_45": 0.01606425642967224,
    "0_46": 0.01606425642967224,
    "0_47": 0.4538152515888214,
    "1_0": 0.01004016026854515,
    "1_1": 0.01004016026854515,
    "1_2": 0.030120480805635452,
    "1_3": 0.03614457696676254,
    "1_4": 0.0401606410741806,
    "1_5": 0.08433734625577927,
    "1_6": 0.0803212821483612,
    "1_7": 0.12248995900154114,
    "1_8": 0.09839357435703278,
    "1_9": 0.10040160268545151,
    "1_10": 0.14457830786705017,
    "1_11": 0.09437750279903412,
    "1_12": 0.07831324636936188,
    "1_13": 0.08835341036319733,
    "1_14": 0.07630521804094315,
    "1_15": 0.06827308982610703,
    "1_16": 0.10040160268545151,
    "1_17": 0.07429718971252441,
    "1_18": 0.0803212821483612,
    "1_19": 0.07228915393352509,
    "1_20": 0.09236947447061539,
    "1_21": 0.06827308982610703,
    "1_22": 0.08232931792736053,
    "1_23": 0.054216865450143814,
    "1_24": 0.052208833396434784,
    "1_25": 0.01606425642967224,
    "1_26": 0.01606425642967224,
    "1_27": 0.01606425642967224,
    "1_28": 0.01606425642967224,
    "1_29": 0.01606425642967224,
    "1_30": 0.01606425642967224,
    "1_31": 0.01606425642967224,
    "1_32": 0.01606425642967224,
    "1_33": 0.01606425642967224,
    "1_34": 0.01606425642967224,
    "1_35": 0.01606425642967224,
    "1_36": 0.01606425642967224,
    "1_37": 0.01606425642967224,
    "1_38": 0.01606425642967224,
    "1_39": 0.01606425642967224,
    "1_40": 0.01606425642967224,
    "1_41": 0.01606425642967224,
    "1_42": 0.01606425642967224,
    "1_43": 0.01606425642967224,
    "1_44": 0.01606425642967224,
    "1_45": 0.01606425642967224,
    "1_46": 0.01606425642967224,
    "1_47": 0.1987951695919037,
    "2_0": 0.0401606410741806,
    "2_1": 0.03815260902047157,
    "2_2": 0.0200803205370903,
    "2_3": 0.026104416698217392,
    "2_4": 0.01606425642967224,
    "2_5": 0.03212851285934448,
    "2_6": 0.060240961611270905,
    "2_7": 0.03815260902047157,
    "2_8": 0.03815260902047157,
    "2_9": 0.03413654491305351,
    "2_10": 0.050200801342725754,
    "2_11": 0.03815260902047157,
    "2_12": 0.050200801342725754,
    "2_13": 0.048192769289016724,
    "2_14": 0.03614457696676254,
    "2_15": 0.0662650614976883,
    "2_16": 0.0662650614976883,
    "2_17": 0.07228915393352509,
    "2_18": 0.07630521804094315,
    "2_19": 0.07228915393352509,
    "2_20": 0.0803212821483612,
    "2_21": 0.06425702571868896,
    "2_22": 0.06425702571868896,
    "2_23": 0.048192769289016724,
    "2_24": 0.03212851285934448,
    "2_25": 0.01606425642967224,
    "2_26": 0.01606425642967224,
    "2_27": 0.01606425642967224,
    "2_28": 0.01606425642967224,
    "2_29": 0.01606425642967224,
    "2_30": 0.01606425642967224,
    "2_31": 0.01606425642967224,
    "2_32": 0.01606425642967224,
    "2_33": 0.01606425642967224,
    "2_34": 0.01606425642967224,
    "2_35": 0.01606425642967224,
    "2_36": 0.01606425642967224,
    "2_37": 0.01606425642967224,
    "2_38": 0.01606425642967224,
    "2_39": 0.01606425642967224,
    "2_40": 0.01606425642967224,
    "2_41": 0.01606425642967224,
    "2_42": 0.01606425642967224,
    "2_43": 0.01606425642967224,
    "2_44": 0.01606425642967224,