{
  "tag": "relax_onpolicy_seed2",
  "n_families": 87,
  "n_train": 1199,
  "n_val": 800,
  "n_layers": 34,
  "offsets": [
    -2,
    -1,
    0,
    1,
    2,
    3
  ],
  "acc": {
    "-2_0": 0.8887499570846558,
    "-2_1": 0.8937499523162842,
    "-2_2": 0.8812499642372131,
    "-2_3": 0.8899999856948853,
    "-2_4": 0.8587499856948853,
    "-2_5": 0.8349999785423279,
    "-2_6": 0.8399999737739563,
    "-2_7": 0.8549999594688416,
    "-2_8": 0.8412500023841858,
    "-2_9": 0.8199999928474426,
    "-2_10": 0.8337500095367432,
    "-2_11": 0.8212499618530273,
    "-2_12": 0.8262499570846558,
    "-2_13": 0.8087499737739563,
    "-2_14": 0.8075000047683716,
    "-2_15": 0.8387500047683716,
    "-2_16": 0.8012499809265137,
    "-2_17": 0.8449999690055847,
    "-2_18": 0.8812499642372131,
    "-2_19": 0.8899999856948853,
    "-2_20": 0.8949999809265137,
    "-2_21": 0.9137499928474426,
    "-2_22": 0.9137499928474426,
    "-2_23": 0.8962500095367432,
    "-2_24": 0.9012500047683716,
    "-2_25": 0.9087499976158142,
    "-2_26": 0.019999999552965164,
    "-2_27": 0.019999999552965164,
    "-2_28": 0.019999999552965164,
    "-2_29": 0.019999999552965164,
    "-2_30": 0.019999999552965164,
    "-2_31": 0.019999999552965164,
    "-2_32": 0.019999999552965164,
    "-2_33": 0.9024999737739563,
    "-1_0": 0.051249999552965164,
    "-1_1": 0.07374999672174454,
    "-1_2": 0.46875,
    "-1_3": 0.6074999570846558,
    "-1_4": 0.5999999642372131,
    "-1_5": 0.38749998807907104,
    "-1_6": 0.4037500023841858,
    "-1_7": 0.3387500047683716,
    "-1_8": 0.32249999046325684,
    "-1_9": 0.3024999797344208,
    "-1_10": 0.3962499797344208,
    "-1_11": 0.26749998331069946,
    "-1_12": 0.22624999284744263,
    "-1_13": 0.29874998331069946,
    "-1_14": 0.23624999821186066,
    "-1_15": 0.25874999165534973,
    "-1_16": 0.24249999225139618,
    "-1_17": 0.19999998807907104,
    "-1_18": 0.3962499797344208,
    "-1_19": 0.42624998092651367,
    "-1_20": 0.3499999940395355,
    "-1_21": 0.4325000047683716,
    "-1_22": 0.7412499785423279,
    "-1_23": 0.6074999570846558,
    "-1_24": 0.7287499904632568,
    "-1_25": 0.7475000023841858,
    "-1_26": 0.8462499976158142,
    "-1_27": 0.8650000095367432,
    "-1_28": 0.019999999552965164,
    "-1_29": 0.019999999552965164,
    "-1_30": 0.019999999552965164,
    "-1_31": 0.019999999552965164,
    "-1_32": 0.019999999552965164,
    "-1_33": 0.8824999928474426,
    "0_0": 0.021250000223517418,
    "0_1": 0.014999999664723873,
    "0_2": 0.04749999940395355,
    "0_3": 0.0949999988079071,
    "0_4": 0.22624999284744263,
    "0_5": 0.13249999284744263,
    "0_6": 0.03500000014901161,
    "0_7": 0.05874999985098839,
    "0_8": 0.05249999836087227,
    "0_9": 0.04999999701976776,
    "0_10": 0.057499997317790985,
    "0_11": 0.04874999821186066,
    "0_12": 0.04625000059604645,
    "0_13": 0.032499998807907104,
    "0_14": 0.051249999552965164,
    "0_15": 0.08500000089406967,
    "0_16": 0.09999999403953552,
    "0_17": 0.0949999988079071,
    "0_18": 0.07124999910593033,
    "0_19": 0.14124999940395355,
    "0_20": 0.0925000011920929,
    "0_21": 0.2862499952316284,
    "0_22": 0.2175000011920929,
    "0_23": 0.29624998569488525,
    "0_24": 0.39374998211860657,
    "0_25": 0.3687500059604645,
    "0_26": 0.25999999046325684,
    "0_27": 0.3974999785423279,
    "0_28": 0.019999999552965164,
    "0_29": 0.019999999552965164,
    "0_30": 0.019999999552965164,
    "0_31": 0.019999999552965164,
    "0_32": 0.019999999552965164,
    "0_33": 0.5199999809265137,
    "1_0": 0.0,
    "1_1": 0.017500000074505806,
    "1_2": 0.04374999925494194,
    "1_3": 0.044999998062849045,
    "1_4": 0.04625000059604645,
    "1_5": 0.04374999925494194,
    "1_6": 0.023749999701976776,
    "1_7": 0.032499998807907104,
    "1_8": 0.04625000059604645,
    "1_9": 0.06499999761581421,
    "1_10": 0.11124999821186066,
    "1_11": 0.05999999865889549,
    "1_12": 0.06749999523162842,
    "1_13": 0.16749998927116394,
    "1_14": 0.11499999463558197,
    "1_15": 0.19499999284744263,
    "1_16": 0.16499999165534973,
    "1_17": 0.16499999165534973,
    "1_18": 0.1887499988079071,
    "1_19": 0.23250000178813934,
    "1_20": 0.3075000047683716,
    "1_21": 0.4412499964237213,
    "1_22": 0.48624998331069946,
    "1_23": 0.4624999761581421,
    "1_24": 0.5849999785423279,
    "1_25": 0.574999988079071,
    "1_26": 0.019999999552965164,
    "1_27": 0.019999999552965164,
    "1_28": 0.019999999552965164,
    "1_29": 0.019999999552965164,
    "1_30": 0.019999999552965164,
    "1_31": 0.019999999552965164,
    "1_32": 0.019999999552965164,
    "1_33": 0.6912499666213989,
    "2_0": 0.057499997317790985,
    "2_1": 0.04625000059604645,
    "2_2": 0.05624999850988388,
    "2_3": 0.04374999925494194,
    "2_4": 0.05624999850988388,
    "2_5": 0.05624999850988388,
    "2_6": 0.10125000029802322,
    "2_7": 0.08249999582767487,
    "2_8": 0.07625000178813934,
    "2_9": 0.08749999850988388,
    "2_10": 0.11999999731779099,
    "2_11": 0.07874999940395355,
    "2_12": 0.08624999970197678,
    "2_13": 0.08249999582767487,
    "2_14": 0.07750000059604645,
    "2_15": 0.11874999850988388,
    "2_16": 0.1274999976158142,
    "2_17": 0.11124999821186066,
    "2_18": 0.10875000059604645,
    "2_19": 0.125,
    "2_20": 0.1537500023841858,
    "2_21": 0.20749999582767487,
    "2_22": 0.23499999940395355,
    "2_23": 0.22374999523162842,
    "2_24": 0.3037499785423279,
    "2_25": 0.3199999928474426,
    "2_26": 0.5412499904632568,
    "2_27": 0.019999999552965164,
    "2_28": 0.019999999552965164,
    "2_29": 0.019999999552965164,
    "2_30": 0.019999999552965164,
    "2_31": 0.019999999552965164,
    "2_32": 0.019999999552965164,
    "2_33": 0.543749988079071,
    "3_0": 0.036249998956918716,
    "3_1": 0.05999999865889549,
    "3_2": 0.05624999850988388,
    "3_3": 0.04999999701976776,
    "3_4": 0.05874999985098839,
    "3_5": 0.06499999761581421,
    "3_6": 0.07000000029802322,
    "3_7": 0.08249999582767487,
    "3_8": 0.0637499988079071,
    "3_9": 0.08874999731779099,
    "3_10": 0.08999999612569809,
    "3_11": 0.09624999761581421,
    "3_12": 0.0949999988079071,
    "3_13": 0.0925000011920929,
    "3_14": 0.08500000089406967,
    "3_15": 0.10249999910593033,
    "3_16": 0.10374999791383743,
    "3_17": 0.11749999970197678,
    "3_18": 0.10374999791383743,
    "3_19": 0.12999999523162842,
    "3_20": 0.14874999225139618,
    "3_21": 0.17624999582767487,
    "3_22": 0.17000000178813934,
    "3_23": 0.14499999582767487,
    "3_24": 0.2524999976158142,
    "3_25": 0.398749977350235,
    "3_26": 0.019999999552965164,
    "3_27": 0.019999999552965164,
    "3_28": 0.019999999552965164,
    "3_29": 0.019999999552965164,
    "3_30": 0.019999999552965164,
    "3_31": 0.019999999552965164,
    "3_32": 0.019999999552965164,
    "3_33": 0.6424999833106995
  },
  "shuffle_control": {
    "-2_17": 0.023749999701976776,
    "-1_17": 0.019999999552965164,
    "0_17": 0.026249999180436134,
    "1_17": 0.036249998956918716,
    "2_17": 0.027499999850988388,
    "3_17": 0.014999999664723873
  },
  "peak_acc_by_offset": {
    "-2": 0.9137499928474426,
    "-1": 0.8824999928474426,
    "0": 0.5199999809265137,
    "1": 0.6912499666213989,
    "2": 0.543749988079071,
    "3": 0.6424999833106995
  },
  "delta_newline": 0.3774999789893627,
  "delta_newline_layer": 27
}