{
  "tag": "relaxlong_offpolicy_ckpt_050",
  "n_families": 83,
  "n_train": 598,
  "n_val": 300,
  "n_layers": 34,
  "offsets": [
    -2,
    -1,
    0,
    1,
    2,
    3
  ],
  "acc": {
    "-2_0": 0.7433333396911621,
    "-2_1": 0.75,
    "-2_2": 0.7400000095367432,
    "-2_3": 0.7066667079925537,
    "-2_4": 0.7200000286102295,
    "-2_5": 0.6700000166893005,
    "-2_6": 0.6266666650772095,
    "-2_7": 0.6299999952316284,
    "-2_8": 0.596666693687439,
    "-2_9": 0.5800000429153442,
    "-2_10": 0.5400000214576721,
    "-2_11": 0.6033333539962769,
    "-2_12": 0.6266666650772095,
    "-2_13": 0.5533333420753479,
    "-2_14": 0.5400000214576721,
    "-2_15": 0.6366666555404663,
    "-2_16": 0.6200000047683716,
    "-2_17": 0.7033333778381348,
    "-2_18": 0.8066666722297668,
    "-2_19": 0.79666668176651,
    "-2_20": 0.8333333730697632,
    "-2_21": 0.8600000143051147,
    "-2_22": 0.8633333444595337,
    "-2_23": 0.8666666746139526,
    "-2_24": 0.8600000143051147,
    "-2_25": 0.8533333539962769,
    "-2_26": 0.019999999552965164,
    "-2_27": 0.019999999552965164,
    "-2_28": 0.019999999552965164,
    "-2_29": 0.019999999552965164,
    "-2_30": 0.019999999552965164,
    "-2_31": 0.019999999552965164,
    "-2_32": 0.019999999552965164,
    "-2_33": 0.8500000238418579,
    "-1_0": 0.046666666865348816,
    "-1_1": 0.07999999821186066,
    "-1_2": 0.3266666829586029,
    "-1_3": 0.4399999976158142,
    "-1_4": 0.5066666603088379,
    "-1_5": 0.31333333253860474,
    "-1_6": 0.26333335041999817,
    "-1_7": 0.2600000202655792,
    "-1_8": 0.21666666865348816,
    "-1_9": 0.18666666746139526,
    "-1_10": 0.2266666740179062,
    "-1_11": 0.14666667580604553,
    "-1_12": 0.12000000476837158,
    "-1_13": 0.1899999976158142,
    "-1_14": 0.21000000834465027,
    "-1_15": 0.18666666746139526,
    "-1_16": 0.1599999964237213,
    "-1_17": 0.15333333611488342,
    "-1_18": 0.2866666615009308,
    "-1_19": 0.3766666650772095,
    "-1_20": 0.34333333373069763,
    "-1_21": 0.4266666769981384,
    "-1_22": 0.6566666960716248,
    "-1_23": 0.6533333659172058,
    "-1_24": 0.6833333373069763,
    "-1_25": 0.7599999904632568,
    "-1_26": 0.753333330154419,
    "-1_27": 0.7933333516120911,
    "-1_28": 0.019999999552965164,
    "-1_29": 0.019999999552965164,
    "-1_30": 0.019999999552965164,
    "-1_31": 0.019999999552965164,
    "-1_32": 0.019999999552965164,
    "-1_33": 0.7833333611488342,
    "0_0": 0.04333333298563957,
    "0_1": 0.0,
    "0_2": 0.10999999940395355,
    "0_3": 0.10333333909511566,
    "0_4": 0.2600000202655792,
    "0_5": 0.05666666850447655,
    "0_6": 0.03999999910593033,
    "0_7": 0.030000001192092896,
    "0_8": 0.06000000238418579,
    "0_9": 0.019999999552965164,
    "0_10": 0.03333333507180214,
    "0_11": 0.02666666731238365,
    "0_12": 0.02666666731238365,
    "0_13": 0.06666667014360428,
    "0_14": 0.05666666850447655,
    "0_15": 0.0833333358168602,
    "0_16": 0.10999999940395355,
    "0_17": 0.10000000149011612,
    "0_18": 0.2566666603088379,
    "0_19": 0.26333335041999817,
    "0_20": 0.4033333361148834,
    "0_21": 0.4833333492279053,
    "0_22": 0.49000000953674316,
    "0_23": 0.44333335757255554,
    "0_24": 0.6000000238418579,
    "0_25": 0.6833333373069763,
    "0_26": 0.79666668176651,
    "0_27": 0.800000011920929,
    "0_28": 0.019999999552965164,
    "0_29": 0.019999999552965164,
    "0_30": 0.019999999552965164,
    "0_31": 0.019999999552965164,
    "0_32": 0.019999999552965164,
    "0_33": 0.7400000095367432,
    "1_0": 0.046666666865348816,
    "1_1": 0.03999999910593033,
    "1_2": 0.06666667014360428,
    "1_3": 0.13333334028720856,
    "1_4": 0.13333334028720856,
    "1_5": 0.11666666716337204,
    "1_6": 0.10000000149011612,
    "1_7": 0.07333333790302277,
    "1_8": 0.10999999940395355,
    "1_9": 0.09666667133569717,
    "1_10": 0.1133333370089531,
    "1_11": 0.09000000357627869,
    "1_12": 0.07999999821186066,
    "1_13": 0.08666666597127914,
    "1_14": 0.1133333370089531,
    "1_15": 0.11666666716337204,
    "1_16": 0.10333333909511566,
    "1_17": 0.11666666716337204,
    "1_18": 0.1433333307504654,
    "1_19": 0.23666667938232422,
    "1_20": 0.25,
    "1_21": 0.3166666626930237,
    "1_22": 0.29666668176651,
    "1_23": 0.27000001072883606,
    "1_24": 0.40666666626930237,
    "1_25": 0.4833333492279053,
    "1_26": 0.019999999552965164,
    "1_27": 0.019999999552965164,
    "1_28": 0.019999999552965164,
    "1_29": 0.019999999552965164,
    "1_30": 0.019999999552965164,
    "1_31": 0.019999999552965164,
    "1_32": 0.019999999552965164,
    "1_33": 0.7200000286102295,
    "2_0": 0.05666666850447655,
    "2_1": 0.06666667014360428,
    "2_2": 0.07333333790302277,
    "2_3": 0.07666666805744171,
    "2_4": 0.1066666692495346,
    "2_5": 0.08666666597127914,
    "2_6": 0.12333333492279053,
    "2_7": 0.10333333909511566,
    "2_8": 0.09666667133569717,
    "2_9": 0.10000000149011612,
    "2_10": 0.08666666597127914,
    "2_11": 0.08666666597127914,
    "2_12": 0.07999999821186066,
    "2_13": 0.09333333373069763,
    "2_14": 0.08666666597127914,
    "2_15": 0.09000000357627869,
    "2_16": 0.10333333909511566,
    "2_17": 0.0833333358168602,
    "2_18": 0.08666666597127914,
    "2_19": 0.14666667580604553,
    "2_20": 0.15333333611488342,
    "2_21": 0.18333333730697632,
    "2_22": 0.17666667699813843,
    "2_23": 0.1666666716337204,
    "2_24": 0.23333333432674408,
    "2_25": 0.25,
    "2_26": 0.019999999552965164,
    "2_27": 0.019999999552965164,
    "2_28": 0.019999999552965164,
    "2_29": 0.019999999552965164,
    "2_30": 0.019999999552965164,
    "2_31": 0.019999999552965164,
    "2_32": 0.019999999552965164,
    "2_33": 0.6033333539962769,
    "3_0": 0.03999999910593033,
    "3_1": 0.04333333298563957,
    "3_2": 0.0533333346247673,
    "3_3": 0.06000000238418579,
    "3_4": 0.05666666850447655,
    "3_5": 0.06333333253860474,
    "3_6": 0.07999999821186066,
    "3_7": 0.06333333253860474,
    "3_8": 0.08666666597127914,
    "3_9": 0.08666666597127914,
    "3_10": 0.06333333253860474,
    "3_11": 0.0833333358168602,
    "3_12": 0.06333333253860474,
    "3_13": 0.06333333253860474,
    "3_14": 0.07333333790302277,
    "3_15": 0.07999999821186066,
    "3_16": 0.07666666805744171,
    "3_17": 0.09333333373069763,
    "3_18": 0.06666667014360428,
    "3_19": 0.10333333909511566,
    "3_20": 0.15333333611488342,
    "3_21": 0.15000000596046448,
    "3_22": 0.12333333492279053,
    "3_23": 0.1133333370089531,
    "3_24": 0.24666666984558105,
    "3_25": 0.32333335280418396,
    "3_26": 0.7166666984558105,
    "3_27": 0.019999999552965164,
    "3_28": 0.019999999552965164,
    "3_29": 0.019999999552965164,
    "3_30": 0.019999999552965164,
    "3_31": 0.019999999552965164,
    "3_32": 0.019999999552965164,
    "3_33": 0.6466667056083679
  },
  "shuffle_control": {
    "-2_17": 0.01666666753590107,
    "-1_17": 0.013333333656191826,
    "0_17": 0.030000001192092896,
    "1_17": 0.019999999552965164,
    "2_17": 0.023333333432674408,
    "3_17": 0.03333333507180214
  },
  "peak_acc_by_offset": {
    "-2": 0.8666666746139526,
    "-1": 0.7933333516120911,
    "0": 0.800000011920929,
    "1": 0.7200000286102295,
    "2": 0.6033333539962769,
    "3": 0.7166666984558105
  },
  "delta_newline": 0.7800000123679638,
  "delta_newline_layer": 27
}