{
  "tag": "relax_moresft",
  "n_families": 47,
  "n_train": 1199,
  "n_val": 800,
  "n_layers": 34,
  "offsets": [
    -2,
    -1,
    0,
    1,
    2,
    3
  ],
  "acc": {
    "-2_0": 0.9524999856948853,
    "-2_1": 0.949999988079071,
    "-2_2": 0.9612500071525574,
    "-2_3": 0.9462499618530273,
    "-2_4": 0.9137499928474426,
    "-2_5": 0.90625,
    "-2_6": 0.8712499737739563,
    "-2_7": 0.8799999952316284,
    "-2_8": 0.89124995470047,
    "-2_9": 0.8837499618530273,
    "-2_10": 0.9012500047683716,
    "-2_11": 0.8637499809265137,
    "-2_12": 0.8987500071525574,
    "-2_13": 0.8675000071525574,
    "-2_14": 0.8174999952316284,
    "-2_15": 0.8837499618530273,
    "-2_16": 0.856249988079071,
    "-2_17": 0.9124999642372131,
    "-2_18": 0.9574999809265137,
    "-2_19": 0.9662500023841858,
    "-2_20": 0.9737499952316284,
    "-2_21": 0.9837499856948853,
    "-2_22": 0.9724999666213989,
    "-2_23": 0.9762499928474426,
    "-2_24": 0.9724999666213989,
    "-2_25": 0.9787499904632568,
    "-2_26": 0.019999999552965164,
    "-2_27": 0.019999999552965164,
    "-2_28": 0.019999999552965164,
    "-2_29": 0.019999999552965164,
    "-2_30": 0.019999999552965164,
    "-2_31": 0.019999999552965164,
    "-2_32": 0.019999999552965164,
    "-2_33": 0.9612500071525574,
    "-1_0": 0.044999998062849045,
    "-1_1": 0.08249999582767487,
    "-1_2": 0.4362500011920929,
    "-1_3": 0.6474999785423279,
    "-1_4": 0.7512499690055847,
    "-1_5": 0.5912500023841858,
    "-1_6": 0.48874998092651367,
    "-1_7": 0.4337500035762787,
    "-1_8": 0.4099999964237213,
    "-1_9": 0.3687500059604645,
    "-1_10": 0.4337500035762787,
    "-1_11": 0.2762500047683716,
    "-1_12": 0.23999999463558197,
    "-1_13": 0.19499999284744263,
    "-1_14": 0.2224999964237213,
    "-1_15": 0.16875000298023224,
    "-1_16": 0.17874999344348907,
    "-1_17": 0.11124999821186066,
    "-1_18": 0.2212499976158142,
    "-1_19": 0.17749999463558197,
    "-1_20": 0.14000000059604645,
    "-1_21": 0.20749999582767487,
    "-1_22": 0.5525000095367432,
    "-1_23": 0.38624998927116394,
    "-1_24": 0.4087499976158142,
    "-1_25": 0.4949999749660492,
    "-1_26": 0.5587499737739563,
    "-1_27": 0.5837500095367432,
    "-1_28": 0.019999999552965164,
    "-1_29": 0.019999999552965164,
    "-1_30": 0.019999999552965164,
    "-1_31": 0.019999999552965164,
    "-1_32": 0.019999999552965164,
    "-1_33": 0.9162499904632568,
    "0_0": 0.017500000074505806,
    "0_1": 0.021250000223517418,
    "0_2": 0.1224999949336052,
    "0_3": 0.14249999821186066,
    "0_4": 0.3387500047683716,
    "0_5": 0.0625,
    "0_6": 0.10999999940395355,
    "0_7": 0.05874999985098839,
    "0_8": 0.0949999988079071,
    "0_9": 0.057499997317790985,
    "0_10": 0.08249999582767487,
    "0_11": 0.0625,
    "0_12": 0.03125,
    "0_13": 0.019999999552965164,
    "0_14": 0.05374999716877937,
    "0_15": 0.028749998658895493,
    "0_16": 0.038750000298023224,
    "0_17": 0.027499999850988388,
    "0_18": 0.028749998658895493,
    "0_19": 0.028749998658895493,
    "0_20": 0.029999999329447746,
    "0_21": 0.07124999910593033,
    "0_22": 0.05874999985098839,
    "0_23": 0.044999998062849045,
    "0_24": 0.03125,
    "0_25": 0.036249998956918716,
    "0_26": 0.044999998062849045,
    "0_27": 0.10374999791383743,
    "0_28": 0.019999999552965164,
    "0_29": 0.019999999552965164,
    "0_30": 0.019999999552965164,
    "0_31": 0.019999999552965164,
    "0_32": 0.019999999552965164,
    "0_33": 0.04374999925494194,
    "1_0": 0.02499999850988388,
    "1_1": 0.044999998062849045,
    "1_2": 0.057499997317790985,
    "1_3": 0.05624999850988388,
    "1_4": 0.054999999701976776,
    "1_5": 0.07625000178813934,
    "1_6": 0.11749999970197678,
    "1_7": 0.0625,
    "1_8": 0.08624999970197678,
    "1_9": 0.08500000089406967,
    "1_10": 0.0612499974668026,
    "1_11": 0.03374999761581421,
    "1_12": 0.051249999552965164,
    "1_13": 0.04749999940395355,
    "1_14": 0.04874999821186066,
    "1_15": 0.03749999776482582,
    "1_16": 0.038750000298023224,
    "1_17": 0.021250000223517418,
    "1_18": 0.027499999850988388,
    "1_19": 0.042500000447034836,
    "1_20": 0.04874999821186066,
    "1_21": 0.023749999701976776,
    "1_22": 0.04124999791383743,
    "1_23": 0.028749998658895493,
    "1_24": 0.04124999791383743,
    "1_25": 0.04749999940395355,
    "1_26": 0.11249999701976776,
    "1_27": 0.08749999850988388,
    "1_28": 0.019999999552965164,
    "1_29": 0.019999999552965164,
    "1_30": 0.019999999552965164,
    "1_31": 0.019999999552965164,
    "1_32": 0.019999999552965164,
    "1_33": 0.26624998450279236,
    "2_0": 0.022499999031424522,
    "2_1": 0.036249998956918716,
    "2_2": 0.03125,
    "2_3": 0.042500000447034836,
    "2_4": 0.06499999761581421,
    "2_5": 0.07000000029802322,
    "2_6": 0.06499999761581421,
    "2_7": 0.04749999940395355,
    "2_8": 0.07124999910593033,
    "2_9": 0.08249999582767487,
    "2_10": 0.08749999850988388,
    "2_11": 0.08124999701976776,
    "2_12": 0.07499999552965164,
    "2_13": 0.05374999716877937,
    "2_14": 0.057499997317790985,
    "2_15": 0.05999999865889549,
    "2_16": 0.044999998062849045,
    "2_17": 0.04749999940395355,
    "2_18": 0.04124999791383743,
    "2_19": 0.019999999552965164,
    "2_20": 0.05374999716877937,
    "2_21": 0.04874999821186066,
    "2_22": 0.04374999925494194,
    "2_23": 0.044999998062849045,
    "2_24": 0.05874999985098839,
    "2_25": 0.03374999761581421,
    "2_26": 0.08749999850988388,
    "2_27": 0.04124999791383743,
    "2_28": 0.019999999552965164,
    "2_29": 0.019999999552965164,
    "2_30": 0.019999999552965164,
    "2_31": 0.019999999552965164,
    "2_32": 0.019999999552965164,
    "2_33": 0.09624999761581421,
    "3_0": 0.032499998807907104,
    "3_1": 0.038750000298023224,
    "3_2": 0.022499999031424522,
    "3_3": 0.044999998062849045,
    "3_4": 0.03500000014901161,
    "3_5": 0.04625000059604645,
    "3_6": 0.06624999642372131,
    "3_7": 0.03500000014901161,
    "3_8": 0.05249999836087227,
    "3_9": 0.07625000178813934,
    "3_10": 0.04999999701976776,
    "3_11": 0.06875000149011612,
    "3_12": 0.0612499974668026,
    "3_13": 0.057499997317790985,
    "3_14": 0.04749999940395355,
    "3_15": 0.04625000059604645,
    "3_16": 0.03125,
    "3_17": 0.03125,
    "3_18": 0.032499998807907104,
    "3_19": 0.05624999850988388,
    "3_20": 0.07874999940395355,
    "3_21": 0.03749999776482582,
    "3_22": 0.036249998956918716,
    "3_23": 0.027499999850988388,
    "3_24": 0.05374999716877937,
    "3_25": 0.07374999672174454,
    "3_26": 0.1274999976158142,
    "3_27": 0.11999999731779099,
    "3_28": 0.019999999552965164,
    "3_29": 0.019999999552965164,
    "3_30": 0.09999999403953552,
    "3_31": 0.019999999552965164,
    "3_32": 0.019999999552965164,
    "3_33": 0.14749999344348907
  },
  "shuffle_control": {
    "-2_17": 0.03999999910593033,
    "-1_17": 0.021250000223517418,
    "0_17": 0.017500000074505806,
    "1_17": 0.027499999850988388,
    "2_17": 0.016249999403953552,
    "3_17": 0.036249998956918716
  },
  "peak_acc_by_offset": {
    "-2": 0.9837499856948853,
    "-1": 0.9162499904632568,
    "0": 0.3387500047683716,
    "1": 0.26624998450279236,
    "2": 0.09624999761581421,
    "3": 0.14749999344348907
  },
  "delta_newline": 0.2837500050663948,
  "delta_newline_layer": 4
}