{
  "tag": "relax_onpolicy",
  "n_families": 87,
  "n_train": 1198,
  "n_val": 797,
  "n_layers": 34,
  "offsets": [
    -2,
    -1,
    0,
    1,
    2,
    3
  ],
  "acc": {
    "-2_0": 0.9071518182754517,
    "-2_1": 0.9109159111976624,
    "-2_2": 0.9109159111976624,
    "-2_3": 0.8946047425270081,
    "-2_4": 0.8770388960838318,
    "-2_5": 0.8695106506347656,
    "-2_6": 0.8318694829940796,
    "-2_7": 0.8619824051856995,
    "-2_8": 0.856963574886322,
    "-2_9": 0.875784158706665,
    "-2_10": 0.8092848062515259,
    "-2_11": 0.8557088971138,
    "-2_12": 0.8268506526947021,
    "-2_13": 0.8281053900718689,
    "-2_14": 0.8030112981796265,
    "-2_15": 0.8657465577125549,
    "-2_16": 0.8193224668502808,
    "-2_17": 0.875784158706665,
    "-2_18": 0.8983688950538635,
    "-2_19": 0.8895859122276306,
    "-2_20": 0.9071518182754517,
    "-2_21": 0.9196988344192505,
    "-2_22": 0.9259724020957947,
    "-2_23": 0.9335005879402161,
    "-2_24": 0.9209535717964172,
    "-2_25": 0.9058970808982849,
    "-2_26": 0.020075282081961632,
    "-2_27": 0.020075282081961632,
    "-2_28": 0.020075282081961632,
    "-2_29": 0.020075282081961632,
    "-2_30": 0.020075282081961632,
    "-2_31": 0.020075282081961632,
    "-2_32": 0.020075282081961632,
    "-2_33": 0.9134253263473511,
    "-1_0": 0.03387703746557236,
    "-1_1": 0.061480551958084106,
    "-1_2": 0.5319949984550476,
    "-1_3": 0.6649937033653259,
    "-1_4": 0.6800501942634583,
    "-1_5": 0.48933500051498413,
    "-1_6": 0.4127979874610901,
    "-1_7": 0.3538268506526947,
    "-1_8": 0.3638644814491272,
    "-1_9": 0.3149309754371643,
    "-1_10": 0.4027603566646576,
    "-1_11": 0.26097866892814636,
    "-1_12": 0.19573399424552917,
    "-1_13": 0.2045169323682785,
    "-1_14": 0.20577163994312286,
    "-1_15": 0.2471769154071808,
    "-1_16": 0.2434127926826477,
    "-1_17": 0.22459222376346588,
    "-1_18": 0.40777915716171265,
    "-1_19": 0.390213280916214,
    "-1_20": 0.3989962339401245,
    "-1_21": 0.5144290924072266,
    "-1_22": 0.7503136396408081,
    "-1_23": 0.6813048720359802,
    "-1_24": 0.7553324699401855,
    "-1_25": 0.8506900668144226,
    "-1_26": 0.8594729900360107,
    "-1_27": 0.8858218193054199,
    "-1_28": 0.020075282081961632,
    "-1_29": 0.020075282081961632,
    "-1_30": 0.020075282081961632,
    "-1_31": 0.020075282081961632,
    "-1_32": 0.020075282081961632,
    "-1_33": 0.9071518182754517,
    "0_0": 0.01756587252020836,
    "0_1": 0.021329987794160843,
    "0_2": 0.08406524360179901,
    "0_3": 0.07653701305389404,
    "0_4": 0.29861980676651,
    "0_5": 0.15056461095809937,
    "0_6": 0.025094103068113327,
    "0_7": 0.02885821834206581,
    "0_8": 0.0552070252597332,
    "0_9": 0.05771643668413162,
    "0_10": 0.06900878250598907,
    "0_11": 0.020075282081961632,
    "0_12": 0.041405268013477325,
    "0_13": 0.042659975588321686,
    "0_14": 0.03638644888997078,
    "0_15": 0.06273525953292847,
    "0_16": 0.061480551958084106,
    "0_17": 0.09661229699850082,
    "0_18": 0.14052698016166687,
    "0_19": 0.1656210720539093,
    "0_20": 0.21329987049102783,
    "0_21": 0.30991217494010925,
    "0_22": 0.4215809106826782,
    "0_23": 0.3826850652694702,
    "0_24": 0.5345044136047363,
    "0_25": 0.39523211121559143,
    "0_26": 0.5069008469581604,
    "0_27": 0.4341279864311218,
    "0_28": 0.4742785394191742,
    "0_29": 0.020075282081961632,
    "0_30": 0.020075282081961632,
    "0_31": 0.020075282081961632,
    "0_32": 0.020075282081961632,
    "0_33": 0.5809285044670105,
    "1_0": 0.032622333616018295,
    "1_1": 0.005018820520490408,
    "1_2": 0.05269761383533478,
    "1_3": 0.040150564163923264,
    "1_4": 0.041405268013477325,
    "1_5": 0.03764115273952484,
    "1_6": 0.03638644888997078,
    "1_7": 0.048933498561382294,
    "1_8": 0.061480551958084106,
    "1_9": 0.05269761383533478,
    "1_10": 0.06524466723203659,
    "1_11": 0.060225844383239746,
    "1_12": 0.05395232141017914,
    "1_13": 0.12547051906585693,
    "1_14": 0.0878293588757515,
    "1_15": 0.14554579555988312,
    "1_16": 0.19322459399700165,
    "1_17": 0.17942284047603607,
    "1_18": 0.2434127926826477,
    "1_19": 0.2885821759700775,
    "1_20": 0.33626097440719604,
    "1_21": 0.5520702600479126,
    "1_22": 0.5671266913414001,
    "1_23": 0.5282308459281921,
    "1_24": 0.6185696125030518,
    "1_25": 0.6047678589820862,
    "1_26": 0.020075282081961632,
    "1_27": 0.020075282081961632,
    "1_28": 0.020075282081961632,
    "1_29": 0.020075282081961632,
    "1_30": 0.020075282081961632,
    "1_31": 0.020075282081961632,
    "1_32": 0.020075282081961632,
    "1_33": 0.721455454826355,
    "2_0": 0.048933498561382294,
    "2_1": 0.061480551958084106,
    "2_2": 0.07653701305389404,
    "2_3": 0.07402760535478592,
    "2_4": 0.08030112832784653,
    "2_5": 0.08657465130090714,
    "2_6": 0.09535758942365646,
    "2_7": 0.10163111239671707,
    "2_8": 0.09912170469760895,
    "2_9": 0.11417816579341888,
    "2_10": 0.10915934294462204,
    "2_11": 0.08406524360179901,
    "2_12": 0.1104140505194664,
    "2_13": 0.10790464282035828,
    "2_14": 0.09661229699850082,
    "2_15": 0.1267252117395401,
    "2_16": 0.14052698016166687,
    "2_17": 0.13425344228744507,
    "2_18": 0.1329987496137619,
    "2_19": 0.14554579555988312,
    "2_20": 0.17314930260181427,
    "2_21": 0.26474279165267944,
    "2_22": 0.2471769154071808,
    "2_23": 0.2559598386287689,
    "2_24": 0.32245922088623047,
    "2_25": 0.29987451434135437,
    "2_26": 0.020075282081961632,
    "2_27": 0.020075282081961632,
    "2_28": 0.020075282081961632,
    "2_29": 0.020075282081961632,
    "2_30": 0.020075282081961632,
    "2_31": 0.020075282081961632,
    "2_32": 0.020075282081961632,
    "2_33": 0.5457967519760132,
    "3_0": 0.048933498561382294,
    "3_1": 0.051442909985780716,
    "3_2": 0.06273525953292847,
    "3_3": 0.06900878250598907,
    "3_4": 0.06775407493114471,
    "3_5": 0.07277289777994156,
    "3_6": 0.08908406645059586,
    "3_7": 0.07277289777994156,
    "3_8": 0.08406524360179901,
    "3_9": 0.09535758942365646,
    "3_10": 0.10664993524551392,
    "3_11": 0.08406524360179901,
    "3_12": 0.09284818172454834,
    "3_13": 0.09159347414970398,
    "3_14": 0.08657465130090714,
    "3_15": 0.12547051906585693,
    "3_16": 0.10288581997156143,
    "3_17": 0.10539522767066956,
    "3_18": 0.11417816579341888,
    "3_19": 0.15181931853294373,
    "3_20": 0.18946047127246857,
    "3_21": 0.20953576266765594,
    "3_22": 0.18444165587425232,
    "3_23": 0.17691342532634735,
    "3_24": 0.26474279165267944,
    "3_25": 0.5721455216407776,
    "3_26": 0.020075282081961632,
    "3_27": 0.020075282081961632,
    "3_28": 0.020075282081961632,
    "3_29": 0.020075282081961632,
    "3_30": 0.020075282081961632,
    "3_31": 0.020075282081961632,
    "3_32": 0.020075282081961632,
    "3_33": 0.740276038646698
  },
  "shuffle_control": {
    "-2_17": 0.0276035126298666,
    "-1_17": 0.025094103068113327,
    "0_17": 0.023839397355914116,
    "1_17": 0.021329987794160843,
    "2_17": 0.012547051534056664,
    "3_17": 0.011292345821857452
  },
  "peak_acc_by_offset": {
    "-2": 0.9335005879402161,
    "-1": 0.9071518182754517,
    "0": 0.5809285044670105,
    "1": 0.721455454826355,
    "2": 0.5457967519760132,
    "3": 0.740276038646698
  },
  "delta_newline": 0.48682556487619877,
  "delta_newline_layer": 26
}