{
  "tag": "relaxlong_onpolicy_ckpt_075",
  "n_families": 64,
  "n_train": 598,
  "n_val": 299,
  "n_layers": 34,
  "offsets": [
    -2,
    -1,
    0,
    1,
    2,
    3
  ],
  "acc": {
    "-2_0": 0.8595317602157593,
    "-2_1": 0.832775890827179,
    "-2_2": 0.8160535097122192,
    "-2_3": 0.8361203670501709,
    "-2_4": 0.7591972947120667,
    "-2_5": 0.7123745679855347,
    "-2_6": 0.7023411393165588,
    "-2_7": 0.735785961151123,
    "-2_8": 0.739130437374115,
    "-2_9": 0.7224079966545105,
    "-2_10": 0.6521739363670349,
    "-2_11": 0.5752508044242859,
    "-2_12": 0.6789297461509705,
    "-2_13": 0.7056856155395508,
    "-2_14": 0.571906328201294,
    "-2_15": 0.7224079966545105,
    "-2_16": 0.692307710647583,
    "-2_17": 0.695652186870575,
    "-2_18": 0.8428093791007996,
    "-2_19": 0.829431414604187,
    "-2_20": 0.8996655344963074,
    "-2_21": 0.9264214038848877,
    "-2_22": 0.9397993087768555,
    "-2_23": 0.9230769276618958,
    "-2_24": 0.9297658801078796,
    "-2_25": 0.9397993087768555,
    "-2_26": 0.023411370813846588,
    "-2_27": 0.023411370813846588,
    "-2_28": 0.023411370813846588,
    "-2_29": 0.023411370813846588,
    "-2_30": 0.023411370813846588,
    "-2_31": 0.023411370813846588,
    "-2_32": 0.023411370813846588,
    "-2_33": 0.9130434989929199,
    "-1_0": 0.05351170524954796,
    "-1_1": 0.08361203968524933,
    "-1_2": 0.4548494815826416,
    "-1_3": 0.45819398760795593,
    "-1_4": 0.4615384638309479,
    "-1_5": 0.3812708854675293,
    "-1_6": 0.34448161721229553,
    "-1_7": 0.2541806101799011,
    "-1_8": 0.19063544273376465,
    "-1_9": 0.17725752294063568,
    "-1_10": 0.2541806101799011,
    "-1_11": 0.20735785365104675,
    "-1_12": 0.14381270110607147,
    "-1_13": 0.20066890120506287,
    "-1_14": 0.2107023447751999,
    "-1_15": 0.1705685555934906,
    "-1_16": 0.1872909665107727,
    "-1_17": 0.17391304671764374,
    "-1_18": 0.2909699082374573,
    "-1_19": 0.31438127160072327,
    "-1_20": 0.27424749732017517,
    "-1_21": 0.37792640924453735,
    "-1_22": 0.6187291145324707,
    "-1_23": 0.5551839470863342,
    "-1_24": 0.6488294005393982,
    "-1_25": 0.7257524728775024,
    "-1_26": 0.7792642116546631,
    "-1_27": 0.8093645572662354,
    "-1_28": 0.7959865927696228,
    "-1_29": 0.023411370813846588,
    "-1_30": 0.023411370813846588,
    "-1_31": 0.023411370813846588,
    "-1_32": 0.023411370813846588,
    "-1_33": 0.8528428077697754,
    "0_0": 0.016722407191991806,
    "0_1": 0.016722407191991806,
    "0_2": 0.14046822488307953,
    "0_3": 0.06688962876796722,
    "0_4": 0.260869562625885,
    "0_5": 0.0568561851978302,
    "0_6": 0.05351170524954796,
    "0_7": 0.043478261679410934,
    "0_8": 0.06688962876796722,
    "0_9": 0.03678929805755615,
    "0_10": 0.040133778005838394,
    "0_11": 0.023411370813846588,
    "0_12": 0.02675585262477398,
    "0_13": 0.046822741627693176,
    "0_14": 0.0735785961151123,
    "0_15": 0.08695652335882187,
    "0_16": 0.1137123703956604,
    "0_17": 0.06020066887140274,
    "0_18": 0.1137123703956604,
    "0_19": 0.16053511202335358,
    "0_20": 0.16722407937049866,
    "0_21": 0.2943143844604492,
    "0_22": 0.3411371111869812,
    "0_23": 0.28762540221214294,
    "0_24": 0.45819398760795593,
    "0_25": 0.3812708854675293,
    "0_26": 0.38795986771583557,
    "0_27": 0.34448161721229553,
    "0_28": 0.32107022404670715,
    "0_29": 0.023411370813846588,
    "0_30": 0.023411370813846588,
    "0_31": 0.023411370813846588,
    "0_32": 0.023411370813846588,
    "0_33": 0.5016722083091736,
    "1_0": 0.01337792631238699,
    "1_1": 0.03010033443570137,
    "1_2": 0.040133778005838394,
    "1_3": 0.05016722530126572,
    "1_4": 0.08026755601167679,
    "1_5": 0.023411370813846588,
    "1_6": 0.05351170524954796,
    "1_7": 0.05016722530126572,
    "1_8": 0.043478261679410934,
    "1_9": 0.040133778005838394,
    "1_10": 0.06020066887140274,
    "1_11": 0.05016722530126572,
    "1_12": 0.03678929805755615,
    "1_13": 0.10702341049909592,
    "1_14": 0.06020066887140274,
    "1_15": 0.12709030508995056,
    "1_16": 0.1538461595773697,
    "1_17": 0.1538461595773697,
    "1_18": 0.18060199916362762,
    "1_19": 0.2274247407913208,
    "1_20": 0.2274247407913208,
    "1_21": 0.4080267548561096,
    "1_22": 0.4046822786331177,
    "1_23": 0.3645485043525696,
    "1_24": 0.4648829400539398,
    "1_25": 0.46822741627693176,
    "1_26": 0.023411370813846588,
    "1_27": 0.023411370813846588,
    "1_28": 0.023411370813846588,
    "1_29": 0.023411370813846588,
    "1_30": 0.023411370813846588,
    "1_31": 0.023411370813846588,
    "1_32": 0.023411370813846588,
    "1_33": 0.5317725539207458,
    "2_0": 0.06020066887140274,
    "2_1": 0.07023411244153976,
    "2_2": 0.0735785961151123,
    "2_3": 0.06354515254497528,
    "2_4": 0.08361203968524933,
    "2_5": 0.0735785961151123,
    "2_6": 0.09364548325538635,
    "2_7": 0.08026755601167679,
    "2_8": 0.08026755601167679,
    "2_9": 0.09030099958181381,
    "2_10": 0.09364548325538635,
    "2_11": 0.08361203968524933,
    "2_12": 0.08026755601167679,
    "2_13": 0.10367892682552338,
    "2_14": 0.07692307978868484,
    "2_15": 0.10033445060253143,
    "2_16": 0.12040133774280548,
    "2_17": 0.1304347813129425,
    "2_18": 0.10702341049909592,
    "2_19": 0.13712374866008759,
    "2_20": 0.13377925753593445,
    "2_21": 0.17725752294063568,
    "2_22": 0.15719063580036163,
    "2_23": 0.1538461595773697,
    "2_24": 0.2441471517086029,
    "2_25": 0.20066890120506287,
    "2_26": 0.35451504588127136,
    "2_27": 0.023411370813846588,
    "2_28": 0.023411370813846588,
    "2_29": 0.023411370813846588,
    "2_30": 0.023411370813846588,
    "2_31": 0.023411370813846588,
    "2_32": 0.023411370813846588,
    "2_33": 0.3244147002696991,
    "3_0": 0.03678929805755615,
    "3_1": 0.05351170524954796,
    "3_2": 0.046822741627693176,
    "3_3": 0.046822741627693176,
    "3_4": 0.06020066887140274,
    "3_5": 0.06354515254497528,
    "3_6": 0.07692307978868484,
    "3_7": 0.07692307978868484,
    "3_8": 0.08361203968524933,
    "3_9": 0.08026755601167679,
    "3_10": 0.06354515254497528,
    "3_11": 0.0568561851978302,
    "3_12": 0.07692307978868484,
    "3_13": 0.06354515254497528,
    "3_14": 0.05351170524954796,
    "3_15": 0.07023411244153976,
    "3_16": 0.07692307978868484,
    "3_17": 0.09030099958181381,
    "3_18": 0.08361203968524933,
    "3_19": 0.09698996692895889,
    "3_20": 0.09364548325538635,
    "3_21": 0.13377925753593445,
    "3_22": 0.11036789417266846,
    "3_23": 0.09698996692895889,
    "3_24": 0.1471571922302246,
    "3_25": 0.43478259444236755,
    "3_26": 0.023411370813846588,
    "3_27": 0.023411370813846588,
    "3_28": 0.023411370813846588,
    "3_29": 0.023411370813846588,
    "3_30": 0.023411370813846588,
    "3_31": 0.023411370813846588,
    "3_32": 0.023411370813846588,
    "3_33": 0.6020066738128662
  },
  "shuffle_control": {
    "-2_17": 0.03678929805755615,
    "-1_17": 0.020066889002919197,
    "0_17": 0.016722407191991806,
    "1_17": 0.040133778005838394,
    "2_17": 0.023411370813846588,
    "3_17": 0.040133778005838394
  },
  "peak_acc_by_offset": {
    "-2": 0.9397993087768555,
    "-1": 0.8528428077697754,
    "0": 0.5016722083091736,
    "1": 0.5317725539207458,
    "2": 0.35451504588127136,
    "3": 0.6020066738128662
  },
  "delta_newline": 0.364548496901989,
  "delta_newline_layer": 26
}