{
  "tag": "relaxlong_moresft_ckpt_050",
  "n_families": 47,
  "n_train": 600,
  "n_val": 299,
  "n_layers": 34,
  "offsets": [
    -2,
    -1,
    0,
    1,
    2,
    3
  ],
  "acc": {
    "-2_0": 0.8461538553237915,
    "-2_1": 0.8428093791007996,
    "-2_2": 0.829431414604187,
    "-2_3": 0.8561872839927673,
    "-2_4": 0.735785961151123,
    "-2_5": 0.7491638660430908,
    "-2_6": 0.6989966630935669,
    "-2_7": 0.6856186985969543,
    "-2_8": 0.7324414849281311,
    "-2_9": 0.7257524728775024,
    "-2_10": 0.7056856155395508,
    "-2_11": 0.7023411393165588,
    "-2_12": 0.7023411393165588,
    "-2_13": 0.6555184125900269,
    "-2_14": 0.6722407937049866,
    "-2_15": 0.6655518412590027,
    "-2_16": 0.785953164100647,
    "-2_17": 0.7525083422660828,
    "-2_18": 0.8528428077697754,
    "-2_19": 0.8795986771583557,
    "-2_20": 0.8862876296043396,
    "-2_21": 0.953177273273468,
    "-2_22": 0.9464882612228394,
    "-2_23": 0.9297658801078796,
    "-2_24": 0.9598662257194519,
    "-2_25": 0.9364548325538635,
    "-2_26": 0.023411370813846588,
    "-2_27": 0.023411370813846588,
    "-2_28": 0.023411370813846588,
    "-2_29": 0.023411370813846588,
    "-2_30": 0.023411370813846588,
    "-2_31": 0.023411370813846588,
    "-2_32": 0.023411370813846588,
    "-2_33": 0.9498327970504761,
    "-1_0": 0.03344481438398361,
    "-1_1": 0.06354515254497528,
    "-1_2": 0.5150501728057861,
    "-1_3": 0.5484949946403503,
    "-1_4": 0.6387959718704224,
    "-1_5": 0.4615384638309479,
    "-1_6": 0.2943143844604492,
    "-1_7": 0.2541806101799011,
    "-1_8": 0.23411370813846588,
    "-1_9": 0.19732441008090973,
    "-1_10": 0.2508361041545868,
    "-1_11": 0.16722407937049866,
    "-1_12": 0.1638796031475067,
    "-1_13": 0.12709030508995056,
    "-1_14": 0.1471571922302246,
    "-1_15": 0.1471571922302246,
    "-1_16": 0.10367892682552338,
    "-1_17": 0.13712374866008759,
    "-1_18": 0.17725752294063568,
    "-1_19": 0.13712374866008759,
    "-1_20": 0.16053511202335358,
    "-1_21": 0.12709030508995056,
    "-1_22": 0.3913043439388275,
    "-1_23": 0.1872909665107727,
    "-1_24": 0.3244147002696991,
    "-1_25": 0.2775919735431671,
    "-1_26": 0.4214046895503998,
    "-1_27": 0.5083612203598022,
    "-1_28": 0.023411370813846588,
    "-1_29": 0.023411370813846588,
    "-1_30": 0.023411370813846588,
    "-1_31": 0.023411370813846588,
    "-1_32": 0.023411370813846588,
    "-1_33": 0.7056856155395508,
    "0_0": 0.03010033443570137,
    "0_1": 0.023411370813846588,
    "0_2": 0.19063544273376465,
    "0_3": 0.12374582141637802,
    "0_4": 0.3645485043525696,
    "0_5": 0.11036789417266846,
    "0_6": 0.03344481438398361,
    "0_7": 0.0568561851978302,
    "0_8": 0.09698996692895889,
    "0_9": 0.08361203968524933,
    "0_10": 0.1137123703956604,
    "0_11": 0.040133778005838394,
    "0_12": 0.040133778005838394,
    "0_13": 0.03678929805755615,
    "0_14": 0.0568561851978302,
    "0_15": 0.020066889002919197,
    "0_16": 0.03010033443570137,
    "0_17": 0.03010033443570137,
    "0_18": 0.046822741627693176,
    "0_19": 0.03010033443570137,
    "0_20": 0.03678929805755615,
    "0_21": 0.02675585262477398,
    "0_22": 0.01337792631238699,
    "0_23": 0.023411370813846588,
    "0_24": 0.03344481438398361,
    "0_25": 0.03678929805755615,
    "0_26": 0.023411370813846588,
    "0_27": 0.07692307978868484,
    "0_28": 0.023411370813846588,
    "0_29": 0.023411370813846588,
    "0_30": 0.023411370813846588,
    "0_31": 0.023411370813846588,
    "0_32": 0.023411370813846588,
    "0_33": 0.043478261679410934,
    "1_0": 0.01337792631238699,
    "1_1": 0.01337792631238699,
    "1_2": 0.043478261679410934,
    "1_3": 0.06354515254497528,
    "1_4": 0.06020066887140274,
    "1_5": 0.07692307978868484,
    "1_6": 0.08026755601167679,
    "1_7": 0.046822741627693176,
    "1_8": 0.06354515254497528,
    "1_9": 0.07692307978868484,
    "1_10": 0.046822741627693176,
    "1_11": 0.05351170524954796,
    "1_12": 0.06688962876796722,
    "1_13": 0.06020066887140274,
    "1_14": 0.046822741627693176,
    "1_15": 0.03678929805755615,
    "1_16": 0.03010033443570137,
    "1_17": 0.01337792631238699,
    "1_18": 0.02675585262477398,
    "1_19": 0.03678929805755615,
    "1_20": 0.02675585262477398,
    "1_21": 0.03344481438398361,
    "1_22": 0.020066889002919197,
    "1_23": 0.020066889002919197,
    "1_24": 0.05016722530126572,
    "1_25": 0.016722407191991806,
    "1_26": 0.11036789417266846,
    "1_27": 0.06020066887140274,
    "1_28": 0.023411370813846588,
    "1_29": 0.023411370813846588,
    "1_30": 0.023411370813846588,
    "1_31": 0.023411370813846588,
    "1_32": 0.023411370813846588,
    "1_33": 0.1471571922302246,
    "2_0": 0.023411370813846588,
    "2_1": 0.020066889002919197,
    "2_2": 0.03010033443570137,
    "2_3": 0.020066889002919197,
    "2_4": 0.03344481438398361,
    "2_5": 0.03344481438398361,
    "2_6": 0.08026755601167679,
    "2_7": 0.06020066887140274,
    "2_8": 0.06354515254497528,
    "2_9": 0.06354515254497528,
    "2_10": 0.05016722530126572,
    "2_11": 0.06020066887140274,
    "2_12": 0.06354515254497528,
    "2_13": 0.0735785961151123,
    "2_14": 0.06688962876796722,
    "2_15": 0.03010033443570137,
    "2_16": 0.03678929805755615,
    "2_17": 0.040133778005838394,
    "2_18": 0.040133778005838394,
    "2_19": 0.03678929805755615,
    "2_20": 0.0568561851978302,
    "2_21": 0.02675585262477398,
    "2_22": 0.03010033443570137,
    "2_23": 0.02675585262477398,
    "2_24": 0.040133778005838394,
    "2_25": 0.043478261679410934,
    "2_26": 0.07023411244153976,
    "2_27": 0.046822741627693176,
    "2_28": 0.023411370813846588,
    "2_29": 0.023411370813846588,
    "2_30": 0.023411370813846588,
    "2_31": 0.023411370813846588,
    "2_32": 0.023411370813846588,
    "2_33": 0.0568561851978302,
    "3_0": 0.010033444501459599,
    "3_1": 0.03010033443570137,
    "3_2": 0.02675585262477398,
    "3_3": 0.03344481438398361,
    "3_4": 0.046822741627693176,
    "3_5": 0.040133778005838394,
    "3_6": 0.07023411244153976,
    "3_7": 0.040133778005838394,
    "3_8": 0.05351170524954796,
    "3_9": 0.06688962876796722,
    "3_10": 0.040133778005838394,
    "3_11": 0.03678929805755615,
    "3_12": 0.046822741627693176,
    "3_13": 0.05016722530126572,
    "3_14": 0.03678929805755615,
    "3_15": 0.02675585262477398,
    "3_16": 0.020066889002919197,
    "3_17": 0.02675585262477398,
    "3_18": 0.020066889002919197,
    "3_19": 0.016722407191991806,
    "3_20": 0.040133778005838394,
    "3_21": 0.02675585262477398,
    "3_22": 0.03678929805755615,
    "3_23": 0.043478261679410934,
    "3_24": 0.01337792631238699,
    "3_25": 0.046822741627693176,
    "3_26": 0.3511705696582794,
    "3_27": 0.3979932963848114,
    "3_28": 0.023411370813846588,
    "3_29": 0.023411370813846588,
    "3_30": 0.023411370813846588,
    "3_31": 0.023411370813846588,
    "3_32": 0.023411370813846588,
    "3_33": 0.4046822786331177
  },
  "shuffle_control": {
    "-2_17": 0.040133778005838394,
    "-1_17": 0.03010033443570137,
    "0_17": 0.01337792631238699,
    "1_17": 0.03678929805755615,
    "2_17": 0.023411370813846588,
    "3_17": 0.020066889002919197
  },
  "peak_acc_by_offset": {
    "-2": 0.9598662257194519,
    "-1": 0.7056856155395508,
    "0": 0.3645485043525696,
    "1": 0.1471571922302246,
    "2": 0.08026755601167679,
    "3": 0.4046822786331177
  },
  "delta_newline": 0.30434783548116684,
  "delta_newline_layer": 4
}