{
  "tag": "relaxlong_offpolicy_ckpt_000",
  "n_families": 48,
  "n_train": 600,
  "n_val": 300,
  "n_layers": 34,
  "offsets": [
    -2,
    -1,
    0,
    1,
    2,
    3
  ],
  "acc": {
    "-2_0": 0.8500000238418579,
    "-2_1": 0.84333336353302,
    "-2_2": 0.8100000023841858,
    "-2_3": 0.8366667032241821,
    "-2_4": 0.7833333611488342,
    "-2_5": 0.8133333325386047,
    "-2_6": 0.7733333706855774,
    "-2_7": 0.6566666960716248,
    "-2_8": 0.6933333277702332,
    "-2_9": 0.7266666889190674,
    "-2_10": 0.7333333492279053,
    "-2_11": 0.7266666889190674,
    "-2_12": 0.746666669845581,
    "-2_13": 0.7166666984558105,
    "-2_14": 0.6633333563804626,
    "-2_15": 0.6833333373069763,
    "-2_16": 0.7200000286102295,
    "-2_17": 0.7866666913032532,
    "-2_18": 0.893333375453949,
    "-2_19": 0.893333375453949,
    "-2_20": 0.9700000286102295,
    "-2_21": 0.9566667079925537,
    "-2_22": 0.9700000286102295,
    "-2_23": 0.9733333587646484,
    "-2_24": 0.9633333683013916,
    "-2_25": 0.9700000286102295,
    "-2_26": 0.023333333432674408,
    "-2_27": 0.023333333432674408,
    "-2_28": 0.023333333432674408,
    "-2_29": 0.023333333432674408,
    "-2_30": 0.023333333432674408,
    "-2_31": 0.023333333432674408,
    "-2_32": 0.023333333432674408,
    "-2_33": 0.9700000286102295,
    "-1_0": 0.07666666805744171,
    "-1_1": 0.09333333373069763,
    "-1_2": 0.503333330154419,
    "-1_3": 0.4166666865348816,
    "-1_4": 0.6500000357627869,
    "-1_5": 0.4000000059604645,
    "-1_6": 0.38333335518836975,
    "-1_7": 0.2800000011920929,
    "-1_8": 0.1966666728258133,
    "-1_9": 0.21000000834465027,
    "-1_10": 0.2900000214576721,
    "-1_11": 0.1899999976158142,
    "-1_12": 0.16333334147930145,
    "-1_13": 0.1433333307504654,
    "-1_14": 0.1366666704416275,
    "-1_15": 0.12333333492279053,
    "-1_16": 0.09000000357627869,
    "-1_17": 0.08666666597127914,
    "-1_18": 0.13333334028720856,
    "-1_19": 0.10333333909511566,
    "-1_20": 0.11666666716337204,
    "-1_21": 0.12666666507720947,
    "-1_22": 0.3799999952316284,
    "-1_23": 0.2800000011920929,
    "-1_24": 0.3566666841506958,
    "-1_25": 0.2433333396911621,
    "-1_26": 0.5366666913032532,
    "-1_27": 0.4033333361148834,
    "-1_28": 0.023333333432674408,
    "-1_29": 0.023333333432674408,
    "-1_30": 0.023333333432674408,
    "-1_31": 0.023333333432674408,
    "-1_32": 0.023333333432674408,
    "-1_33": 0.84333336353302,
    "0_0": 0.01666666753590107,
    "0_1": 0.019999999552965164,
    "0_2": 0.10999999940395355,
    "0_3": 0.1366666704416275,
    "0_4": 0.1899999976158142,
    "0_5": 0.11666666716337204,
    "0_6": 0.03333333507180214,
    "0_7": 0.03999999910593033,
    "0_8": 0.06333333253860474,
    "0_9": 0.05666666850447655,
    "0_10": 0.10999999940395355,
    "0_11": 0.07999999821186066,
    "0_12": 0.0533333346247673,
    "0_13": 0.03999999910593033,
    "0_14": 0.019999999552965164,
    "0_15": 0.03666666895151138,
    "0_16": 0.03999999910593033,
    "0_17": 0.03666666895151138,
    "0_18": 0.009999999776482582,
    "0_19": 0.01666666753590107,
    "0_20": 0.03333333507180214,
    "0_21": 0.019999999552965164,
    "0_22": 0.02666666731238365,
    "0_23": 0.01666666753590107,
    "0_24": 0.03333333507180214,
    "0_25": 0.04333333298563957,
    "0_26": 0.023333333432674408,
    "0_27": 0.019999999552965164,
    "0_28": 0.023333333432674408,
    "0_29": 0.023333333432674408,
    "0_30": 0.023333333432674408,
    "0_31": 0.023333333432674408,
    "0_32": 0.023333333432674408,
    "0_33": 0.030000001192092896,
    "1_0": 0.02666666731238365,
    "1_1": 0.03666666895151138,
    "1_2": 0.023333333432674408,
    "1_3": 0.07666666805744171,
    "1_4": 0.07999999821186066,
    "1_5": 0.07000000029802322,
    "1_6": 0.0833333358168602,
    "1_7": 0.07666666805744171,
    "1_8": 0.07000000029802322,
    "1_9": 0.03333333507180214,
    "1_10": 0.06000000238418579,
    "1_11": 0.05000000074505806,
    "1_12": 0.03333333507180214,
    "1_13": 0.046666666865348816,
    "1_14": 0.019999999552965164,
    "1_15": 0.0533333346247673,
    "1_16": 0.03666666895151138,
    "1_17": 0.023333333432674408,
    "1_18": 0.03333333507180214,
    "1_19": 0.023333333432674408,
    "1_20": 0.05000000074505806,
    "1_21": 0.07000000029802322,
    "1_22": 0.04333333298563957,
    "1_23": 0.030000001192092896,
    "1_24": 0.03666666895151138,
    "1_25": 0.023333333432674408,
    "1_26": 0.019999999552965164,
    "1_27": 0.07333333790302277,
    "1_28": 0.023333333432674408,
    "1_29": 0.023333333432674408,
    "1_30": 0.023333333432674408,
    "1_31": 0.023333333432674408,
    "1_32": 0.023333333432674408,
    "1_33": 0.023333333432674408,
    "2_0": 0.03333333507180214,
    "2_1": 0.046666666865348816,
    "2_2": 0.030000001192092896,
    "2_3": 0.02666666731238365,
    "2_4": 0.0533333346247673,
    "2_5": 0.05666666850447655,
    "2_6": 0.03999999910593033,
    "2_7": 0.0533333346247673,
    "2_8": 0.07999999821186066,
    "2_9": 0.05666666850447655,
    "2_10": 0.06333333253860474,
    "2_11": 0.06666667014360428,
    "2_12": 0.05000000074505806,
    "2_13": 0.06333333253860474,
    "2_14": 0.030000001192092896,
    "2_15": 0.03333333507180214,
    "2_16": 0.03999999910593033,
    "2_17": 0.030000001192092896,
    "2_18": 0.030000001192092896,
    "2_19": 0.030000001192092896,
    "2_20": 0.030000001192092896,
    "2_21": 0.046666666865348816,
    "2_22": 0.03999999910593033,
    "2_23": 0.030000001192092896,
    "2_24": 0.04333333298563957,
    "2_25": 0.05000000074505806,
    "2_26": 0.046666666865348816,
    "2_27": 0.04333333298563957,
    "2_28": 0.023333333432674408,
    "2_29": 0.023333333432674408,
    "2_30": 0.023333333432674408,
    "2_31": 0.023333333432674408,
    "2_32": 0.023333333432674408,
    "2_33": 0.03666666895151138,
    "3_0": 0.019999999552965164,
    "3_1": 0.03999999910593033,
    "3_2": 0.009999999776482582,
    "3_3": 0.01666666753590107,
    "3_4": 0.05000000074505806,
    "3_5": 0.019999999552965164,
    "3_6": 0.05000000074505806,
    "3_7": 0.06666667014360428,
    "3_8": 0.046666666865348816,
    "3_9": 0.06666667014360428,
    "3_10": 0.06666667014360428,
    "3_11": 0.03333333507180214,
    "3_12": 0.05000000074505806,
    "3_13": 0.03999999910593033,
    "3_14": 0.03999999910593033,
    "3_15": 0.030000001192092896,
    "3_16": 0.03666666895151138,
    "3_17": 0.030000001192092896,
    "3_18": 0.04333333298563957,
    "3_19": 0.023333333432674408,
    "3_20": 0.023333333432674408,
    "3_21": 0.03666666895151138,
    "3_22": 0.03333333507180214,
    "3_23": 0.023333333432674408,
    "3_24": 0.023333333432674408,
    "3_25": 0.030000001192092896,
    "3_26": 0.03999999910593033,
    "3_27": 0.03333333507180214,
    "3_28": 0.04333333298563957,
    "3_29": 0.023333333432674408,
    "3_30": 0.03666666895151138,
    "3_31": 0.023333333432674408,
    "3_32": 0.023333333432674408,
    "3_33": 0.04333333298563957
  },
  "shuffle_control": {
    "-2_17": 0.009999999776482582,
    "-1_17": 0.03999999910593033,
    "0_17": 0.023333333432674408,
    "1_17": 0.03666666895151138,
    "2_17": 0.023333333432674408,
    "3_17": 0.019999999552965164
  },
  "peak_acc_by_offset": {
    "-2": 0.9733333587646484,
    "-1": 0.84333336353302,
    "0": 0.1899999976158142,
    "1": 0.0833333358168602,
    "2": 0.07999999821186066,
    "3": 0.06666667014360428
  },
  "delta_newline": 0.10999999940395355,
  "delta_newline_layer": 4
}