{
  "tag": "relaxlong_moresft_ckpt_100",
  "n_families": 43,
  "n_train": 599,
  "n_val": 300,
  "n_layers": 34,
  "offsets": [
    -2,
    -1,
    0,
    1,
    2,
    3
  ],
  "acc": {
    "-2_0": 0.846666693687439,
    "-2_1": 0.846666693687439,
    "-2_2": 0.8533333539962769,
    "-2_3": 0.8066666722297668,
    "-2_4": 0.753333330154419,
    "-2_5": 0.7800000309944153,
    "-2_6": 0.7233333587646484,
    "-2_7": 0.7366666793823242,
    "-2_8": 0.7266666889190674,
    "-2_9": 0.6733333468437195,
    "-2_10": 0.7599999904632568,
    "-2_11": 0.699999988079071,
    "-2_12": 0.7666667103767395,
    "-2_13": 0.643333375453949,
    "-2_14": 0.6866666674613953,
    "-2_15": 0.7033333778381348,
    "-2_16": 0.746666669845581,
    "-2_17": 0.8199999928474426,
    "-2_18": 0.8966667056083679,
    "-2_19": 0.8766666650772095,
    "-2_20": 0.9399999976158142,
    "-2_21": 0.9433333277702332,
    "-2_22": 0.9633333683013916,
    "-2_23": 0.9733333587646484,
    "-2_24": 0.9733333587646484,
    "-2_25": 0.9700000286102295,
    "-2_26": 0.023333333432674408,
    "-2_27": 0.023333333432674408,
    "-2_28": 0.023333333432674408,
    "-2_29": 0.023333333432674408,
    "-2_30": 0.023333333432674408,
    "-2_31": 0.023333333432674408,
    "-2_32": 0.023333333432674408,
    "-2_33": 0.9566667079925537,
    "-1_0": 0.05000000074505806,
    "-1_1": 0.09666667133569717,
    "-1_2": 0.4933333396911621,
    "-1_3": 0.5633333325386047,
    "-1_4": 0.596666693687439,
    "-1_5": 0.3766666650772095,
    "-1_6": 0.35333335399627686,
    "-1_7": 0.2566666603088379,
    "-1_8": 0.20666667819023132,
    "-1_9": 0.2133333384990692,
    "-1_10": 0.2666666805744171,
    "-1_11": 0.21000000834465027,
    "-1_12": 0.20000000298023224,
    "-1_13": 0.1733333319425583,
    "-1_14": 0.1300000101327896,
    "-1_15": 0.18333333730697632,
    "-1_16": 0.14000000059604645,
    "-1_17": 0.1300000101327896,
    "-1_18": 0.1366666704416275,
    "-1_19": 0.1666666716337204,
    "-1_20": 0.20000000298023224,
    "-1_21": 0.1966666728258133,
    "-1_22": 0.4466666877269745,
    "-1_23": 0.33666667342185974,
    "-1_24": 0.35333335399627686,
    "-1_25": 0.4833333492279053,
    "-1_26": 0.3733333349227905,
    "-1_27": 0.6133333444595337,
    "-1_28": 0.023333333432674408,
    "-1_29": 0.023333333432674408,
    "-1_30": 0.023333333432674408,
    "-1_31": 0.023333333432674408,
    "-1_32": 0.023333333432674408,
    "-1_33": 0.8233333826065063,
    "0_0": 0.030000001192092896,
    "0_1": 0.023333333432674408,
    "0_2": 0.2266666740179062,
    "0_3": 0.15333333611488342,
    "0_4": 0.3199999928474426,
    "0_5": 0.1300000101327896,
    "0_6": 0.01666666753590107,
    "0_7": 0.046666666865348816,
    "0_8": 0.07666666805744171,
    "0_9": 0.06000000238418579,
    "0_10": 0.06333333253860474,
    "0_11": 0.046666666865348816,
    "0_12": 0.019999999552965164,
    "0_13": 0.0533333346247673,
    "0_14": 0.02666666731238365,
    "0_15": 0.05000000074505806,
    "0_16": 0.05000000074505806,
    "0_17": 0.02666666731238365,
    "0_18": 0.030000001192092896,
    "0_19": 0.06666667014360428,
    "0_20": 0.03999999910593033,
    "0_21": 0.030000001192092896,
    "0_22": 0.019999999552965164,
    "0_23": 0.023333333432674408,
    "0_24": 0.05666666850447655,
    "0_25": 0.02666666731238365,
    "0_26": 0.04333333298563957,
    "0_27": 0.0533333346247673,
    "0_28": 0.023333333432674408,
    "0_29": 0.023333333432674408,
    "0_30": 0.023333333432674408,
    "0_31": 0.023333333432674408,
    "0_32": 0.023333333432674408,
    "0_33": 0.07000000029802322,
    "1_0": 0.05000000074505806,
    "1_1": 0.02666666731238365,
    "1_2": 0.0533333346247673,
    "1_3": 0.03666666895151138,
    "1_4": 0.03666666895151138,
    "1_5": 0.06333333253860474,
    "1_6": 0.0533333346247673,
    "1_7": 0.05666666850447655,
    "1_8": 0.07333333790302277,
    "1_9": 0.07000000029802322,
    "1_10": 0.06000000238418579,
    "1_11": 0.019999999552965164,
    "1_12": 0.05000000074505806,
    "1_13": 0.03666666895151138,
    "1_14": 0.046666666865348816,
    "1_15": 0.04333333298563957,
    "1_16": 0.03333333507180214,
    "1_17": 0.03999999910593033,
    "1_18": 0.03333333507180214,
    "1_19": 0.009999999776482582,
    "1_20": 0.03666666895151138,
    "1_21": 0.07333333790302277,
    "1_22": 0.02666666731238365,
    "1_23": 0.04333333298563957,
    "1_24": 0.03333333507180214,
    "1_25": 0.06666667014360428,
    "1_26": 0.15000000596046448,
    "1_27": 0.0533333346247673,
    "1_28": 0.023333333432674408,
    "1_29": 0.023333333432674408,
    "1_30": 0.023333333432674408,
    "1_31": 0.023333333432674408,
    "1_32": 0.023333333432674408,
    "1_33": 0.21666666865348816,
    "2_0": 0.01666666753590107,
    "2_1": 0.03333333507180214,
    "2_2": 0.03333333507180214,
    "2_3": 0.02666666731238365,
    "2_4": 0.05666666850447655,
    "2_5": 0.07000000029802322,
    "2_6": 0.06333333253860474,
    "2_7": 0.04333333298563957,
    "2_8": 0.06666667014360428,
    "2_9": 0.0533333346247673,
    "2_10": 0.07666666805744171,
    "2_11": 0.03999999910593033,
    "2_12": 0.04333333298563957,
    "2_13": 0.04333333298563957,
    "2_14": 0.046666666865348816,
    "2_15": 0.0533333346247673,
    "2_16": 0.05666666850447655,
    "2_17": 0.06000000238418579,
    "2_18": 0.03333333507180214,
    "2_19": 0.02666666731238365,
    "2_20": 0.0533333346247673,
    "2_21": 0.03333333507180214,
    "2_22": 0.06333333253860474,
    "2_23": 0.03666666895151138,
    "2_24": 0.05666666850447655,
    "2_25": 0.0533333346247673,
    "2_26": 0.06000000238418579,
    "2_27": 0.0533333346247673,
    "2_28": 0.023333333432674408,
    "2_29": 0.023333333432674408,
    "2_30": 0.023333333432674408,
    "2_31": 0.023333333432674408,
    "2_32": 0.023333333432674408,
    "2_33": 0.11666666716337204,
    "3_0": 0.019999999552965164,
    "3_1": 0.03333333507180214,
    "3_2": 0.013333333656191826,
    "3_3": 0.0533333346247673,
    "3_4": 0.02666666731238365,
    "3_5": 0.06333333253860474,
    "3_6": 0.05666666850447655,
    "3_7": 0.06333333253860474,
    "3_8": 0.0533333346247673,
    "3_9": 0.0533333346247673,
    "3_10": 0.06000000238418579,
    "3_11": 0.046666666865348816,
    "3_12": 0.0533333346247673,
    "3_13": 0.05000000074505806,
    "3_14": 0.03999999910593033,
    "3_15": 0.05666666850447655,
    "3_16": 0.06000000238418579,
    "3_17": 0.03999999910593033,
    "3_18": 0.05000000074505806,
    "3_19": 0.03666666895151138,
    "3_20": 0.03999999910593033,
    "3_21": 0.046666666865348816,
    "3_22": 0.04333333298563957,
    "3_23": 0.046666666865348816,
    "3_24": 0.030000001192092896,
    "3_25": 0.046666666865348816,
    "3_26": 0.1133333370089531,
    "3_27": 0.15666666626930237,
    "3_28": 0.023333333432674408,
    "3_29": 0.023333333432674408,
    "3_30": 0.11666666716337204,
    "3_31": 0.023333333432674408,
    "3_32": 0.023333333432674408,
    "3_33": 0.1899999976158142
  },
  "shuffle_control": {
    "-2_17": 0.05000000074505806,
    "-1_17": 0.03999999910593033,
    "0_17": 0.023333333432674408,
    "1_17": 0.023333333432674408,
    "2_17": 0.02666666731238365,
    "3_17": 0.023333333432674408
  },
  "peak_acc_by_offset": {
    "-2": 0.9733333587646484,
    "-1": 0.8233333826065063,
    "0": 0.3199999928474426,
    "1": 0.21666666865348816,
    "2": 0.11666666716337204,
    "3": 0.1899999976158142
  },
  "delta_newline": 0.28333332389593124,
  "delta_newline_layer": 4
}