{
  "tag": "relaxlong_moresft_ckpt_010",
  "n_families": 54,
  "n_train": 599,
  "n_val": 300,
  "n_layers": 34,
  "offsets": [
    -2,
    -1,
    0,
    1,
    2,
    3
  ],
  "acc": {
    "-2_0": 0.8500000238418579,
    "-2_1": 0.8766666650772095,
    "-2_2": 0.8199999928474426,
    "-2_3": 0.8066666722297668,
    "-2_4": 0.8066666722297668,
    "-2_5": 0.7100000381469727,
    "-2_6": 0.7100000381469727,
    "-2_7": 0.6700000166893005,
    "-2_8": 0.6633333563804626,
    "-2_9": 0.6833333373069763,
    "-2_10": 0.7266666889190674,
    "-2_11": 0.6866666674613953,
    "-2_12": 0.7300000190734863,
    "-2_13": 0.6733333468437195,
    "-2_14": 0.6299999952316284,
    "-2_15": 0.7133333683013916,
    "-2_16": 0.7433333396911621,
    "-2_17": 0.7866666913032532,
    "-2_18": 0.8966667056083679,
    "-2_19": 0.8666666746139526,
    "-2_20": 0.9066666960716248,
    "-2_21": 0.9433333277702332,
    "-2_22": 0.9333333373069763,
    "-2_23": 0.9333333373069763,
    "-2_24": 0.9300000071525574,
    "-2_25": 0.9600000381469727,
    "-2_26": 0.9500000476837158,
    "-2_27": 0.023333333432674408,
    "-2_28": 0.023333333432674408,
    "-2_29": 0.023333333432674408,
    "-2_30": 0.023333333432674408,
    "-2_31": 0.023333333432674408,
    "-2_32": 0.023333333432674408,
    "-2_33": 0.9100000262260437,
    "-1_0": 0.04333333298563957,
    "-1_1": 0.06666667014360428,
    "-1_2": 0.39666667580604553,
    "-1_3": 0.5266667008399963,
    "-1_4": 0.550000011920929,
    "-1_5": 0.3933333456516266,
    "-1_6": 0.4099999964237213,
    "-1_7": 0.2900000214576721,
    "-1_8": 0.20666667819023132,
    "-1_9": 0.21666666865348816,
    "-1_10": 0.33666667342185974,
    "-1_11": 0.21666666865348816,
    "-1_12": 0.18000000715255737,
    "-1_13": 0.15333333611488342,
    "-1_14": 0.15000000596046448,
    "-1_15": 0.15666666626930237,
    "-1_16": 0.12000000476837158,
    "-1_17": 0.1366666704416275,
    "-1_18": 0.18333333730697632,
    "-1_19": 0.19333334267139435,
    "-1_20": 0.15666666626930237,
    "-1_21": 0.26333335041999817,
    "-1_22": 0.5533333420753479,
    "-1_23": 0.4166666865348816,
    "-1_24": 0.4266666769981384,
    "-1_25": 0.5666666626930237,
    "-1_26": 0.4399999976158142,
    "-1_27": 0.5766666531562805,
    "-1_28": 0.5733333230018616,
    "-1_29": 0.023333333432674408,
    "-1_30": 0.5233333706855774,
    "-1_31": 0.7200000286102295,
    "-1_32": 0.023333333432674408,
    "-1_33": 0.8199999928474426,
    "0_0": 0.03333333507180214,
    "0_1": 0.019999999552965164,
    "0_2": 0.15333333611488342,
    "0_3": 0.05666666850447655,
    "0_4": 0.32333335280418396,
    "0_5": 0.1066666692495346,
    "0_6": 0.10000000149011612,
    "0_7": 0.1133333370089531,
    "0_8": 0.02666666731238365,
    "0_9": 0.0833333358168602,
    "0_10": 0.06666667014360428,
    "0_11": 0.03666666895151138,
    "0_12": 0.02666666731238365,
    "0_13": 0.01666666753590107,
    "0_14": 0.030000001192092896,
    "0_15": 0.023333333432674408,
    "0_16": 0.030000001192092896,
    "0_17": 0.030000001192092896,
    "0_18": 0.0533333346247673,
    "0_19": 0.07666666805744171,
    "0_20": 0.10000000149011612,
    "0_21": 0.03333333507180214,
    "0_22": 0.05000000074505806,
    "0_23": 0.05666666850447655,
    "0_24": 0.09000000357627869,
    "0_25": 0.06666667014360428,
    "0_26": 0.03999999910593033,
    "0_27": 0.03333333507180214,
    "0_28": 0.023333333432674408,
    "0_29": 0.023333333432674408,
    "0_30": 0.023333333432674408,
    "0_31": 0.023333333432674408,
    "0_32": 0.023333333432674408,
    "0_33": 0.12000000476837158,
    "1_0": 0.03666666895151138,
    "1_1": 0.04333333298563957,
    "1_2": 0.046666666865348816,
    "1_3": 0.06333333253860474,
    "1_4": 0.0533333346247673,
    "1_5": 0.07666666805744171,
    "1_6": 0.09666667133569717,
    "1_7": 0.06000000238418579,
    "1_8": 0.0533333346247673,
    "1_9": 0.06333333253860474,
    "1_10": 0.06000000238418579,
    "1_11": 0.06000000238418579,
    "1_12": 0.046666666865348816,
    "1_13": 0.03999999910593033,
    "1_14": 0.04333333298563957,
    "1_15": 0.05666666850447655,
    "1_16": 0.030000001192092896,
    "1_17": 0.03333333507180214,
    "1_18": 0.05000000074505806,
    "1_19": 0.06333333253860474,
    "1_20": 0.04333333298563957,
    "1_21": 0.03666666895151138,
    "1_22": 0.046666666865348816,
    "1_23": 0.02666666731238365,
    "1_24": 0.07666666805744171,
    "1_25": 0.013333333656191826,
    "1_26": 0.09000000357627869,
    "1_27": 0.0533333346247673,
    "1_28": 0.023333333432674408,
    "1_29": 0.023333333432674408,
    "1_30": 0.023333333432674408,
    "1_31": 0.023333333432674408,
    "1_32": 0.023333333432674408,
    "1_33": 0.21666666865348816,
    "2_0": 0.013333333656191826,
    "2_1": 0.01666666753590107,
    "2_2": 0.03333333507180214,
    "2_3": 0.030000001192092896,
    "2_4": 0.03333333507180214,
    "2_5": 0.05000000074505806,
    "2_6": 0.05000000074505806,
    "2_7": 0.01666666753590107,
    "2_8": 0.02666666731238365,
    "2_9": 0.030000001192092896,
    "2_10": 0.03666666895151138,
    "2_11": 0.03666666895151138,
    "2_12": 0.046666666865348816,
    "2_13": 0.046666666865348816,
    "2_14": 0.02666666731238365,
    "2_15": 0.046666666865348816,
    "2_16": 0.046666666865348816,
    "2_17": 0.04333333298563957,
    "2_18": 0.01666666753590107,
    "2_19": 0.04333333298563957,
    "2_20": 0.01666666753590107,
    "2_21": 0.019999999552965164,
    "2_22": 0.03333333507180214,
    "2_23": 0.03333333507180214,
    "2_24": 0.0533333346247673,
    "2_25": 0.030000001192092896,
    "2_26": 0.05000000074505806,
    "2_27": 0.06333333253860474,
    "2_28": 0.023333333432674408,
    "2_29": 0.023333333432674408,
    "2_30": 0.023333333432674408,
    "2_31": 0.023333333432674408,
    "2_32": 0.023333333432674408,
    "2_33": 0.09333333373069763,
    "3_0": 0.02666666731238365,
    "3_1": 0.03666666895151138,
    "3_2": 0.01666666753590107,
    "3_3": 0.023333333432674408,
    "3_4": 0.03333333507180214,
    "3_5": 0.030000001192092896,
    "3_6": 0.030000001192092896,
    "3_7": 0.03333333507180214,
    "3_8": 0.03333333507180214,
    "3_9": 0.030000001192092896,
    "3_10": 0.05000000074505806,
    "3_11": 0.03333333507180214,
    "3_12": 0.03666666895151138,
    "3_13": 0.046666666865348816,
    "3_14": 0.05000000074505806,
    "3_15": 0.04333333298563957,
    "3_16": 0.023333333432674408,
    "3_17": 0.03333333507180214,
    "3_18": 0.01666666753590107,
    "3_19": 0.03666666895151138,
    "3_20": 0.02666666731238365,
    "3_21": 0.02666666731238365,
    "3_22": 0.030000001192092896,
    "3_23": 0.023333333432674408,
    "3_24": 0.03999999910593033,
    "3_25": 0.02666666731238365,
    "3_26": 0.14000000059604645,
    "3_27": 0.11666666716337204,
    "3_28": 0.023333333432674408,
    "3_29": 0.023333333432674408,
    "3_30": 0.023333333432674408,
    "3_31": 0.023333333432674408,
    "3_32": 0.023333333432674408,
    "3_33": 0.10999999940395355
  },
  "shuffle_control": {
    "-2_17": 0.006666666828095913,
    "-1_17": 0.03666666895151138,
    "0_17": 0.030000001192092896,
    "1_17": 0.01666666753590107,
    "2_17": 0.019999999552965164,
    "3_17": 0.01666666753590107
  },
  "peak_acc_by_offset": {
    "-2": 0.9600000381469727,
    "-1": 0.8199999928474426,
    "0": 0.32333335280418396,
    "1": 0.21666666865348816,
    "2": 0.09333333373069763,
    "3": 0.14000000059604645
  },
  "delta_newline": 0.27000001817941666,
  "delta_newline_layer": 4
}