{
  "tag": "relax_offpolicy",
  "n_families": 102,
  "n_train": 1196,
  "n_val": 797,
  "n_layers": 34,
  "offsets": [
    -2,
    -1,
    0,
    1,
    2,
    3
  ],
  "acc": {
    "-2_0": 0.8519448041915894,
    "-2_1": 0.8544542193412781,
    "-2_2": 0.8469259738922119,
    "-2_3": 0.8293600678443909,
    "-2_4": 0.8343788981437683,
    "-2_5": 0.8067753911018372,
    "-2_6": 0.7854453921318054,
    "-2_7": 0.8005018830299377,
    "-2_8": 0.7879548072814941,
    "-2_9": 0.797992467880249,
    "-2_10": 0.7666248083114624,
    "-2_11": 0.7867001295089722,
    "-2_12": 0.8130488991737366,
    "-2_13": 0.7515683770179749,
    "-2_14": 0.7854453921318054,
    "-2_15": 0.7653701305389404,
    "-2_16": 0.780426561832428,
    "-2_17": 0.8042659759521484,
    "-2_18": 0.8619824051856995,
    "-2_19": 0.8481806516647339,
    "-2_20": 0.8632371425628662,
    "-2_21": 0.8820577263832092,
    "-2_22": 0.8720200657844543,
    "-2_23": 0.8695106506347656,
    "-2_24": 0.8644918203353882,
    "-2_25": 0.8770388960838318,
    "-2_26": 0.016311166808009148,
    "-2_27": 0.016311166808009148,
    "-2_28": 0.016311166808009148,
    "-2_29": 0.016311166808009148,
    "-2_30": 0.016311166808009148,
    "-2_31": 0.016311166808009148,
    "-2_32": 0.016311166808009148,
    "-2_33": 0.8619824051856995,
    "-1_0": 0.048933498561382294,
    "-1_1": 0.03764115273952484,
    "-1_2": 0.44918444752693176,
    "-1_3": 0.6173149347305298,
    "-1_4": 0.6988707780838013,
    "-1_5": 0.5307402610778809,
    "-1_6": 0.4065244495868683,
    "-1_7": 0.34629860520362854,
    "-1_8": 0.30991217494010925,
    "-1_9": 0.3111668825149536,
    "-1_10": 0.3538268506526947,
    "-1_11": 0.27728983759880066,
    "-1_12": 0.23588456213474274,
    "-1_13": 0.34880802035331726,
    "-1_14": 0.3337515592575073,
    "-1_15": 0.3023839294910431,
    "-1_16": 0.2735257148742676,
    "-1_17": 0.30740275979042053,
    "-1_18": 0.5031367540359497,
    "-1_19": 0.46675029397010803,
    "-1_20": 0.4441656172275543,
    "-1_21": 0.624843180179596,
    "-1_22": 0.7728983759880066,
    "-1_23": 0.7766624689102173,
    "-1_24": 0.8393977284431458,
    "-1_25": 0.8293600678443909,
    "-1_26": 0.8230865597724915,
    "-1_27": 0.8092848062515259,
    "-1_28": 0.016311166808009148,
    "-1_29": 0.016311166808009148,
    "-1_30": 0.016311166808009148,
    "-1_31": 0.016311166808009148,
    "-1_32": 0.016311166808009148,
    "-1_33": 0.8469259738922119,
    "0_0": 0.0,
    "0_1": 0.040150564163923264,
    "0_2": 0.0878293588757515,
    "0_3": 0.05269761383533478,
    "0_4": 0.15683813393115997,
    "0_5": 0.09033876657485962,
    "0_6": 0.03387703746557236,
    "0_7": 0.0552070252597332,
    "0_8": 0.050188206136226654,
    "0_9": 0.040150564163923264,
    "0_10": 0.042659975588321686,
    "0_11": 0.03387703746557236,
    "0_12": 0.01756587252020836,
    "0_13": 0.03513174504041672,
    "0_14": 0.06273525953292847,
    "0_15": 0.09033876657485962,
    "0_16": 0.13550814986228943,
    "0_17": 0.07528230547904968,
    "0_18": 0.26725220680236816,
    "0_19": 0.38519448041915894,
    "0_20": 0.5094102621078491,
    "0_21": 0.5997490286827087,
    "0_22": 0.6148055195808411,
    "0_23": 0.6135507822036743,
    "0_24": 0.7239648699760437,
    "0_25": 0.7816812992095947,
    "0_26": 0.8506900668144226,
    "0_27": 0.8393977284431458,
    "0_28": 0.016311166808009148,
    "0_29": 0.016311166808009148,
    "0_30": 0.016311166808009148,
    "0_31": 0.016311166808009148,
    "0_32": 0.016311166808009148,
    "0_33": 0.8469259738922119,
    "1_0": 0.00878293626010418,
    "1_1": 0.022584691643714905,
    "1_2": 0.02885821834206581,
    "1_3": 0.05771643668413162,
    "1_4": 0.050188206136226654,
    "1_5": 0.051442909985780716,
    "1_6": 0.06900878250598907,
    "1_7": 0.06398995965719223,
    "1_8": 0.10163111239671707,
    "1_9": 0.09159347414970398,
    "1_10": 0.10163111239671707,
    "1_11": 0.11417816579341888,
    "1_12": 0.10037641227245331,
    "1_13": 0.2471769154071808,
    "1_14": 0.20702634751796722,
    "1_15": 0.22961103916168213,
    "1_16": 0.194479301571846,
    "1_17": 0.20075282454490662,
    "1_18": 0.2434127926826477,
    "1_19": 0.34629860520362854,
    "1_20": 0.4153074026107788,
    "1_21": 0.5495608448982239,
    "1_22": 0.5608531832695007,
    "1_23": 0.4780426621437073,
    "1_24": 0.6223337650299072,
    "1_25": 0.6461731195449829,
    "1_26": 0.016311166808009148,
    "1_27": 0.016311166808009148,
    "1_28": 0.016311166808009148,
    "1_29": 0.016311166808009148,
    "1_30": 0.016311166808009148,
    "1_31": 0.016311166808009148,
    "1_32": 0.016311166808009148,
    "1_33": 0.8218318819999695,
    "2_0": 0.08281053602695465,
    "2_1": 0.09033876657485962,
    "2_2": 0.07653701305389404,
    "2_3": 0.07904642075300217,
    "2_4": 0.12045168876647949,
    "2_5": 0.10539522767066956,
    "2_6": 0.13550814986228943,
    "2_7": 0.12547051906585693,
    "2_8": 0.12547051906585693,
    "2_9": 0.13174404203891754,
    "2_10": 0.12170639634132385,
    "2_11": 0.12296110391616821,
    "2_12": 0.12421581149101257,
    "2_13": 0.12296110391616821,
    "2_14": 0.12045168876647949,
    "2_15": 0.14052698016166687,
    "2_16": 0.13425344228744507,
    "2_17": 0.14052698016166687,
    "2_18": 0.13550814986228943,
    "2_19": 0.19322459399700165,
    "2_20": 0.23964868485927582,
    "2_21": 0.28732746839523315,
    "2_22": 0.26097866892814636,
    "2_23": 0.22459222376346588,
    "2_24": 0.3676286041736603,
    "2_25": 0.4228356182575226,
    "2_26": 0.016311166808009148,
    "2_27": 0.016311166808009148,
    "2_28": 0.016311166808009148,
    "2_29": 0.016311166808009148,
    "2_30": 0.016311166808009148,
    "2_31": 0.016311166808009148,
    "2_32": 0.016311166808009148,
    "2_33": 0.7816812992095947,
    "3_0": 0.07653701305389404,
    "3_1": 0.07026349008083344,
    "3_2": 0.06775407493114471,
    "3_3": 0.0941028818488121,
    "3_4": 0.10037641227245331,
    "3_5": 0.10037641227245331,
    "3_6": 0.12170639634132385,
    "3_7": 0.1267252117395401,
    "3_8": 0.11417816579341888,
    "3_9": 0.10790464282035828,
    "3_10": 0.11668757349252701,
    "3_11": 0.10539522767066956,
    "3_12": 0.10915934294462204,
    "3_13": 0.11543287336826324,
    "3_14": 0.10664993524551392,
    "3_15": 0.12045168876647949,
    "3_16": 0.12547051906585693,
    "3_17": 0.11919698864221573,
    "3_18": 0.11919698864221573,
    "3_19": 0.19322459399700165,
    "3_20": 0.22835633158683777,
    "3_21": 0.25470513105392456,
    "3_22": 0.24466750025749207,
    "3_23": 0.21580928564071655,
    "3_24": 0.37515681982040405,
    "3_25": 0.6173149347305298,
    "3_26": 0.8042659759521484,
    "3_27": 0.016311166808009148,
    "3_28": 0.016311166808009148,
    "3_29": 0.016311166808009148,
    "3_30": 0.016311166808009148,
    "3_31": 0.016311166808009148,
    "3_32": 0.016311166808009148,
    "3_33": 0.799247145652771
  },
  "shuffle_control": {
    "-2_17": 0.016311166808009148,
    "-1_17": 0.021329987794160843,
    "0_17": 0.0276035126298666,
    "1_17": 0.00878293626010418,
    "2_17": 0.02885821834206581,
    "3_17": 0.025094103068113327
  },
  "peak_acc_by_offset": {
    "-2": 0.8820577263832092,
    "-1": 0.8469259738922119,
    "0": 0.8506900668144226,
    "1": 0.8218318819999695,
    "2": 0.7816812992095947,
    "3": 0.8042659759521484
  },
  "delta_newline": 0.8343789000064135,
  "delta_newline_layer": 26
}