{
  "tag": "relax12b_onpolicy",
  "n_families": 93,
  "n_train": 999,
  "n_val": 499,
  "n_layers": 48,
  "offsets": [
    -2,
    -1,
    0,
    1,
    2,
    3
  ],
  "acc": {
    "-2_0": 0.7134268879890442,
    "-2_1": 0.711422860622406,
    "-2_2": 0.7274549007415771,
    "-2_3": 0.7254509329795837,
    "-2_4": 0.6933867931365967,
    "-2_5": 0.7054108381271362,
    "-2_6": 0.7134268879890442,
    "-2_7": 0.6753507256507874,
    "-2_8": 0.6873747706413269,
    "-2_9": 0.6653306484222412,
    "-2_10": 0.6212424635887146,
    "-2_11": 0.6492986083030701,
    "-2_12": 0.6332665681838989,
    "-2_13": 0.5811623334884644,
    "-2_14": 0.6332665681838989,
    "-2_15": 0.7054108381271362,
    "-2_16": 0.7014028429985046,
    "-2_17": 0.711422860622406,
    "-2_18": 0.671342670917511,
    "-2_19": 0.6613226532936096,
    "-2_20": 0.6593186259269714,
    "-2_21": 0.6513026356697083,
    "-2_22": 0.6553106307983398,
    "-2_23": 0.5931863784790039,
    "-2_24": 0.018036073073744774,
    "-2_25": 0.018036073073744774,
    "-2_26": 0.018036073073744774,
    "-2_27": 0.018036073073744774,
    "-2_28": 0.018036073073744774,
    "-2_29": 0.018036073073744774,
    "-2_30": 0.018036073073744774,
    "-2_31": 0.018036073073744774,
    "-2_32": 0.018036073073744774,
    "-2_33": 0.018036073073744774,
    "-2_34": 0.018036073073744774,
    "-2_35": 0.018036073073744774,
    "-2_36": 0.018036073073744774,
    "-2_37": 0.018036073073744774,
    "-2_38": 0.018036073073744774,
    "-2_39": 0.018036073073744774,
    "-2_40": 0.018036073073744774,
    "-2_41": 0.018036073073744774,
    "-2_42": 0.018036073073744774,
    "-2_43": 0.018036073073744774,
    "-2_44": 0.018036073073744774,
    "-2_45": 0.018036073073744774,
    "-2_46": 0.018036073073744774,
    "-2_47": 0.765531063079834,
    "-1_0": 0.006012024357914925,
    "-1_1": 0.05010019987821579,
    "-1_2": 0.3967936038970947,
    "-1_3": 0.48496994376182556,
    "-1_4": 0.46693387627601624,
    "-1_5": 0.472945898771286,
    "-1_6": 0.5671342611312866,
    "-1_7": 0.5370741486549377,
    "-1_8": 0.4789579212665558,
    "-1_9": 0.3767535090446472,
    "-1_10": 0.39278557896614075,
    "-1_11": 0.34268537163734436,
    "-1_12": 0.31863728165626526,
    "-1_13": 0.3106212317943573,
    "-1_14": 0.26853707432746887,
    "-1_15": 0.2565130293369293,
    "-1_16": 0.5130260586738586,
    "-1_17": 0.3807615339756012,
    "-1_18": 0.3386773467063904,
    "-1_19": 0.26853707432746887,
    "-1_20": 0.34268537163734436,
    "-1_21": 0.27054107189178467,
    "-1_22": 0.2605210542678833,
    "-1_23": 0.24448898434638977,
    "-1_24": 0.27254509925842285,
    "-1_25": 0.018036073073744774,
    "-1_26": 0.018036073073744774,
    "-1_27": 0.018036073073744774,
    "-1_28": 0.018036073073744774,
    "-1_29": 0.018036073073744774,
    "-1_30": 0.018036073073744774,
    "-1_31": 0.018036073073744774,
    "-1_32": 0.018036073073744774,
    "-1_33": 0.018036073073744774,
    "-1_34": 0.018036073073744774,
    "-1_35": 0.018036073073744774,
    "-1_36": 0.018036073073744774,
    "-1_37": 0.018036073073744774,
    "-1_38": 0.018036073073744774,
    "-1_39": 0.018036073073744774,
    "-1_40": 0.018036073073744774,
    "-1_41": 0.018036073073744774,
    "-1_42": 0.018036073073744774,
    "-1_43": 0.018036073073744774,
    "-1_44": 0.018036073073744774,
    "-1_45": 0.018036073073744774,
    "-1_46": 0.018036073073744774,
    "-1_47": 0.5551102161407471,
    "0_0": 0.01202404871582985,
    "0_1": 0.0020040080416947603,
    "0_2": 0.03607214614748955,
    "0_3": 0.028056113049387932,
    "0_4": 0.044088177382946014,
    "0_5": 0.08216433227062225,
    "0_6": 0.0721442922949791,
    "0_7": 0.030060119926929474,
    "0_8": 0.08817635476589203,
    "0_9": 0.030060119926929474,
    "0_10": 0.044088177382946014,
    "0_11": 0.03607214614748955,
    "0_12": 0.030060119926929474,
    "0_13": 0.022044088691473007,
    "0_14": 0.03607214614748955,
    "0_15": 0.032064128667116165,
    "0_16": 0.6853707432746887,
    "0_17": 0.5831663608551025,
    "0_18": 0.34869739413261414,
    "0_19": 0.41482967138290405,
    "0_20": 0.41683366894721985,
    "0_21": 0.3527054190635681,
    "0_22": 0.2625250518321991,
    "0_23": 0.1883767545223236,
    "0_24": 0.018036073073744774,
    "0_25": 0.018036073073744774,
    "0_26": 0.018036073073744774,
    "0_27": 0.018036073073744774,
    "0_28": 0.018036073073744774,
    "0_29": 0.018036073073744774,
    "0_30": 0.018036073073744774,
    "0_31": 0.018036073073744774,
    "0_32": 0.018036073073744774,
    "0_33": 0.018036073073744774,
    "0_34": 0.018036073073744774,
    "0_35": 0.018036073073744774,
    "0_36": 0.018036073073744774,
    "0_37": 0.018036073073744774,
    "0_38": 0.018036073073744774,
    "0_39": 0.018036073073744774,
    "0_40": 0.018036073073744774,
    "0_41": 0.018036073073744774,
    "0_42": 0.018036073073744774,
    "0_43": 0.018036073073744774,
    "0_44": 0.018036073073744774,
    "0_45": 0.018036073073744774,
    "0_46": 0.018036073073744774,
    "0_47": 0.41482967138290405,
    "1_0": 0.01202404871582985,
    "1_1": 0.02605210430920124,
    "1_2": 0.044088177382946014,
    "1_3": 0.06813627481460571,
    "1_4": 0.034068137407302856,
    "1_5": 0.06613226234912872,
    "1_6": 0.06813627481460571,
    "1_7": 0.058116234838962555,
    "1_8": 0.06212424859404564,
    "1_9": 0.06613226234912872,
    "1_10": 0.11422845721244812,
    "1_11": 0.10020039975643158,
    "1_12": 0.07615230232477188,
    "1_13": 0.10220441222190857,
    "1_14": 0.08216433227062225,
    "1_15": 0.10420841723680496,
    "1_16": 0.15831664204597473,
    "1_17": 0.12825651466846466,
    "1_18": 0.11623246967792511,
    "1_19": 0.08817635476589203,
    "1_20": 0.13426853716373444,
    "1_21": 0.07815631479024887,
    "1_22": 0.12224449217319489,
    "1_23": 0.10020039975643158,
    "1_24": 0.08817635476589203,
    "1_25": 0.018036073073744774,
    "1_26": 0.018036073073744774,
    "1_27": 0.018036073073744774,
    "1_28": 0.018036073073744774,
    "1_29": 0.018036073073744774,
    "1_30": 0.018036073073744774,
    "1_31": 0.018036073073744774,
    "1_32": 0.018036073073744774,
    "1_33": 0.018036073073744774,
    "1_34": 0.018036073073744774,
    "1_35": 0.018036073073744774,
    "1_36": 0.018036073073744774,
    "1_37": 0.018036073073744774,
    "1_38": 0.018036073073744774,
    "1_39": 0.018036073073744774,
    "1_40": 0.018036073073744774,
    "1_41": 0.018036073073744774,
    "1_42": 0.018036073073744774,
    "1_43": 0.018036073073744774,
    "1_44": 0.018036073073744774,
    "1_45": 0.018036073073744774,
    "1_46": 0.018036073073744774,
    "1_47": 0.3587174415588379,
    "2_0": 0.04008015990257263,
    "2_1": 0.030060119926929474,
    "2_2": 0.044088177382946014,
    "2_3": 0.03807615116238594,
    "2_4": 0.04008015990257263,
    "2_5": 0.03807615116238594,
    "2_6": 0.046092186123132706,
    "2_7": 0.07414829730987549,
    "2_8": 0.07414829730987549,
    "2_9": 0.06412825733423233,
    "2_10": 0.06212424859404564,
    "2_11": 0.06212424859404564,
    "2_12": 0.058116234838962555,
    "2_13": 0.07815631479024887,
    "2_14": 0.08617234230041504,
    "2_15": 0.10420841723680496,
    "2_16": 0.0961923897266388,
    "2_17": 0.07615230232477188,
    "2_18": 0.07615230232477188,
    "2_19": 0.0701402798295021,
    "2_20": 0.07414829730987549,
    "2_21": 0.06412825733423233,
    "2_22": 0.08016031980514526,
    "2_23": 0.06613226234912872,
    "2_24": 0.018036073073744774,
    "2_25": 0.018036073073744774,
    "2_26": 0.018036073073744774,
    "2_27": 0.018036073073744774,
    "2_28": 0.018036073073744774,
    "2_29": 0.018036073073744774,
    "2_30": 0.018036073073744774,
    "2_31": 0.018036073073744774,
    "2_32": 0.018036073073744774,
    "2_33": 0.018036073073744774,
    "2_34": 0.018036073073744774,
    "2_35": 0.018036073073744774,
    "2_36": 0.018036073073744774,
    "2_37": 0.018036073073744774,
    "2_38": 0.018036073073744774,
    "2_39": 0.018036073073744774,
    "2_40": 0.018036073073744774,