{
  "tag": "relaxlong_moresft_ckpt_000",
  "n_families": 48,
  "n_train": 600,
  "n_val": 300,
  "n_layers": 34,
  "offsets": [
    -2,
    -1,
    0,
    1,
    2,
    3
  ],
  "acc": {
    "-2_0": 0.8500000238418579,
    "-2_1": 0.8799999952316284,
    "-2_2": 0.8133333325386047,
    "-2_3": 0.84333336353302,
    "-2_4": 0.7866666913032532,
    "-2_5": 0.7333333492279053,
    "-2_6": 0.7599999904632568,
    "-2_7": 0.6033333539962769,
    "-2_8": 0.6700000166893005,
    "-2_9": 0.7400000095367432,
    "-2_10": 0.7066667079925537,
    "-2_11": 0.7633333802223206,
    "-2_12": 0.7100000381469727,
    "-2_13": 0.6533333659172058,
    "-2_14": 0.6233333349227905,
    "-2_15": 0.7266666889190674,
    "-2_16": 0.7700000405311584,
    "-2_17": 0.84333336353302,
    "-2_18": 0.89000004529953,
    "-2_19": 0.9033333659172058,
    "-2_20": 0.9500000476837158,
    "-2_21": 0.9700000286102295,
    "-2_22": 0.9700000286102295,
    "-2_23": 0.9666666984558105,
    "-2_24": 0.9600000381469727,
    "-2_25": 0.9633333683013916,
    "-2_26": 0.023333333432674408,
    "-2_27": 0.023333333432674408,
    "-2_28": 0.023333333432674408,
    "-2_29": 0.023333333432674408,
    "-2_30": 0.023333333432674408,
    "-2_31": 0.023333333432674408,
    "-2_32": 0.023333333432674408,
    "-2_33": 0.9399999976158142,
    "-1_0": 0.04333333298563957,
    "-1_1": 0.07999999821186066,
    "-1_2": 0.5266667008399963,
    "-1_3": 0.54666668176651,
    "-1_4": 0.5900000333786011,
    "-1_5": 0.39666667580604553,
    "-1_6": 0.3566666841506958,
    "-1_7": 0.2600000202655792,
    "-1_8": 0.20333333313465118,
    "-1_9": 0.2199999988079071,
    "-1_10": 0.29333335161209106,
    "-1_11": 0.20333333313465118,
    "-1_12": 0.18333333730697632,
    "-1_13": 0.12333333492279053,
    "-1_14": 0.13333334028720856,
    "-1_15": 0.09666667133569717,
    "-1_16": 0.12333333492279053,
    "-1_17": 0.09333333373069763,
    "-1_18": 0.1366666704416275,
    "-1_19": 0.09333333373069763,
    "-1_20": 0.1133333370089531,
    "-1_21": 0.1733333319425583,
    "-1_22": 0.39666667580604553,
    "-1_23": 0.35333335399627686,
    "-1_24": 0.2566666603088379,
    "-1_25": 0.3166666626930237,
    "-1_26": 0.2900000214576721,
    "-1_27": 0.5200000405311584,
    "-1_28": 0.023333333432674408,
    "-1_29": 0.023333333432674408,
    "-1_30": 0.023333333432674408,
    "-1_31": 0.023333333432674408,
    "-1_32": 0.023333333432674408,
    "-1_33": 0.8133333325386047,
    "0_0": 0.030000001192092896,
    "0_1": 0.030000001192092896,
    "0_2": 0.14666667580604553,
    "0_3": 0.0533333346247673,
    "0_4": 0.3466666638851166,
    "0_5": 0.11666666716337204,
    "0_6": 0.05666666850447655,
    "0_7": 0.07666666805744171,
    "0_8": 0.03666666895151138,
    "0_9": 0.07333333790302277,
    "0_10": 0.1599999964237213,
    "0_11": 0.05000000074505806,
    "0_12": 0.03333333507180214,
    "0_13": 0.01666666753590107,
    "0_14": 0.05666666850447655,
    "0_15": 0.02666666731238365,
    "0_16": 0.046666666865348816,
    "0_17": 0.03666666895151138,
    "0_18": 0.013333333656191826,
    "0_19": 0.013333333656191826,
    "0_20": 0.04333333298563957,
    "0_21": 0.05666666850447655,
    "0_22": 0.023333333432674408,
    "0_23": 0.03999999910593033,
    "0_24": 0.013333333656191826,
    "0_25": 0.0533333346247673,
    "0_26": 0.04333333298563957,
    "0_27": 0.013333333656191826,
    "0_28": 0.03333333507180214,
    "0_29": 0.023333333432674408,
    "0_30": 0.03333333507180214,
    "0_31": 0.023333333432674408,
    "0_32": 0.023333333432674408,
    "0_33": 0.019999999552965164,
    "1_0": 0.013333333656191826,
    "1_1": 0.023333333432674408,
    "1_2": 0.03666666895151138,
    "1_3": 0.07000000029802322,
    "1_4": 0.07333333790302277,
    "1_5": 0.07000000029802322,
    "1_6": 0.06000000238418579,
    "1_7": 0.06000000238418579,
    "1_8": 0.03999999910593033,
    "1_9": 0.05666666850447655,
    "1_10": 0.06000000238418579,
    "1_11": 0.06000000238418579,
    "1_12": 0.03666666895151138,
    "1_13": 0.02666666731238365,
    "1_14": 0.05000000074505806,
    "1_15": 0.030000001192092896,
    "1_16": 0.030000001192092896,
    "1_17": 0.023333333432674408,
    "1_18": 0.0033333334140479565,
    "1_19": 0.05666666850447655,
    "1_20": 0.05000000074505806,
    "1_21": 0.019999999552965164,
    "1_22": 0.023333333432674408,
    "1_23": 0.03333333507180214,
    "1_24": 0.046666666865348816,
    "1_25": 0.06000000238418579,
    "1_26": 0.03666666895151138,
    "1_27": 0.03999999910593033,
    "1_28": 0.023333333432674408,
    "1_29": 0.023333333432674408,
    "1_30": 0.023333333432674408,
    "1_31": 0.023333333432674408,
    "1_32": 0.023333333432674408,
    "1_33": 0.030000001192092896,
    "2_0": 0.03999999910593033,
    "2_1": 0.02666666731238365,
    "2_2": 0.023333333432674408,
    "2_3": 0.03333333507180214,
    "2_4": 0.06000000238418579,
    "2_5": 0.0533333346247673,
    "2_6": 0.06333333253860474,
    "2_7": 0.05000000074505806,
    "2_8": 0.03999999910593033,
    "2_9": 0.07000000029802322,
    "2_10": 0.06333333253860474,
    "2_11": 0.046666666865348816,
    "2_12": 0.0533333346247673,
    "2_13": 0.03333333507180214,
    "2_14": 0.013333333656191826,
    "2_15": 0.04333333298563957,
    "2_16": 0.05000000074505806,
    "2_17": 0.03333333507180214,
    "2_18": 0.030000001192092896,
    "2_19": 0.03333333507180214,
    "2_20": 0.05666666850447655,
    "2_21": 0.030000001192092896,
    "2_22": 0.05000000074505806,
    "2_23": 0.019999999552965164,
    "2_24": 0.030000001192092896,
    "2_25": 0.02666666731238365,
    "2_26": 0.046666666865348816,
    "2_27": 0.05000000074505806,
    "2_28": 0.023333333432674408,
    "2_29": 0.023333333432674408,
    "2_30": 0.023333333432674408,
    "2_31": 0.023333333432674408,
    "2_32": 0.023333333432674408,
    "2_33": 0.03999999910593033,
    "3_0": 0.03666666895151138,
    "3_1": 0.023333333432674408,
    "3_2": 0.02666666731238365,
    "3_3": 0.030000001192092896,
    "3_4": 0.03333333507180214,
    "3_5": 0.019999999552965164,
    "3_6": 0.0533333346247673,
    "3_7": 0.05000000074505806,
    "3_8": 0.0533333346247673,
    "3_9": 0.05000000074505806,
    "3_10": 0.03999999910593033,
    "3_11": 0.03333333507180214,
    "3_12": 0.023333333432674408,
    "3_13": 0.03666666895151138,
    "3_14": 0.03333333507180214,
    "3_15": 0.05000000074505806,
    "3_16": 0.019999999552965164,
    "3_17": 0.019999999552965164,
    "3_18": 0.03999999910593033,
    "3_19": 0.01666666753590107,
    "3_20": 0.07333333790302277,
    "3_21": 0.030000001192092896,
    "3_22": 0.04333333298563957,
    "3_23": 0.04333333298563957,
    "3_24": 0.023333333432674408,
    "3_25": 0.04333333298563957,
    "3_26": 0.05000000074505806,
    "3_27": 0.02666666731238365,
    "3_28": 0.03333333507180214,
    "3_29": 0.023333333432674408,
    "3_30": 0.05666666850447655,
    "3_31": 0.023333333432674408,
    "3_32": 0.023333333432674408,
    "3_33": 0.03999999910593033
  },
  "shuffle_control": {
    "-2_17": 0.01666666753590107,
    "-1_17": 0.019999999552965164,
    "0_17": 0.03666666895151138,
    "1_17": 0.030000001192092896,
    "2_17": 0.019999999552965164,
    "3_17": 0.019999999552965164
  },
  "peak_acc_by_offset": {
    "-2": 0.9700000286102295,
    "-1": 0.8133333325386047,
    "0": 0.3466666638851166,
    "1": 0.07333333790302277,
    "2": 0.07000000029802322,
    "3": 0.07333333790302277
  },
  "delta_newline": 0.2733333259820938,
  "delta_newline_layer": 4
}