{
  "tag": "relaxlong_onpolicy_ckpt_050",
  "n_families": 68,
  "n_train": 600,
  "n_val": 300,
  "n_layers": 34,
  "offsets": [
    -2,
    -1,
    0,
    1,
    2,
    3
  ],
  "acc": {
    "-2_0": 0.7933333516120911,
    "-2_1": 0.8233333826065063,
    "-2_2": 0.8300000429153442,
    "-2_3": 0.7599999904632568,
    "-2_4": 0.7300000190734863,
    "-2_5": 0.6933333277702332,
    "-2_6": 0.7266666889190674,
    "-2_7": 0.6166666746139526,
    "-2_8": 0.6399999856948853,
    "-2_9": 0.6700000166893005,
    "-2_10": 0.7133333683013916,
    "-2_11": 0.6466667056083679,
    "-2_12": 0.7200000286102295,
    "-2_13": 0.6200000047683716,
    "-2_14": 0.6733333468437195,
    "-2_15": 0.6633333563804626,
    "-2_16": 0.6700000166893005,
    "-2_17": 0.7133333683013916,
    "-2_18": 0.8166666626930237,
    "-2_19": 0.8799999952316284,
    "-2_20": 0.9166666865348816,
    "-2_21": 0.9033333659172058,
    "-2_22": 0.9466667175292969,
    "-2_23": 0.9366666674613953,
    "-2_24": 0.9466667175292969,
    "-2_25": 0.9433333277702332,
    "-2_26": 0.023333333432674408,
    "-2_27": 0.023333333432674408,
    "-2_28": 0.023333333432674408,
    "-2_29": 0.023333333432674408,
    "-2_30": 0.023333333432674408,
    "-2_31": 0.023333333432674408,
    "-2_32": 0.023333333432674408,
    "-2_33": 0.9300000071525574,
    "-1_0": 0.05000000074505806,
    "-1_1": 0.09666667133569717,
    "-1_2": 0.43666666746139526,
    "-1_3": 0.5400000214576721,
    "-1_4": 0.4833333492279053,
    "-1_5": 0.4266666769981384,
    "-1_6": 0.26333335041999817,
    "-1_7": 0.24666666984558105,
    "-1_8": 0.23666667938232422,
    "-1_9": 0.1966666728258133,
    "-1_10": 0.24000000953674316,
    "-1_11": 0.1899999976158142,
    "-1_12": 0.17000000178813934,
    "-1_13": 0.18333333730697632,
    "-1_14": 0.1666666716337204,
    "-1_15": 0.17666667699813843,
    "-1_16": 0.1599999964237213,
    "-1_17": 0.16333334147930145,
    "-1_18": 0.27666667103767395,
    "-1_19": 0.30666667222976685,
    "-1_20": 0.24666666984558105,
    "-1_21": 0.3499999940395355,
    "-1_22": 0.6166666746139526,
    "-1_23": 0.5400000214576721,
    "-1_24": 0.59333336353302,
    "-1_25": 0.7333333492279053,
    "-1_26": 0.7700000405311584,
    "-1_27": 0.7900000214576721,
    "-1_28": 0.7633333802223206,
    "-1_29": 0.023333333432674408,
    "-1_30": 0.023333333432674408,
    "-1_31": 0.023333333432674408,
    "-1_32": 0.023333333432674408,
    "-1_33": 0.8100000023841858,
    "0_0": 0.03333333507180214,
    "0_1": 0.019999999552965164,
    "0_2": 0.17000000178813934,
    "0_3": 0.1433333307504654,
    "0_4": 0.3033333420753479,
    "0_5": 0.18000000715255737,
    "0_6": 0.09000000357627869,
    "0_7": 0.09000000357627869,
    "0_8": 0.046666666865348816,
    "0_9": 0.03333333507180214,
    "0_10": 0.07666666805744171,
    "0_11": 0.09000000357627869,
    "0_12": 0.03666666895151138,
    "0_13": 0.030000001192092896,
    "0_14": 0.03333333507180214,
    "0_15": 0.06666667014360428,
    "0_16": 0.07999999821186066,
    "0_17": 0.03333333507180214,
    "0_18": 0.10333333909511566,
    "0_19": 0.07999999821186066,
    "0_20": 0.10000000149011612,
    "0_21": 0.1066666692495346,
    "0_22": 0.15333333611488342,
    "0_23": 0.20333333313465118,
    "0_24": 0.24000000953674316,
    "0_25": 0.1733333319425583,
    "0_26": 0.1899999976158142,
    "0_27": 0.18666666746139526,
    "0_28": 0.2133333384990692,
    "0_29": 0.023333333432674408,
    "0_30": 0.023333333432674408,
    "0_31": 0.023333333432674408,
    "0_32": 0.023333333432674408,
    "0_33": 0.3199999928474426,
    "1_0": 0.023333333432674408,
    "1_1": 0.023333333432674408,
    "1_2": 0.013333333656191826,
    "1_3": 0.06666667014360428,
    "1_4": 0.06666667014360428,
    "1_5": 0.030000001192092896,
    "1_6": 0.03333333507180214,
    "1_7": 0.03999999910593033,
    "1_8": 0.030000001192092896,
    "1_9": 0.06000000238418579,
    "1_10": 0.06666667014360428,
    "1_11": 0.07999999821186066,
    "1_12": 0.03666666895151138,
    "1_13": 0.09333333373069763,
    "1_14": 0.05666666850447655,
    "1_15": 0.08666666597127914,
    "1_16": 0.15333333611488342,
    "1_17": 0.1300000101327896,
    "1_18": 0.20000000298023224,
    "1_19": 0.1433333307504654,
    "1_20": 0.23666667938232422,
    "1_21": 0.3166666626930237,
    "1_22": 0.33666667342185974,
    "1_23": 0.3733333349227905,
    "1_24": 0.4166666865348816,
    "1_25": 0.3799999952316284,
    "1_26": 0.023333333432674408,
    "1_27": 0.023333333432674408,
    "1_28": 0.023333333432674408,
    "1_29": 0.023333333432674408,
    "1_30": 0.023333333432674408,
    "1_31": 0.023333333432674408,
    "1_32": 0.023333333432674408,
    "1_33": 0.5200000405311584,
    "2_0": 0.03333333507180214,
    "2_1": 0.03333333507180214,
    "2_2": 0.046666666865348816,
    "2_3": 0.04333333298563957,
    "2_4": 0.030000001192092896,
    "2_5": 0.03333333507180214,
    "2_6": 0.046666666865348816,
    "2_7": 0.04333333298563957,
    "2_8": 0.046666666865348816,
    "2_9": 0.0533333346247673,
    "2_10": 0.06000000238418579,
    "2_11": 0.03999999910593033,
    "2_12": 0.03999999910593033,
    "2_13": 0.03666666895151138,
    "2_14": 0.06333333253860474,
    "2_15": 0.07000000029802322,
    "2_16": 0.06666667014360428,
    "2_17": 0.06333333253860474,
    "2_18": 0.05666666850447655,
    "2_19": 0.0833333358168602,
    "2_20": 0.07333333790302277,
    "2_21": 0.1300000101327896,
    "2_22": 0.13333334028720856,
    "2_23": 0.10999999940395355,
    "2_24": 0.20000000298023224,
    "2_25": 0.16333334147930145,
    "2_26": 0.25,
    "2_27": 0.023333333432674408,
    "2_28": 0.023333333432674408,
    "2_29": 0.023333333432674408,
    "2_30": 0.023333333432674408,
    "2_31": 0.023333333432674408,
    "2_32": 0.023333333432674408,
    "2_33": 0.3199999928474426,
    "3_0": 0.02666666731238365,
    "3_1": 0.013333333656191826,
    "3_2": 0.03999999910593033,
    "3_3": 0.030000001192092896,
    "3_4": 0.02666666731238365,
    "3_5": 0.046666666865348816,
    "3_6": 0.04333333298563957,
    "3_7": 0.03666666895151138,
    "3_8": 0.03666666895151138,
    "3_9": 0.06333333253860474,
    "3_10": 0.05000000074505806,
    "3_11": 0.03666666895151138,
    "3_12": 0.046666666865348816,
    "3_13": 0.0533333346247673,
    "3_14": 0.0533333346247673,
    "3_15": 0.06000000238418579,
    "3_16": 0.0533333346247673,
    "3_17": 0.07666666805744171,
    "3_18": 0.05666666850447655,
    "3_19": 0.09000000357627869,
    "3_20": 0.06333333253860474,
    "3_21": 0.0833333358168602,
    "3_22": 0.0833333358168602,
    "3_23": 0.10000000149011612,
    "3_24": 0.18333333730697632,
    "3_25": 0.3700000047683716,
    "3_26": 0.6800000071525574,
    "3_27": 0.023333333432674408,
    "3_28": 0.023333333432674408,
    "3_29": 0.023333333432674408,
    "3_30": 0.023333333432674408,
    "3_31": 0.023333333432674408,
    "3_32": 0.023333333432674408,
    "3_33": 0.6000000238418579
  },
  "shuffle_control": {
    "-2_17": 0.02666666731238365,
    "-1_17": 0.01666666753590107,
    "0_17": 0.030000001192092896,
    "1_17": 0.030000001192092896,
    "2_17": 0.023333333432674408,
    "3_17": 0.019999999552965164
  },
  "peak_acc_by_offset": {
    "-2": 0.9466667175292969,
    "-1": 0.8100000023841858,
    "0": 0.3199999928474426,
    "1": 0.5200000405311584,
    "2": 0.3199999928474426,
    "3": 0.6800000071525574
  },
  "delta_newline": 0.23666667193174362,
  "delta_newline_layer": 4
}