{
  "tag": "relax_moresft_seed1",
  "n_families": 49,
  "n_train": 1199,
  "n_val": 800,
  "n_layers": 34,
  "offsets": [
    -2,
    -1,
    0,
    1,
    2,
    3
  ],
  "acc": {
    "-2_0": 0.9474999904632568,
    "-2_1": 0.9474999904632568,
    "-2_2": 0.9474999904632568,
    "-2_3": 0.9325000047683716,
    "-2_4": 0.9412499666213989,
    "-2_5": 0.8974999785423279,
    "-2_6": 0.8650000095367432,
    "-2_7": 0.8787499666213989,
    "-2_8": 0.8937499523162842,
    "-2_9": 0.9325000047683716,
    "-2_10": 0.8725000023841858,
    "-2_11": 0.8899999856948853,
    "-2_12": 0.9212499856948853,
    "-2_13": 0.8687499761581421,
    "-2_14": 0.8587499856948853,
    "-2_15": 0.8812499642372131,
    "-2_16": 0.8687499761581421,
    "-2_17": 0.8987500071525574,
    "-2_18": 0.9624999761581421,
    "-2_19": 0.9737499952316284,
    "-2_20": 0.9799999594688416,
    "-2_21": 0.9837499856948853,
    "-2_22": 0.9824999570846558,
    "-2_23": 0.9912499785423279,
    "-2_24": 0.9925000071525574,
    "-2_25": 0.9837499856948853,
    "-2_26": 0.019999999552965164,
    "-2_27": 0.019999999552965164,
    "-2_28": 0.019999999552965164,
    "-2_29": 0.019999999552965164,
    "-2_30": 0.019999999552965164,
    "-2_31": 0.019999999552965164,
    "-2_32": 0.019999999552965164,
    "-2_33": 0.9762499928474426,
    "-1_0": 0.05624999850988388,
    "-1_1": 0.07374999672174454,
    "-1_2": 0.48374998569488525,
    "-1_3": 0.6012499928474426,
    "-1_4": 0.7199999690055847,
    "-1_5": 0.5424999594688416,
    "-1_6": 0.5287500023841858,
    "-1_7": 0.3449999988079071,
    "-1_8": 0.3400000035762787,
    "-1_9": 0.32874998450279236,
    "-1_10": 0.39249998331069946,
    "-1_11": 0.25874999165534973,
    "-1_12": 0.26624998450279236,
    "-1_13": 0.23124998807907104,
    "-1_14": 0.19249999523162842,
    "-1_15": 0.16374999284744263,
    "-1_16": 0.08249999582767487,
    "-1_17": 0.07000000029802322,
    "-1_18": 0.19624999165534973,
    "-1_19": 0.17125000059604645,
    "-1_20": 0.14124999940395355,
    "-1_21": 0.23624999821186066,
    "-1_22": 0.6762499809265137,
    "-1_23": 0.4975000023841858,
    "-1_24": 0.6349999904632568,
    "-1_25": 0.5874999761581421,
    "-1_26": 0.6812499761581421,
    "-1_27": 0.768750011920929,
    "-1_28": 0.019999999552965164,
    "-1_29": 0.019999999552965164,
    "-1_30": 0.019999999552965164,
    "-1_31": 0.019999999552965164,
    "-1_32": 0.019999999552965164,
    "-1_33": 0.9462499618530273,
    "0_0": 0.02499999850988388,
    "0_1": 0.028749998658895493,
    "0_2": 0.11499999463558197,
    "0_3": 0.1599999964237213,
    "0_4": 0.42374998331069946,
    "0_5": 0.19624999165534973,
    "0_6": 0.0912499949336052,
    "0_7": 0.036249998956918716,
    "0_8": 0.07999999821186066,
    "0_9": 0.08624999970197678,
    "0_10": 0.0912499949336052,
    "0_11": 0.07750000059604645,
    "0_12": 0.036249998956918716,
    "0_13": 0.042500000447034836,
    "0_14": 0.04374999925494194,
    "0_15": 0.021250000223517418,
    "0_16": 0.023749999701976776,
    "0_17": 0.05374999716877937,
    "0_18": 0.03749999776482582,
    "0_19": 0.04749999940395355,
    "0_20": 0.04374999925494194,
    "0_21": 0.04999999701976776,
    "0_22": 0.04124999791383743,
    "0_23": 0.019999999552965164,
    "0_24": 0.03125,
    "0_25": 0.03999999910593033,
    "0_26": 0.0612499974668026,
    "0_27": 0.04625000059604645,
    "0_28": 0.019999999552965164,
    "0_29": 0.019999999552965164,
    "0_30": 0.019999999552965164,
    "0_31": 0.019999999552965164,
    "0_32": 0.019999999552965164,
    "0_33": 0.08749999850988388,
    "1_0": 0.02499999850988388,
    "1_1": 0.032499998807907104,
    "1_2": 0.03500000014901161,
    "1_3": 0.07874999940395355,
    "1_4": 0.057499997317790985,
    "1_5": 0.10249999910593033,
    "1_6": 0.1237499937415123,
    "1_7": 0.05624999850988388,
    "1_8": 0.06749999523162842,
    "1_9": 0.10999999940395355,
    "1_10": 0.08500000089406967,
    "1_11": 0.0612499974668026,
    "1_12": 0.036249998956918716,
    "1_13": 0.05374999716877937,
    "1_14": 0.04374999925494194,
    "1_15": 0.03125,
    "1_16": 0.03500000014901161,
    "1_17": 0.03125,
    "1_18": 0.026249999180436134,
    "1_19": 0.07499999552965164,
    "1_20": 0.02499999850988388,
    "1_21": 0.03749999776482582,
    "1_22": 0.03999999910593033,
    "1_23": 0.04999999701976776,
    "1_24": 0.03374999761581421,
    "1_25": 0.04749999940395355,
    "1_26": 0.10875000059604645,
    "1_27": 0.019999999552965164,
    "1_28": 0.019999999552965164,
    "1_29": 0.019999999552965164,
    "1_30": 0.019999999552965164,
    "1_31": 0.019999999552965164,
    "1_32": 0.019999999552965164,
    "1_33": 0.15625,
    "2_0": 0.028749998658895493,
    "2_1": 0.032499998807907104,
    "2_2": 0.04124999791383743,
    "2_3": 0.04124999791383743,
    "2_4": 0.038750000298023224,
    "2_5": 0.057499997317790985,
    "2_6": 0.0612499974668026,
    "2_7": 0.057499997317790985,
    "2_8": 0.05999999865889549,
    "2_9": 0.08249999582767487,
    "2_10": 0.07625000178813934,
    "2_11": 0.04999999701976776,
    "2_12": 0.07124999910593033,
    "2_13": 0.054999999701976776,
    "2_14": 0.05624999850988388,
    "2_15": 0.04749999940395355,
    "2_16": 0.03500000014901161,
    "2_17": 0.05624999850988388,
    "2_18": 0.04749999940395355,
    "2_19": 0.0637499988079071,
    "2_20": 0.0625,
    "2_21": 0.07124999910593033,
    "2_22": 0.05249999836087227,
    "2_23": 0.0625,
    "2_24": 0.0625,
    "2_25": 0.04374999925494194,
    "2_26": 0.08249999582767487,
    "2_27": 0.054999999701976776,
    "2_28": 0.019999999552965164,
    "2_29": 0.019999999552965164,
    "2_30": 0.019999999552965164,
    "2_31": 0.019999999552965164,
    "2_32": 0.019999999552965164,
    "2_33": 0.11499999463558197,
    "3_0": 0.02499999850988388,
    "3_1": 0.029999999329447746,
    "3_2": 0.023749999701976776,
    "3_3": 0.04749999940395355,
    "3_4": 0.05249999836087227,
    "3_5": 0.032499998807907104,
    "3_6": 0.042500000447034836,
    "3_7": 0.06624999642372131,
    "3_8": 0.04625000059604645,
    "3_9": 0.06875000149011612,
    "3_10": 0.04874999821186066,
    "3_11": 0.054999999701976776,
    "3_12": 0.04874999821186066,
    "3_13": 0.038750000298023224,
    "3_14": 0.03999999910593033,
    "3_15": 0.044999998062849045,
    "3_16": 0.044999998062849045,
    "3_17": 0.026249999180436134,
    "3_18": 0.04625000059604645,
    "3_19": 0.042500000447034836,
    "3_20": 0.03749999776482582,
    "3_21": 0.07000000029802322,
    "3_22": 0.05624999850988388,
    "3_23": 0.07499999552965164,
    "3_24": 0.04625000059604645,
    "3_25": 0.026249999180436134,
    "3_26": 0.057499997317790985,
    "3_27": 0.10999999940395355,
    "3_28": 0.0625,
    "3_29": 0.019999999552965164,
    "3_30": 0.0625,
    "3_31": 0.019999999552965164,
    "3_32": 0.019999999552965164,
    "3_33": 0.19749999046325684
  },
  "shuffle_control": {
    "-2_17": 0.023749999701976776,
    "-1_17": 0.019999999552965164,
    "0_17": 0.01874999888241291,
    "1_17": 0.014999999664723873,
    "2_17": 0.028749998658895493,
    "3_17": 0.027499999850988388
  },
  "peak_acc_by_offset": {
    "-2": 0.9925000071525574,
    "-1": 0.9462499618530273,
    "0": 0.42374998331069946,
    "1": 0.15625,
    "2": 0.11499999463558197,
    "3": 0.19749999046325684
  },
  "delta_newline": 0.3662499859929085,
  "delta_newline_layer": 4
}