{
  "tag": "relaxlong_offpolicy_ckpt_010",
  "n_families": 72,
  "n_train": 597,
  "n_val": 298,
  "n_layers": 34,
  "offsets": [
    -2,
    -1,
    0,
    1,
    2,
    3
  ],
  "acc": {
    "-2_0": 0.7885906100273132,
    "-2_1": 0.8288590908050537,
    "-2_2": 0.8020133972167969,
    "-2_3": 0.818791925907135,
    "-2_4": 0.7953020334243774,
    "-2_5": 0.7684563994407654,
    "-2_6": 0.718120813369751,
    "-2_7": 0.5536912679672241,
    "-2_8": 0.644295334815979,
    "-2_9": 0.6677852272987366,
    "-2_10": 0.6208053827285767,
    "-2_11": 0.644295334815979,
    "-2_12": 0.6543624401092529,
    "-2_13": 0.6275168061256409,
    "-2_14": 0.6107382774353027,
    "-2_15": 0.7013422846794128,
    "-2_16": 0.6946308612823486,
    "-2_17": 0.7147651314735413,
    "-2_18": 0.8456375598907471,
    "-2_19": 0.818791925907135,
    "-2_20": 0.8691275119781494,
    "-2_21": 0.9194630980491638,
    "-2_22": 0.9295302033424377,
    "-2_23": 0.9194630980491638,
    "-2_24": 0.9328858852386475,
    "-2_25": 0.926174521446228,
    "-2_26": 0.02348993346095085,
    "-2_27": 0.02348993346095085,
    "-2_28": 0.02348993346095085,
    "-2_29": 0.02348993346095085,
    "-2_30": 0.02348993346095085,
    "-2_31": 0.02348993346095085,
    "-2_32": 0.02348993346095085,
    "-2_33": 0.926174521446228,
    "-1_0": 0.05033557116985321,
    "-1_1": 0.06711409240961075,
    "-1_2": 0.4563758373260498,
    "-1_3": 0.5302013158798218,
    "-1_4": 0.5838926434516907,
    "-1_5": 0.3724832236766815,
    "-1_6": 0.33892616629600525,
    "-1_7": 0.24832214415073395,
    "-1_8": 0.20134228467941284,
    "-1_9": 0.19463087618350983,
    "-1_10": 0.2281879186630249,
    "-1_11": 0.16778524219989777,
    "-1_12": 0.14429530501365662,
    "-1_13": 0.16107383370399475,
    "-1_14": 0.16442953050136566,
    "-1_15": 0.19127516448497772,
    "-1_16": 0.16107383370399475,
    "-1_17": 0.19127516448497772,
    "-1_18": 0.3187919557094574,
    "-1_19": 0.3557046949863434,
    "-1_20": 0.42617449164390564,
    "-1_21": 0.47315436601638794,
    "-1_22": 0.6744966506958008,
    "-1_23": 0.6744966506958008,
    "-1_24": 0.7416107654571533,
    "-1_25": 0.7986577153205872,
    "-1_26": 0.7852349281311035,
    "-1_27": 0.8221476674079895,
    "-1_28": 0.02348993346095085,
    "-1_29": 0.02348993346095085,
    "-1_30": 0.02348993346095085,
    "-1_31": 0.02348993346095085,
    "-1_32": 0.02348993346095085,
    "-1_33": 0.8489933013916016,
    "0_0": 0.04026845842599869,
    "0_1": 0.030201341956853867,
    "0_2": 0.13087248802185059,
    "0_3": 0.06040268391370773,
    "0_4": 0.268456369638443,
    "0_5": 0.1812080591917038,
    "0_6": 0.06040268391370773,
    "0_7": 0.05033557116985321,
    "0_8": 0.05033557116985321,
    "0_9": 0.020134229212999344,
    "0_10": 0.04026845842599869,
    "0_11": 0.016778523102402687,
    "0_12": 0.033557046204805374,
    "0_13": 0.03691275045275688,
    "0_14": 0.0469798669219017,
    "0_15": 0.02684563770890236,
    "0_16": 0.05033557116985321,
    "0_17": 0.02348993346095085,
    "0_18": 0.224832221865654,
    "0_19": 0.2751677930355072,
    "0_20": 0.47986575961112976,
    "0_21": 0.48657718300819397,
    "0_22": 0.5704697966575623,
    "0_23": 0.5436241626739502,
    "0_24": 0.6912751793861389,
    "0_25": 0.7315436005592346,
    "0_26": 0.8624160885810852,
    "0_27": 0.8791946172714233,
    "0_28": 0.8859060406684875,
    "0_29": 0.02348993346095085,
    "0_30": 0.02348993346095085,
    "0_31": 0.02348993346095085,
    "0_32": 0.02348993346095085,
    "0_33": 0.8590604066848755,
    "1_0": 0.01342281885445118,
    "1_1": 0.0469798669219017,
    "1_2": 0.06040268391370773,
    "1_3": 0.07382550090551376,
    "1_4": 0.0906040295958519,
    "1_5": 0.057046979665756226,
    "1_6": 0.07382550090551376,
    "1_7": 0.03691275045275688,
    "1_8": 0.06040268391370773,
    "1_9": 0.07046979665756226,
    "1_10": 0.08389262109994888,
    "1_11": 0.04026845842599869,
    "1_12": 0.06711409240961075,
    "1_13": 0.09731543809175491,
    "1_14": 0.10402684658765793,
    "1_15": 0.10738255083560944,
    "1_16": 0.08724832534790039,
    "1_17": 0.08724832534790039,
    "1_18": 0.15436241030693054,
    "1_19": 0.2718120813369751,
    "1_20": 0.281879186630249,
    "1_21": 0.3993288576602936,
    "1_22": 0.3557046949863434,
    "1_23": 0.34563758969306946,
    "1_24": 0.5100671052932739,
    "1_25": 0.6073825359344482,
    "1_26": 0.8221476674079895,
    "1_27": 0.8557047247886658,
    "1_28": 0.02348993346095085,
    "1_29": 0.02348993346095085,
    "1_30": 0.02348993346095085,
    "1_31": 0.02348993346095085,
    "1_32": 0.02348993346095085,
    "1_33": 0.8355704545974731,
    "2_0": 0.08724832534790039,
    "2_1": 0.08053691685199738,
    "2_2": 0.06375838816165924,
    "2_3": 0.08389262109994888,
    "2_4": 0.08053691685199738,
    "2_5": 0.11744966357946396,
    "2_6": 0.10067114233970642,
    "2_7": 0.0906040295958519,
    "2_8": 0.0906040295958519,
    "2_9": 0.07382550090551376,
    "2_10": 0.0939597338438034,
    "2_11": 0.0939597338438034,
    "2_12": 0.09731543809175491,
    "2_13": 0.09731543809175491,
    "2_14": 0.11073825508356094,
    "2_15": 0.10067114233970642,
    "2_16": 0.08724832534790039,
    "2_17": 0.11073825508356094,
    "2_18": 0.08389262109994888,
    "2_19": 0.15436241030693054,
    "2_20": 0.17114093899726868,
    "2_21": 0.2281879186630249,
    "2_22": 0.1879194676876068,
    "2_23": 0.16442953050136566,
    "2_24": 0.281879186630249,
    "2_25": 0.3791946470737457,
    "2_26": 0.7516778707504272,
    "2_27": 0.7583892941474915,
    "2_28": 0.02348993346095085,
    "2_29": 0.02348993346095085,
    "2_30": 0.02348993346095085,
    "2_31": 0.02348993346095085,
    "2_32": 0.02348993346095085,
    "2_33": 0.7013422846794128,
    "3_0": 0.07382550090551376,
    "3_1": 0.07382550090551376,
    "3_2": 0.09731543809175491,
    "3_3": 0.07382550090551376,
    "3_4": 0.08053691685199738,
    "3_5": 0.08053691685199738,
    "3_6": 0.10067114233970642,
    "3_7": 0.10067114233970642,
    "3_8": 0.10738255083560944,
    "3_9": 0.0939597338438034,
    "3_10": 0.09731543809175491,
    "3_11": 0.08389262109994888,
    "3_12": 0.0939597338438034,
    "3_13": 0.11409395933151245,
    "3_14": 0.0906040295958519,
    "3_15": 0.0906040295958519,
    "3_16": 0.11073825508356094,
    "3_17": 0.10067114233970642,
    "3_18": 0.10738255083560944,
    "3_19": 0.14429530501365662,
    "3_20": 0.14765100181102753,
    "3_21": 0.20134228467941284,
    "3_22": 0.1812080591917038,
    "3_23": 0.16778524219989777,
    "3_24": 0.2751677930355072,
    "3_25": 0.463087260723114,
    "3_26": 0.7885906100273132,
    "3_27": 0.8020133972167969,
    "3_28": 0.02348993346095085,
    "3_29": 0.02348993346095085,
    "3_30": 0.02348993346095085,
    "3_31": 0.02348993346095085,
    "3_32": 0.02348993346095085,
    "3_33": 0.7516778707504272
  },
  "shuffle_control": {
    "-2_17": 0.020134229212999344,
    "-1_17": 0.033557046204805374,
    "0_17": 0.02348993346095085,
    "1_17": 0.016778523102402687,
    "2_17": 0.016778523102402687,
    "3_17": 0.030201341956853867
  },
  "peak_acc_by_offset": {
    "-2": 0.9328858852386475,
    "-1": 0.8489933013916016,
    "0": 0.8859060406684875,
    "1": 0.8557047247886658,
    "2": 0.7583892941474915,
    "3": 0.8020133972167969
  },
  "delta_newline": 0.8624161072075367,
  "delta_newline_layer": 28
}