{
  "tag": "relax_offpolicy_seed2",
  "n_families": 96,
  "n_train": 1196,
  "n_val": 797,
  "n_layers": 34,
  "offsets": [
    -2,
    -1,
    0,
    1,
    2,
    3
  ],
  "acc": {
    "-2_0": 0.8582183122634888,
    "-2_1": 0.8695106506347656,
    "-2_2": 0.856963574886322,
    "-2_3": 0.8343788981437683,
    "-2_4": 0.7917189598083496,
    "-2_5": 0.8293600678443909,
    "-2_6": 0.779171884059906,
    "-2_7": 0.760351300239563,
    "-2_8": 0.7816812992095947,
    "-2_9": 0.7954830527305603,
    "-2_10": 0.8005018830299377,
    "-2_11": 0.7867001295089722,
    "-2_12": 0.779171884059906,
    "-2_13": 0.7954830527305603,
    "-2_14": 0.7728983759880066,
    "-2_15": 0.7766624689102173,
    "-2_16": 0.7967377305030823,
    "-2_17": 0.8306148052215576,
    "-2_18": 0.8557088971138,
    "-2_19": 0.8494353890419006,
    "-2_20": 0.8531994819641113,
    "-2_21": 0.884567141532898,
    "-2_22": 0.8920953273773193,
    "-2_23": 0.8870765566825867,
    "-2_24": 0.8920953273773193,
    "-2_25": 0.8795483112335205,
    "-2_26": 0.020075282081961632,
    "-2_27": 0.020075282081961632,
    "-2_28": 0.020075282081961632,
    "-2_29": 0.020075282081961632,
    "-2_30": 0.020075282081961632,
    "-2_31": 0.020075282081961632,
    "-2_32": 0.020075282081961632,
    "-2_33": 0.8720200657844543,
    "-1_0": 0.021329987794160843,
    "-1_1": 0.032622333616018295,
    "-1_2": 0.46925970911979675,
    "-1_3": 0.6298619508743286,
    "-1_4": 0.6775407791137695,
    "-1_5": 0.4705144166946411,
    "-1_6": 0.4353826940059662,
    "-1_7": 0.3337515592575073,
    "-1_8": 0.31618568301200867,
    "-1_9": 0.30614805221557617,
    "-1_10": 0.3337515592575073,
    "-1_11": 0.2634880840778351,
    "-1_12": 0.2107904553413391,
    "-1_13": 0.2760351300239563,
    "-1_14": 0.2634880840778351,
    "-1_15": 0.2659974992275238,
    "-1_16": 0.2371392697095871,
    "-1_17": 0.21204516291618347,
    "-1_18": 0.3776662349700928,
    "-1_19": 0.42032623291015625,
    "-1_20": 0.3601003587245941,
    "-1_21": 0.5119196772575378,
    "-1_22": 0.780426561832428,
    "-1_23": 0.7202007174491882,
    "-1_24": 0.7967377305030823,
    "-1_25": 0.8218318819999695,
    "-1_26": 0.8205771446228027,
    "-1_27": 0.8343788981437683,
    "-1_28": 0.020075282081961632,
    "-1_29": 0.020075282081961632,
    "-1_30": 0.020075282081961632,
    "-1_31": 0.020075282081961632,
    "-1_32": 0.020075282081961632,
    "-1_33": 0.8632371425628662,
    "0_0": 0.025094103068113327,
    "0_1": 0.021329987794160843,
    "0_2": 0.13801756501197815,
    "0_3": 0.08155583590269089,
    "0_4": 0.19698870182037354,
    "0_5": 0.07653701305389404,
    "0_6": 0.04767879471182823,
    "0_7": 0.041405268013477325,
    "0_8": 0.040150564163923264,
    "0_9": 0.02634880691766739,
    "0_10": 0.06524466723203659,
    "0_11": 0.03638644888997078,
    "0_12": 0.05771643668413162,
    "0_13": 0.09661229699850082,
    "0_14": 0.10664993524551392,
    "0_15": 0.07026349008083344,
    "0_16": 0.1104140505194664,
    "0_17": 0.0552070252597332,
    "0_18": 0.19573399424552917,
    "0_19": 0.5056461691856384,
    "0_20": 0.45294854044914246,
    "0_21": 0.6436637043952942,
    "0_22": 0.6373901963233948,
    "0_23": 0.6486825346946716,
    "0_24": 0.7553324699401855,
    "0_25": 0.7942283749580383,
    "0_26": 0.8670012354850769,
    "0_27": 0.020075282081961632,
    "0_28": 0.020075282081961632,
    "0_29": 0.020075282081961632,
    "0_30": 0.020075282081961632,
    "0_31": 0.020075282081961632,
    "0_32": 0.020075282081961632,
    "0_33": 0.856963574886322,
    "1_0": 0.023839397355914116,
    "1_1": 0.03136762976646423,
    "1_2": 0.051442909985780716,
    "1_3": 0.032622333616018295,
    "1_4": 0.08406524360179901,
    "1_5": 0.05395232141017914,
    "1_6": 0.0552070252597332,
    "1_7": 0.08531995117664337,
    "1_8": 0.0878293588757515,
    "1_9": 0.07904642075300217,
    "1_10": 0.10790464282035828,
    "1_11": 0.09912170469760895,
    "1_12": 0.09912170469760895,
    "1_13": 0.20953576266765594,
    "1_14": 0.16060225665569305,
    "1_15": 0.18946047127246857,
    "1_16": 0.175658717751503,
    "1_17": 0.17314930260181427,
    "1_18": 0.2735257148742676,
    "1_19": 0.3563362658023834,
    "1_20": 0.4391467869281769,
    "1_21": 0.5696361064910889,
    "1_22": 0.5269761681556702,
    "1_23": 0.4905897080898285,
    "1_24": 0.6085320115089417,
    "1_25": 0.6436637043952942,
    "1_26": 0.020075282081961632,
    "1_27": 0.020075282081961632,
    "1_28": 0.020075282081961632,
    "1_29": 0.020075282081961632,
    "1_30": 0.020075282081961632,
    "1_31": 0.020075282081961632,
    "1_32": 0.020075282081961632,
    "1_33": 0.8055207133293152,
    "2_0": 0.08531995117664337,
    "2_1": 0.05646172910928726,
    "2_2": 0.08657465130090714,
    "2_3": 0.08531995117664337,
    "2_4": 0.11668757349252701,
    "2_5": 0.10915934294462204,
    "2_6": 0.12923462688922882,
    "2_7": 0.13801756501197815,
    "2_8": 0.14554579555988312,
    "2_9": 0.13801756501197815,
    "2_10": 0.14805521070957184,
    "2_11": 0.12296110391616821,
    "2_12": 0.12421581149101257,
    "2_13": 0.1430363804101944,
    "2_14": 0.14429108798503876,
    "2_15": 0.14554579555988312,
    "2_16": 0.13801756501197815,
    "2_17": 0.14429108798503876,
    "2_18": 0.12797991931438446,
    "2_19": 0.2170639932155609,
    "2_20": 0.2634880840778351,
    "2_21": 0.317440390586853,
    "2_22": 0.2860727608203888,
    "2_23": 0.2521957457065582,
    "2_24": 0.4115432798862457,
    "2_25": 0.43663737177848816,
    "2_26": 0.020075282081961632,
    "2_27": 0.020075282081961632,
    "2_28": 0.020075282081961632,
    "2_29": 0.020075282081961632,
    "2_30": 0.020075282081961632,
    "2_31": 0.020075282081961632,
    "2_32": 0.020075282081961632,
    "2_33": 0.7553324699401855,
    "3_0": 0.07653701305389404,
    "3_1": 0.09033876657485962,
    "3_2": 0.09535758942365646,
    "3_3": 0.11668757349252701,
    "3_4": 0.1104140505194664,
    "3_5": 0.11668757349252701,
    "3_6": 0.12045168876647949,
    "3_7": 0.12296110391616821,
    "3_8": 0.11543287336826324,
    "3_9": 0.11668757349252701,
    "3_10": 0.12923462688922882,
    "3_11": 0.12296110391616821,
    "3_12": 0.12296110391616821,
    "3_13": 0.12923462688922882,
    "3_14": 0.11543287336826324,
    "3_15": 0.13174404203891754,
    "3_16": 0.1392722725868225,
    "3_17": 0.12547051906585693,
    "3_18": 0.12296110391616821,
    "3_19": 0.23337514698505402,
    "3_20": 0.26725220680236816,
    "3_21": 0.29109159111976624,
    "3_22": 0.2521957457065582,
    "3_23": 0.2371392697095871,
    "3_24": 0.3676286041736603,
    "3_25": 0.6662484407424927,
    "3_26": 0.7841907143592834,
    "3_27": 0.020075282081961632,
    "3_28": 0.020075282081961632,
    "3_29": 0.020075282081961632,
    "3_30": 0.020075282081961632,
    "3_31": 0.020075282081961632,
    "3_32": 0.020075282081961632,
    "3_33": 0.7528230547904968
  },
  "shuffle_control": {
    "-2_17": 0.02885821834206581,
    "-1_17": 0.01882057636976242,
    "0_17": 0.022584691643714905,
    "1_17": 0.01882057636976242,
    "2_17": 0.025094103068113327,
    "3_17": 0.02885821834206581
  },
  "peak_acc_by_offset": {
    "-2": 0.8920953273773193,
    "-1": 0.8632371425628662,
    "0": 0.8670012354850769,
    "1": 0.8055207133293152,
    "2": 0.7553324699401855,
    "3": 0.7841907143592834
  },
  "delta_newline": 0.8469259534031153,
  "delta_newline_layer": 26
}