{
  "tag": "relax_onpolicy_seed1",
  "n_families": 87,
  "n_train": 1200,
  "n_val": 796,
  "n_layers": 34,
  "offsets": [
    -2,
    -1,
    0,
    1,
    2,
    3
  ],
  "acc": {
    "-2_0": 0.8969849348068237,
    "-2_1": 0.910804033279419,
    "-2_2": 0.893216073513031,
    "-2_3": 0.8894472122192383,
    "-2_4": 0.8605527281761169,
    "-2_5": 0.8655778765678406,
    "-2_6": 0.8354271054267883,
    "-2_7": 0.8505024909973145,
    "-2_8": 0.840452253818512,
    "-2_9": 0.8555276393890381,
    "-2_10": 0.8291457295417786,
    "-2_11": 0.8241205811500549,
    "-2_12": 0.8266331553459167,
    "-2_13": 0.8077889084815979,
    "-2_14": 0.7977386713027954,
    "-2_15": 0.7713567614555359,
    "-2_16": 0.8379396796226501,
    "-2_17": 0.8304020166397095,
    "-2_18": 0.9007537364959717,
    "-2_19": 0.8982412219047546,
    "-2_20": 0.9007537364959717,
    "-2_21": 0.9145728349685669,
    "-2_22": 0.9195979833602905,
    "-2_23": 0.9246231317520142,
    "-2_24": 0.9145728349685669,
    "-2_25": 0.913316547870636,
    "-2_26": 0.02010050229728222,
    "-2_27": 0.02010050229728222,
    "-2_28": 0.02010050229728222,
    "-2_29": 0.02010050229728222,
    "-2_30": 0.02010050229728222,
    "-2_31": 0.02010050229728222,
    "-2_32": 0.02010050229728222,
    "-2_33": 0.9145728349685669,
    "-1_0": 0.031407035887241364,
    "-1_1": 0.08165828883647919,
    "-1_2": 0.47110551595687866,
    "-1_3": 0.5778894424438477,
    "-1_4": 0.6809045076370239,
    "-1_5": 0.4246231019496918,
    "-1_6": 0.44472360610961914,
    "-1_7": 0.356783926486969,
    "-1_8": 0.3228643238544464,
    "-1_9": 0.32537686824798584,
    "-1_10": 0.3944723606109619,
    "-1_11": 0.2487437129020691,
    "-1_12": 0.22236180305480957,
    "-1_13": 0.25879397988319397,
    "-1_14": 0.2826633155345917,
    "-1_15": 0.2487437129020691,
    "-1_16": 0.2738693356513977,
    "-1_17": 0.23241205513477325,
    "-1_18": 0.3668341636657715,
    "-1_19": 0.44472360610961914,
    "-1_20": 0.393216073513031,
    "-1_21": 0.5251256227493286,
    "-1_22": 0.7223618030548096,
    "-1_23": 0.7022613286972046,
    "-1_24": 0.7613065242767334,
    "-1_25": 0.7939698696136475,
    "-1_26": 0.80402010679245,
    "-1_27": 0.8140703439712524,
    "-1_28": 0.02010050229728222,
    "-1_29": 0.02010050229728222,
    "-1_30": 0.02010050229728222,
    "-1_31": 0.02010050229728222,
    "-1_32": 0.02010050229728222,
    "-1_33": 0.8505024909973145,
    "0_0": 0.0,
    "0_1": 0.02010050229728222,
    "0_2": 0.12939698994159698,
    "0_3": 0.10050251334905624,
    "0_4": 0.25,
    "0_5": 0.0841708555817604,
    "0_6": 0.03894472494721413,
    "0_7": 0.07914572954177856,
    "0_8": 0.07537688314914703,
    "0_9": 0.057788945734500885,
    "0_10": 0.06532663106918335,
    "0_11": 0.06783919781446457,
    "0_12": 0.04522613063454628,
    "0_13": 0.07286432385444641,
    "0_14": 0.08542713522911072,
    "0_15": 0.07663316279649734,
    "0_16": 0.06281407177448273,
    "0_17": 0.07663316279649734,
    "0_18": 0.09045226126909256,
    "0_19": 0.11809045076370239,
    "0_20": 0.11683417111635208,
    "0_21": 0.18341708183288574,
    "0_22": 0.32788944244384766,
    "0_23": 0.2977387011051178,
    "0_24": 0.4861809015274048,
    "0_25": 0.44849246740341187,
    "0_26": 0.48366832733154297,
    "0_27": 0.4987437129020691,
    "0_28": 0.02010050229728222,
    "0_29": 0.02010050229728222,
    "0_30": 0.02010050229728222,
    "0_31": 0.02010050229728222,
    "0_32": 0.02010050229728222,
    "0_33": 0.6017587780952454,
    "1_0": 0.0037688440643250942,
    "1_1": 0.02261306531727314,
    "1_2": 0.01884422078728676,
    "1_3": 0.0716080367565155,
    "1_4": 0.06155778840184212,
    "1_5": 0.04899497330188751,
    "1_6": 0.04145728424191475,
    "1_7": 0.04522613063454628,
    "1_8": 0.05150753632187843,
    "1_9": 0.05025125667452812,
    "1_10": 0.07914572954177856,
    "1_11": 0.055276382714509964,
    "1_12": 0.056532662361860275,
    "1_13": 0.2123115509748459,
    "1_14": 0.1670854240655899,
    "1_15": 0.2035175859928131,
    "1_16": 0.19723618030548096,
    "1_17": 0.2010050266981125,
    "1_18": 0.26758792996406555,
    "1_19": 0.3668341636657715,
    "1_20": 0.4045225977897644,
    "1_21": 0.5351758599281311,
    "1_22": 0.516331672668457,
    "1_23": 0.49371859431266785,
    "1_24": 0.6281406879425049,
    "1_25": 0.5942211151123047,
    "1_26": 0.02010050229728222,
    "1_27": 0.02010050229728222,
    "1_28": 0.02010050229728222,
    "1_29": 0.02010050229728222,
    "1_30": 0.02010050229728222,
    "1_31": 0.02010050229728222,
    "1_32": 0.02010050229728222,
    "1_33": 0.6922110319137573,
    "2_0": 0.04648241028189659,
    "2_1": 0.056532662361860275,
    "2_2": 0.07663316279649734,
    "2_3": 0.06658291071653366,
    "2_4": 0.06783919781446457,
    "2_5": 0.06658291071653366,
    "2_6": 0.09170854091644287,
    "2_7": 0.08668341487646103,
    "2_8": 0.1067839190363884,
    "2_9": 0.10175879299640656,
    "2_10": 0.10175879299640656,
    "2_11": 0.09170854091644287,
    "2_12": 0.09422110766172409,
    "2_13": 0.10552763938903809,
    "2_14": 0.11306532472372055,
    "2_15": 0.14572864770889282,
    "2_16": 0.14070351421833038,
    "2_17": 0.13442210853099823,
    "2_18": 0.12311557680368423,
    "2_19": 0.14572864770889282,
    "2_20": 0.16080401837825775,
    "2_21": 0.2650753855705261,
    "2_22": 0.2826633155345917,
    "2_23": 0.2613065242767334,
    "2_24": 0.3706030249595642,
    "2_25": 0.3429648280143738,
    "2_26": 0.02010050229728222,
    "2_27": 0.02010050229728222,
    "2_28": 0.02010050229728222,
    "2_29": 0.02010050229728222,
    "2_30": 0.02010050229728222,
    "2_31": 0.02010050229728222,
    "2_32": 0.02010050229728222,
    "2_33": 0.5427135825157166,
    "3_0": 0.04648241028189659,
    "3_1": 0.06030150502920151,
    "3_2": 0.054020099341869354,
    "3_3": 0.06658291071653366,
    "3_4": 0.08542713522911072,
    "3_5": 0.07537688314914703,
    "3_6": 0.10175879299640656,
    "3_7": 0.08793969452381134,
    "3_8": 0.0829145684838295,
    "3_9": 0.09798994660377502,
    "3_10": 0.09673366695642471,
    "3_11": 0.09924623370170593,
    "3_12": 0.10427135229110718,
    "3_13": 0.09170854091644287,
    "3_14": 0.08668341487646103,
    "3_15": 0.10427135229110718,
    "3_16": 0.10301507264375687,
    "3_17": 0.10175879299640656,
    "3_18": 0.11809045076370239,
    "3_19": 0.14949747920036316,
    "3_20": 0.16959798336029053,
    "3_21": 0.18467336893081665,
    "3_22": 0.16457286477088928,
    "3_23": 0.15954773128032684,
    "3_24": 0.23492461442947388,
    "3_25": 0.5,
    "3_26": 0.716080367565155,
    "3_27": 0.02010050229728222,
    "3_28": 0.02010050229728222,
    "3_29": 0.02010050229728222,
    "3_30": 0.02010050229728222,
    "3_31": 0.02010050229728222,
    "3_32": 0.02010050229728222,
    "3_33": 0.6947236061096191
  },
  "shuffle_control": {
    "-2_17": 0.02512562833726406,
    "-1_17": 0.02010050229728222,
    "0_17": 0.02135678380727768,
    "1_17": 0.013819095678627491,
    "2_17": 0.030150752514600754,
    "3_17": 0.0238693468272686
  },
  "peak_acc_by_offset": {
    "-2": 0.9246231317520142,
    "-1": 0.8505024909973145,
    "0": 0.6017587780952454,
    "1": 0.6922110319137573,
    "2": 0.5427135825157166,
    "3": 0.716080367565155
  },
  "delta_newline": 0.4786432106047869,
  "delta_newline_layer": 27
}