{
  "tag": "relaxlong_offpolicy_ckpt_075",
  "n_families": 80,
  "n_train": 598,
  "n_val": 299,
  "n_layers": 34,
  "offsets": [
    -2,
    -1,
    0,
    1,
    2,
    3
  ],
  "acc": {
    "-2_0": 0.735785961151123,
    "-2_1": 0.7591972947120667,
    "-2_2": 0.7959865927696228,
    "-2_3": 0.7525083422660828,
    "-2_4": 0.7157190442085266,
    "-2_5": 0.692307710647583,
    "-2_6": 0.6655518412590027,
    "-2_7": 0.5886287689208984,
    "-2_8": 0.5518394708633423,
    "-2_9": 0.6555184125900269,
    "-2_10": 0.568561851978302,
    "-2_11": 0.5819398164749146,
    "-2_12": 0.5618728995323181,
    "-2_13": 0.5418060421943665,
    "-2_14": 0.5618728995323181,
    "-2_15": 0.6354514956474304,
    "-2_16": 0.6421404480934143,
    "-2_17": 0.6387959718704224,
    "-2_18": 0.8026756048202515,
    "-2_19": 0.7926421165466309,
    "-2_20": 0.8461538553237915,
    "-2_21": 0.8628762364387512,
    "-2_22": 0.8695651888847351,
    "-2_23": 0.8762542009353638,
    "-2_24": 0.8795986771583557,
    "-2_25": 0.8762542009353638,
    "-2_26": 0.016722407191991806,
    "-2_27": 0.016722407191991806,
    "-2_28": 0.016722407191991806,
    "-2_29": 0.016722407191991806,
    "-2_30": 0.016722407191991806,
    "-2_31": 0.016722407191991806,
    "-2_32": 0.016722407191991806,
    "-2_33": 0.8628762364387512,
    "-1_0": 0.06020066887140274,
    "-1_1": 0.02675585262477398,
    "-1_2": 0.4615384638309479,
    "-1_3": 0.5050167441368103,
    "-1_4": 0.4949832856655121,
    "-1_5": 0.3913043439388275,
    "-1_6": 0.31438127160072327,
    "-1_7": 0.25752508640289307,
    "-1_8": 0.23411370813846588,
    "-1_9": 0.21404682099819183,
    "-1_10": 0.19732441008090973,
    "-1_11": 0.20066890120506287,
    "-1_12": 0.18394649028778076,
    "-1_13": 0.24749164283275604,
    "-1_14": 0.19732441008090973,
    "-1_15": 0.18060199916362762,
    "-1_16": 0.1705685555934906,
    "-1_17": 0.1872909665107727,
    "-1_18": 0.3244147002696991,
    "-1_19": 0.3645485043525696,
    "-1_20": 0.37123745679855347,
    "-1_21": 0.45819398760795593,
    "-1_22": 0.6722407937049866,
    "-1_23": 0.6454849243164062,
    "-1_24": 0.7458193898200989,
    "-1_25": 0.8394649028778076,
    "-1_26": 0.7892976403236389,
    "-1_27": 0.7892976403236389,
    "-1_28": 0.016722407191991806,
    "-1_29": 0.016722407191991806,
    "-1_30": 0.016722407191991806,
    "-1_31": 0.016722407191991806,
    "-1_32": 0.016722407191991806,
    "-1_33": 0.8227424621582031,
    "0_0": 0.023411370813846588,
    "0_1": 0.006688963156193495,
    "0_2": 0.17391304671764374,
    "0_3": 0.12374582141637802,
    "0_4": 0.15719063580036163,
    "0_5": 0.1304347813129425,
    "0_6": 0.020066889002919197,
    "0_7": 0.040133778005838394,
    "0_8": 0.02675585262477398,
    "0_9": 0.03010033443570137,
    "0_10": 0.0568561851978302,
    "0_11": 0.046822741627693176,
    "0_12": 0.043478261679410934,
    "0_13": 0.06354515254497528,
    "0_14": 0.1137123703956604,
    "0_15": 0.06354515254497528,
    "0_16": 0.11705685406923294,
    "0_17": 0.1137123703956604,
    "0_18": 0.20735785365104675,
    "0_19": 0.33779263496398926,
    "0_20": 0.41137123107910156,
    "0_21": 0.4882943034172058,
    "0_22": 0.52173912525177,
    "0_23": 0.47491639852523804,
    "0_24": 0.6421404480934143,
    "0_25": 0.6655518412590027,
    "0_26": 0.8361203670501709,
    "0_27": 0.8394649028778076,
    "0_28": 0.016722407191991806,
    "0_29": 0.016722407191991806,
    "0_30": 0.016722407191991806,
    "0_31": 0.016722407191991806,
    "0_32": 0.016722407191991806,
    "0_33": 0.8160535097122192,
    "1_0": 0.03010033443570137,
    "1_1": 0.020066889002919197,
    "1_2": 0.03344481438398361,
    "1_3": 0.03678929805755615,
    "1_4": 0.10033445060253143,
    "1_5": 0.0568561851978302,
    "1_6": 0.0735785961151123,
    "1_7": 0.06688962876796722,
    "1_8": 0.06354515254497528,
    "1_9": 0.08361203968524933,
    "1_10": 0.08026755601167679,
    "1_11": 0.08026755601167679,
    "1_12": 0.0735785961151123,
    "1_13": 0.12709030508995056,
    "1_14": 0.15050166845321655,
    "1_15": 0.14046822488307953,
    "1_16": 0.11705685406923294,
    "1_17": 0.1471571922302246,
    "1_18": 0.1705685555934906,
    "1_19": 0.24080267548561096,
    "1_20": 0.30434781312942505,
    "1_21": 0.3745819330215454,
    "1_22": 0.39464882016181946,
    "1_23": 0.34448161721229553,
    "1_24": 0.45150500535964966,
    "1_25": 0.4715718924999237,
    "1_26": 0.016722407191991806,
    "1_27": 0.016722407191991806,
    "1_28": 0.016722407191991806,
    "1_29": 0.016722407191991806,
    "1_30": 0.016722407191991806,
    "1_31": 0.016722407191991806,
    "1_32": 0.016722407191991806,
    "1_33": 0.7558528184890747,
    "2_0": 0.09030099958181381,
    "2_1": 0.06020066887140274,
    "2_2": 0.08026755601167679,
    "2_3": 0.07023411244153976,
    "2_4": 0.08026755601167679,
    "2_5": 0.08361203968524933,
    "2_6": 0.11036789417266846,
    "2_7": 0.10702341049909592,
    "2_8": 0.10367892682552338,
    "2_9": 0.10367892682552338,
    "2_10": 0.10702341049909592,
    "2_11": 0.08695652335882187,
    "2_12": 0.11036789417266846,
    "2_13": 0.09030099958181381,
    "2_14": 0.08695652335882187,
    "2_15": 0.09698996692895889,
    "2_16": 0.09698996692895889,
    "2_17": 0.10367892682552338,
    "2_18": 0.09698996692895889,
    "2_19": 0.13712374866008759,
    "2_20": 0.15050166845321655,
    "2_21": 0.18394649028778076,
    "2_22": 0.1705685555934906,
    "2_23": 0.17391304671764374,
    "2_24": 0.24749164283275604,
    "2_25": 0.2675585150718689,
    "2_26": 0.016722407191991806,
    "2_27": 0.016722407191991806,
    "2_28": 0.016722407191991806,
    "2_29": 0.016722407191991806,
    "2_30": 0.016722407191991806,
    "2_31": 0.016722407191991806,
    "2_32": 0.016722407191991806,
    "2_33": 0.6488294005393982,
    "3_0": 0.0568561851978302,
    "3_1": 0.06688962876796722,
    "3_2": 0.07023411244153976,
    "3_3": 0.08026755601167679,
    "3_4": 0.08026755601167679,
    "3_5": 0.08695652335882187,
    "3_6": 0.08361203968524933,
    "3_7": 0.10033445060253143,
    "3_8": 0.10033445060253143,
    "3_9": 0.08026755601167679,
    "3_10": 0.07692307978868484,
    "3_11": 0.08695652335882187,
    "3_12": 0.08026755601167679,
    "3_13": 0.07692307978868484,
    "3_14": 0.08361203968524933,
    "3_15": 0.08361203968524933,
    "3_16": 0.10033445060253143,
    "3_17": 0.10033445060253143,
    "3_18": 0.07692307978868484,
    "3_19": 0.1304347813129425,
    "3_20": 0.13712374866008759,
    "3_21": 0.15050166845321655,
    "3_22": 0.14046822488307953,
    "3_23": 0.11705685406923294,
    "3_24": 0.28093644976615906,
    "3_25": 0.5183946490287781,
    "3_26": 0.7491638660430908,
    "3_27": 0.016722407191991806,
    "3_28": 0.016722407191991806,
    "3_29": 0.016722407191991806,
    "3_30": 0.016722407191991806,
    "3_31": 0.016722407191991806,
    "3_32": 0.016722407191991806,
    "3_33": 0.7123745679855347
  },
  "shuffle_control": {
    "-2_17": 0.010033444501459599,
    "-1_17": 0.02675585262477398,
    "0_17": 0.03010033443570137,
    "1_17": 0.023411370813846588,
    "2_17": 0.03344481438398361,
    "3_17": 0.016722407191991806
  },
  "peak_acc_by_offset": {
    "-2": 0.8795986771583557,
    "-1": 0.8394649028778076,
    "0": 0.8394649028778076,
    "1": 0.7558528184890747,
    "2": 0.6488294005393982,
    "3": 0.7491638660430908
  },
  "delta_newline": 0.8227424956858158,
  "delta_newline_layer": 27
}