{
  "tag": "relaxlong_onpolicy_ckpt_025",
  "n_families": 47,
  "n_train": 600,
  "n_val": 300,
  "n_layers": 34,
  "offsets": [
    -2,
    -1,
    0,
    1,
    2,
    3
  ],
  "acc": {
    "-2_0": 0.3566666841506958,
    "-2_1": 0.3866666853427887,
    "-2_2": 0.3700000047683716,
    "-2_3": 0.4000000059604645,
    "-2_4": 0.4233333468437195,
    "-2_5": 0.39000001549720764,
    "-2_6": 0.4099999964237213,
    "-2_7": 0.48000001907348633,
    "-2_8": 0.4766666889190674,
    "-2_9": 0.4866666793823242,
    "-2_10": 0.49666666984558105,
    "-2_11": 0.5,
    "-2_12": 0.4866666793823242,
    "-2_13": 0.4866666793823242,
    "-2_14": 0.4533333480358124,
    "-2_15": 0.48000001907348633,
    "-2_16": 0.5400000214576721,
    "-2_17": 0.47333335876464844,
    "-2_18": 0.4699999988079071,
    "-2_19": 0.5,
    "-2_20": 0.48000001907348633,
    "-2_21": 0.4466666877269745,
    "-2_22": 0.4533333480358124,
    "-2_23": 0.4300000071525574,
    "-2_24": 0.4333333373069763,
    "-2_25": 0.4099999964237213,
    "-2_26": 0.36666667461395264,
    "-2_27": 0.3733333349227905,
    "-2_28": 0.26333335041999817,
    "-2_29": 0.26333335041999817,
    "-2_30": 0.26333335041999817,
    "-2_31": 0.26333335041999817,
    "-2_32": 0.26333335041999817,
    "-2_33": 0.45000001788139343,
    "-1_0": 0.21000000834465027,
    "-1_1": 0.5133333206176758,
    "-1_2": 0.49666666984558105,
    "-1_3": 0.5133333206176758,
    "-1_4": 0.5300000309944153,
    "-1_5": 0.5333333611488342,
    "-1_6": 0.5733333230018616,
    "-1_7": 0.5766666531562805,
    "-1_8": 0.5366666913032532,
    "-1_9": 0.5433333516120911,
    "-1_10": 0.5766666531562805,
    "-1_11": 0.6066666841506958,
    "-1_12": 0.59333336353302,
    "-1_13": 0.5766666531562805,
    "-1_14": 0.5300000309944153,
    "-1_15": 0.5699999928474426,
    "-1_16": 0.5566666722297668,
    "-1_17": 0.5733333230018616,
    "-1_18": 0.6000000238418579,
    "-1_19": 0.5833333730697632,
    "-1_20": 0.596666693687439,
    "-1_21": 0.5800000429153442,
    "-1_22": 0.5766666531562805,
    "-1_23": 0.5166666507720947,
    "-1_24": 0.5533333420753479,
    "-1_25": 0.59333336353302,
    "-1_26": 0.5166666507720947,
    "-1_27": 0.6166666746139526,
    "-1_28": 0.6066666841506958,
    "-1_29": 0.5633333325386047,
    "-1_30": 0.26333335041999817,
    "-1_31": 0.26333335041999817,
    "-1_32": 0.26333335041999817,
    "-1_33": 0.5666666626930237,
    "0_0": 0.4566666781902313,
    "0_1": 0.46000000834465027,
    "0_2": 0.42000001668930054,
    "0_3": 0.32333335280418396,
    "0_4": 0.46000000834465027,
    "0_5": 0.5,
    "0_6": 0.4933333396911621,
    "0_7": 0.5233333706855774,
    "0_8": 0.46666666865348816,
    "0_9": 0.36000001430511475,
    "0_10": 0.5166666507720947,
    "0_11": 0.4833333492279053,
    "0_12": 0.5533333420753479,
    "0_13": 0.35333335399627686,
    "0_14": 0.43666666746139526,
    "0_15": 0.4833333492279053,
    "0_16": 0.5166666507720947,
    "0_17": 0.5099999904632568,
    "0_18": 0.44333335757255554,
    "0_19": 0.54666668176651,
    "0_20": 0.3733333349227905,
    "0_21": 0.34333333373069763,
    "0_22": 0.3466666638851166,
    "0_23": 0.46000000834465027,
    "0_24": 0.5866667032241821,
    "0_25": 0.5800000429153442,
    "0_26": 0.46000000834465027,
    "0_27": 0.5133333206176758,
    "0_28": 0.41333335638046265,
    "0_29": 0.26333335041999817,
    "0_30": 0.26333335041999817,
    "0_31": 0.26333335041999817,
    "0_32": 0.26333335041999817,
    "0_33": 0.5633333325386047,
    "1_0": 0.4566666781902313,
    "1_1": 0.4766666889190674,
    "1_2": 0.46666666865348816,
    "1_3": 0.5733333230018616,
    "1_4": 0.5400000214576721,
    "1_5": 0.5066666603088379,
    "1_6": 0.5333333611488342,
    "1_7": 0.5699999928474426,
    "1_8": 0.5766666531562805,
    "1_9": 0.5900000333786011,
    "1_10": 0.6266666650772095,
    "1_11": 0.6200000047683716,
    "1_12": 0.550000011920929,
    "1_13": 0.5800000429153442,
    "1_14": 0.5400000214576721,
    "1_15": 0.6066666841506958,
    "1_16": 0.5400000214576721,
    "1_17": 0.6366666555404663,
    "1_18": 0.5800000429153442,
    "1_19": 0.5633333325386047,
    "1_20": 0.5866667032241821,
    "1_21": 0.5166666507720947,
    "1_22": 0.2600000202655792,
    "1_23": 0.5833333730697632,
    "1_24": 0.32333335280418396,
    "1_25": 0.3799999952316284,
    "1_26": 0.5400000214576721,
    "1_27": 0.5733333230018616,
    "1_28": 0.26333335041999817,
    "1_29": 0.26333335041999817,
    "1_30": 0.26333335041999817,
    "1_31": 0.26333335041999817,
    "1_32": 0.26333335041999817,
    "1_33": 0.596666693687439,
    "2_0": 0.26333335041999817,
    "2_1": 0.4566666781902313,
    "2_2": 0.4566666781902313,
    "2_3": 0.4466666877269745,
    "2_4": 0.4099999964237213,
    "2_5": 0.20333333313465118,
    "2_6": 0.48000001907348633,
    "2_7": 0.6000000238418579,
    "2_8": 0.6333333253860474,
    "2_9": 0.5666666626930237,
    "2_10": 0.643333375453949,
    "2_11": 0.6333333253860474,
    "2_12": 0.5800000429153442,
    "2_13": 0.59333336353302,
    "2_14": 0.6266666650772095,
    "2_15": 0.6366666555404663,
    "2_16": 0.5566666722297668,
    "2_17": 0.6100000143051147,
    "2_18": 0.6000000238418579,
    "2_19": 0.643333375453949,
    "2_20": 0.4699999988079071,
    "2_21": 0.48000001907348633,
    "2_22": 0.4566666781902313,
    "2_23": 0.5533333420753479,
    "2_24": 0.6233333349227905,
    "2_25": 0.49000000953674316,
    "2_26": 0.46000000834465027,
    "2_27": 0.6399999856948853,
    "2_28": 0.26333335041999817,
    "2_29": 0.26333335041999817,
    "2_30": 0.26333335041999817,
    "2_31": 0.26333335041999817,
    "2_32": 0.26333335041999817,
    "2_33": 0.6200000047683716,
    "3_0": 0.36000001430511475,
    "3_1": 0.36000001430511475,
    "3_2": 0.5533333420753479,
    "3_3": 0.550000011920929,
    "3_4": 0.5633333325386047,
    "3_5": 0.5633333325386047,
    "3_6": 0.5833333730697632,
    "3_7": 0.5833333730697632,
    "3_8": 0.6233333349227905,
    "3_9": 0.6100000143051147,
    "3_10": 0.643333375453949,
    "3_11": 0.6733333468437195,
    "3_12": 0.6600000262260437,
    "3_13": 0.6133333444595337,
    "3_14": 0.6566666960716248,
    "3_15": 0.6266666650772095,
    "3_16": 0.503333330154419,
    "3_17": 0.5666666626930237,
    "3_18": 0.5900000333786011,
    "3_19": 0.6000000238418579,
    "3_20": 0.6833333373069763,
    "3_21": 0.6533333659172058,
    "3_22": 0.6566666960716248,
    "3_23": 0.5433333516120911,
    "3_24": 0.6666666865348816,
    "3_25": 0.5400000214576721,
    "3_26": 0.6766666769981384,
    "3_27": 0.5833333730697632,
    "3_28": 0.26333335041999817,
    "3_29": 0.26333335041999817,
    "3_30": 0.26333335041999817,
    "3_31": 0.26333335041999817,
    "3_32": 0.26333335041999817,
    "3_33": 0.7033333778381348
  },
  "shuffle_control": {
    "-2_17": 0.33000001311302185,
    "-1_17": 0.21666666865348816,
    "0_17": 0.04333333298563957,
    "1_17": 0.4533333480358124,
    "2_17": 0.12000000476837158,
    "3_17": 0.009999999776482582
  },
  "peak_acc_by_offset": {
    "-2": 0.5400000214576721,
    "-1": 0.6166666746139526,
    "0": 0.5866667032241821,
    "1": 0.6366666555404663,
    "2": 0.643333375453949,
    "3": 0.7033333778381348
  },
  "delta_newline": 0.26333335041999817,
  "delta_newline_layer": 24
}