{
  "tag": "relaxlong_onpolicy_ckpt_010",
  "n_families": 55,
  "n_train": 600,
  "n_val": 300,
  "n_layers": 34,
  "offsets": [
    -2,
    -1,
    0,
    1,
    2,
    3
  ],
  "acc": {
    "-2_0": 0.6700000166893005,
    "-2_1": 0.6600000262260437,
    "-2_2": 0.6533333659172058,
    "-2_3": 0.6233333349227905,
    "-2_4": 0.6266666650772095,
    "-2_5": 0.5699999928474426,
    "-2_6": 0.6033333539962769,
    "-2_7": 0.596666693687439,
    "-2_8": 0.6000000238418579,
    "-2_9": 0.6133333444595337,
    "-2_10": 0.59333336353302,
    "-2_11": 0.6166666746139526,
    "-2_12": 0.6233333349227905,
    "-2_13": 0.5900000333786011,
    "-2_14": 0.6000000238418579,
    "-2_15": 0.6266666650772095,
    "-2_16": 0.6166666746139526,
    "-2_17": 0.6366666555404663,
    "-2_18": 0.7400000095367432,
    "-2_19": 0.7033333778381348,
    "-2_20": 0.7266666889190674,
    "-2_21": 0.7300000190734863,
    "-2_22": 0.753333330154419,
    "-2_23": 0.75,
    "-2_24": 0.7633333802223206,
    "-2_25": 0.7266666889190674,
    "-2_26": 0.7566666603088379,
    "-2_27": 0.7633333802223206,
    "-2_28": 0.023333333432674408,
    "-2_29": 0.023333333432674408,
    "-2_30": 0.023333333432674408,
    "-2_31": 0.023333333432674408,
    "-2_32": 0.023333333432674408,
    "-2_33": 0.7599999904632568,
    "-1_0": 0.11666666716337204,
    "-1_1": 0.1599999964237213,
    "-1_2": 0.4233333468437195,
    "-1_3": 0.48000001907348633,
    "-1_4": 0.5233333706855774,
    "-1_5": 0.33666667342185974,
    "-1_6": 0.34333333373069763,
    "-1_7": 0.3266666829586029,
    "-1_8": 0.2900000214576721,
    "-1_9": 0.27000001072883606,
    "-1_10": 0.29666668176651,
    "-1_11": 0.2133333384990692,
    "-1_12": 0.20666667819023132,
    "-1_13": 0.18333333730697632,
    "-1_14": 0.15666666626930237,
    "-1_15": 0.1733333319425583,
    "-1_16": 0.1899999976158142,
    "-1_17": 0.1966666728258133,
    "-1_18": 0.21000000834465027,
    "-1_19": 0.18666666746139526,
    "-1_20": 0.15666666626930237,
    "-1_21": 0.15666666626930237,
    "-1_22": 0.46666666865348816,
    "-1_23": 0.36000001430511475,
    "-1_24": 0.4033333361148834,
    "-1_25": 0.3400000035762787,
    "-1_26": 0.2866666615009308,
    "-1_27": 0.45000001788139343,
    "-1_28": 0.4333333373069763,
    "-1_29": 0.5533333420753479,
    "-1_30": 0.5766666531562805,
    "-1_31": 0.023333333432674408,
    "-1_32": 0.023333333432674408,
    "-1_33": 0.6800000071525574,
    "0_0": 0.07999999821186066,
    "0_1": 0.023333333432674408,
    "0_2": 0.13333334028720856,
    "0_3": 0.06333333253860474,
    "0_4": 0.31333333253860474,
    "0_5": 0.13333334028720856,
    "0_6": 0.09000000357627869,
    "0_7": 0.09000000357627869,
    "0_8": 0.046666666865348816,
    "0_9": 0.030000001192092896,
    "0_10": 0.1300000101327896,
    "0_11": 0.08666666597127914,
    "0_12": 0.03333333507180214,
    "0_13": 0.10333333909511566,
    "0_14": 0.03999999910593033,
    "0_15": 0.12000000476837158,
    "0_16": 0.0833333358168602,
    "0_17": 0.030000001192092896,
    "0_18": 0.06000000238418579,
    "0_19": 0.03666666895151138,
    "0_20": 0.09666667133569717,
    "0_21": 0.046666666865348816,
    "0_22": 0.10000000149011612,
    "0_23": 0.046666666865348816,
    "0_24": 0.02666666731238365,
    "0_25": 0.03333333507180214,
    "0_26": 0.06000000238418579,
    "0_27": 0.03666666895151138,
    "0_28": 0.09000000357627869,
    "0_29": 0.07999999821186066,
    "0_30": 0.12333333492279053,
    "0_31": 0.023333333432674408,
    "0_32": 0.023333333432674408,
    "0_33": 0.06333333253860474,
    "1_0": 0.013333333656191826,
    "1_1": 0.02666666731238365,
    "1_2": 0.019999999552965164,
    "1_3": 0.12333333492279053,
    "1_4": 0.12000000476837158,
    "1_5": 0.08666666597127914,
    "1_6": 0.12666666507720947,
    "1_7": 0.10000000149011612,
    "1_8": 0.12333333492279053,
    "1_9": 0.07666666805744171,
    "1_10": 0.05000000074505806,
    "1_11": 0.07000000029802322,
    "1_12": 0.12666666507720947,
    "1_13": 0.09000000357627869,
    "1_14": 0.04333333298563957,
    "1_15": 0.12333333492279053,
    "1_16": 0.12333333492279053,
    "1_17": 0.06666667014360428,
    "1_18": 0.1366666704416275,
    "1_19": 0.03666666895151138,
    "1_20": 0.01666666753590107,
    "1_21": 0.06333333253860474,
    "1_22": 0.0533333346247673,
    "1_23": 0.0,
    "1_24": 0.09000000357627869,
    "1_25": 0.023333333432674408,
    "1_26": 0.013333333656191826,
    "1_27": 0.013333333656191826,
    "1_28": 0.023333333432674408,
    "1_29": 0.10999999940395355,
    "1_30": 0.09333333373069763,
    "1_31": 0.023333333432674408,
    "1_32": 0.023333333432674408,
    "1_33": 0.030000001192092896,
    "2_0": 0.023333333432674408,
    "2_1": 0.02666666731238365,
    "2_2": 0.08666666597127914,
    "2_3": 0.06333333253860474,
    "2_4": 0.18666666746139526,
    "2_5": 0.10333333909511566,
    "2_6": 0.1599999964237213,
    "2_7": 0.1300000101327896,
    "2_8": 0.1066666692495346,
    "2_9": 0.13333334028720856,
    "2_10": 0.13333334028720856,
    "2_11": 0.12333333492279053,
    "2_12": 0.14000000059604645,
    "2_13": 0.06000000238418579,
    "2_14": 0.12000000476837158,
    "2_15": 0.1433333307504654,
    "2_16": 0.1066666692495346,
    "2_17": 0.09666667133569717,
    "2_18": 0.1300000101327896,
    "2_19": 0.023333333432674408,
    "2_20": 0.08666666597127914,
    "2_21": 0.07333333790302277,
    "2_22": 0.04333333298563957,
    "2_23": 0.07333333790302277,
    "2_24": 0.07666666805744171,
    "2_25": 0.019999999552965164,
    "2_26": 0.03666666895151138,
    "2_27": 0.05000000074505806,
    "2_28": 0.12333333492279053,
    "2_29": 0.023333333432674408,
    "2_30": 0.1133333370089531,
    "2_31": 0.023333333432674408,
    "2_32": 0.023333333432674408,
    "2_33": 0.07666666805744171,
    "3_0": 0.019999999552965164,
    "3_1": 0.023333333432674408,
    "3_2": 0.019999999552965164,
    "3_3": 0.030000001192092896,
    "3_4": 0.030000001192092896,
    "3_5": 0.03666666895151138,
    "3_6": 0.09333333373069763,
    "3_7": 0.1300000101327896,
    "3_8": 0.1300000101327896,
    "3_9": 0.12333333492279053,
    "3_10": 0.1133333370089531,
    "3_11": 0.13333334028720856,
    "3_12": 0.10333333909511566,
    "3_13": 0.08666666597127914,
    "3_14": 0.08666666597127914,
    "3_15": 0.06000000238418579,
    "3_16": 0.1066666692495346,
    "3_17": 0.06666667014360428,
    "3_18": 0.06000000238418579,
    "3_19": 0.009999999776482582,
    "3_20": 0.07000000029802322,
    "3_21": 0.10000000149011612,
    "3_22": 0.009999999776482582,
    "3_23": 0.08666666597127914,
    "3_24": 0.013333333656191826,
    "3_25": 0.019999999552965164,
    "3_26": 0.07999999821186066,
    "3_27": 0.019999999552965164,
    "3_28": 0.023333333432674408,
    "3_29": 0.023333333432674408,
    "3_30": 0.05666666850447655,
    "3_31": 0.03666666895151138,
    "3_32": 0.023333333432674408,
    "3_33": 0.030000001192092896
  },
  "shuffle_control": {
    "-2_17": 0.023333333432674408,
    "-1_17": 0.02666666731238365,
    "0_17": 0.019999999552965164,
    "1_17": 0.009999999776482582,
    "2_17": 0.023333333432674408,
    "3_17": 0.009999999776482582
  },
  "peak_acc_by_offset": {
    "-2": 0.7633333802223206,
    "-1": 0.6800000071525574,
    "0": 0.31333333253860474,
    "1": 0.1366666704416275,
    "2": 0.18666666746139526,
    "3": 0.13333334028720856
  },
  "delta_newline": 0.19333332777023315,
  "delta_newline_layer": 4
}