{
  "tag": "relaxlong_onpolicy_ckpt_100",
  "n_families": 65,
  "n_train": 598,
  "n_val": 299,
  "n_layers": 34,
  "offsets": [
    -2,
    -1,
    0,
    1,
    2,
    3
  ],
  "acc": {
    "-2_0": 0.8260869383811951,
    "-2_1": 0.7959865927696228,
    "-2_2": 0.8394649028778076,
    "-2_3": 0.8193979859352112,
    "-2_4": 0.7926421165466309,
    "-2_5": 0.7290970087051392,
    "-2_6": 0.6856186985969543,
    "-2_7": 0.6989966630935669,
    "-2_8": 0.7023411393165588,
    "-2_9": 0.6755852699279785,
    "-2_10": 0.7290970087051392,
    "-2_11": 0.7525083422660828,
    "-2_12": 0.6187291145324707,
    "-2_13": 0.6454849243164062,
    "-2_14": 0.6354514956474304,
    "-2_15": 0.6555184125900269,
    "-2_16": 0.7424749135971069,
    "-2_17": 0.7324414849281311,
    "-2_18": 0.8561872839927673,
    "-2_19": 0.8829431533813477,
    "-2_20": 0.8862876296043396,
    "-2_21": 0.9230769276618958,
    "-2_22": 0.9364548325538635,
    "-2_23": 0.9297658801078796,
    "-2_24": 0.9598662257194519,
    "-2_25": 0.9364548325538635,
    "-2_26": 0.023411370813846588,
    "-2_27": 0.023411370813846588,
    "-2_28": 0.023411370813846588,
    "-2_29": 0.023411370813846588,
    "-2_30": 0.023411370813846588,
    "-2_31": 0.023411370813846588,
    "-2_32": 0.023411370813846588,
    "-2_33": 0.9364548325538635,
    "-1_0": 0.07023411244153976,
    "-1_1": 0.040133778005838394,
    "-1_2": 0.5117056965827942,
    "-1_3": 0.5351170301437378,
    "-1_4": 0.5585284233093262,
    "-1_5": 0.4381271004676819,
    "-1_6": 0.33779263496398926,
    "-1_7": 0.22408026456832886,
    "-1_8": 0.22073578834533691,
    "-1_9": 0.21404682099819183,
    "-1_10": 0.28762540221214294,
    "-1_11": 0.18060199916362762,
    "-1_12": 0.1538461595773697,
    "-1_13": 0.2040133774280548,
    "-1_14": 0.16722407937049866,
    "-1_15": 0.12709030508995056,
    "-1_16": 0.20066890120506287,
    "-1_17": 0.19063544273376465,
    "-1_18": 0.30434781312942505,
    "-1_19": 0.3110367953777313,
    "-1_20": 0.3110367953777313,
    "-1_21": 0.3578595221042633,
    "-1_22": 0.6086956262588501,
    "-1_23": 0.52173912525177,
    "-1_24": 0.6354514956474304,
    "-1_25": 0.7090300917625427,
    "-1_26": 0.7491638660430908,
    "-1_27": 0.8160535097122192,
    "-1_28": 0.8494983315467834,
    "-1_29": 0.023411370813846588,
    "-1_30": 0.023411370813846588,
    "-1_31": 0.023411370813846588,
    "-1_32": 0.023411370813846588,
    "-1_33": 0.8561872839927673,
    "0_0": 0.0,
    "0_1": 0.01337792631238699,
    "0_2": 0.1304347813129425,
    "0_3": 0.13377925753593445,
    "0_4": 0.2909699082374573,
    "0_5": 0.14046822488307953,
    "0_6": 0.03344481438398361,
    "0_7": 0.1304347813129425,
    "0_8": 0.03678929805755615,
    "0_9": 0.0568561851978302,
    "0_10": 0.05016722530126572,
    "0_11": 0.03678929805755615,
    "0_12": 0.03010033443570137,
    "0_13": 0.05351170524954796,
    "0_14": 0.10702341049909592,
    "0_15": 0.09698996692895889,
    "0_16": 0.10033445060253143,
    "0_17": 0.11705685406923294,
    "0_18": 0.12374582141637802,
    "0_19": 0.12709030508995056,
    "0_20": 0.13712374866008759,
    "0_21": 0.23745819926261902,
    "0_22": 0.3511705696582794,
    "0_23": 0.3177257478237152,
    "0_24": 0.3979932963848114,
    "0_25": 0.34448161721229553,
    "0_26": 0.39464882016181946,
    "0_27": 0.3745819330215454,
    "0_28": 0.41806018352508545,
    "0_29": 0.023411370813846588,
    "0_30": 0.023411370813846588,
    "0_31": 0.023411370813846588,
    "0_32": 0.023411370813846588,
    "0_33": 0.4882943034172058,
    "1_0": 0.01337792631238699,
    "1_1": 0.03010033443570137,
    "1_2": 0.03344481438398361,
    "1_3": 0.03678929805755615,
    "1_4": 0.06354515254497528,
    "1_5": 0.06688962876796722,
    "1_6": 0.05016722530126572,
    "1_7": 0.0568561851978302,
    "1_8": 0.0735785961151123,
    "1_9": 0.06020066887140274,
    "1_10": 0.07692307978868484,
    "1_11": 0.07692307978868484,
    "1_12": 0.040133778005838394,
    "1_13": 0.11705685406923294,
    "1_14": 0.10367892682552338,
    "1_15": 0.12040133774280548,
    "1_16": 0.1471571922302246,
    "1_17": 0.14046822488307953,
    "1_18": 0.18060199916362762,
    "1_19": 0.22073578834533691,
    "1_20": 0.24080267548561096,
    "1_21": 0.3645485043525696,
    "1_22": 0.41137123107910156,
    "1_23": 0.3913043439388275,
    "1_24": 0.46822741627693176,
    "1_25": 0.40133780241012573,
    "1_26": 0.023411370813846588,
    "1_27": 0.023411370813846588,
    "1_28": 0.023411370813846588,
    "1_29": 0.023411370813846588,
    "1_30": 0.023411370813846588,
    "1_31": 0.023411370813846588,
    "1_32": 0.023411370813846588,
    "1_33": 0.5150501728057861,
    "2_0": 0.08026755601167679,
    "2_1": 0.06354515254497528,
    "2_2": 0.046822741627693176,
    "2_3": 0.046822741627693176,
    "2_4": 0.09030099958181381,
    "2_5": 0.10367892682552338,
    "2_6": 0.0735785961151123,
    "2_7": 0.08695652335882187,
    "2_8": 0.09364548325538635,
    "2_9": 0.08695652335882187,
    "2_10": 0.10367892682552338,
    "2_11": 0.09698996692895889,
    "2_12": 0.08361203968524933,
    "2_13": 0.08361203968524933,
    "2_14": 0.07023411244153976,
    "2_15": 0.10033445060253143,
    "2_16": 0.11036789417266846,
    "2_17": 0.11036789417266846,
    "2_18": 0.10702341049909592,
    "2_19": 0.10367892682552338,
    "2_20": 0.1471571922302246,
    "2_21": 0.15719063580036163,
    "2_22": 0.1538461595773697,
    "2_23": 0.1638796031475067,
    "2_24": 0.23745819926261902,
    "2_25": 0.2107023447751999,
    "2_26": 0.023411370813846588,
    "2_27": 0.023411370813846588,
    "2_28": 0.023411370813846588,
    "2_29": 0.023411370813846588,
    "2_30": 0.023411370813846588,
    "2_31": 0.023411370813846588,
    "2_32": 0.023411370813846588,
    "2_33": 0.3411371111869812,
    "3_0": 0.043478261679410934,
    "3_1": 0.06354515254497528,
    "3_2": 0.07023411244153976,
    "3_3": 0.0735785961151123,
    "3_4": 0.07692307978868484,
    "3_5": 0.06354515254497528,
    "3_6": 0.0735785961151123,
    "3_7": 0.06688962876796722,
    "3_8": 0.06354515254497528,
    "3_9": 0.0568561851978302,
    "3_10": 0.08695652335882187,
    "3_11": 0.06354515254497528,
    "3_12": 0.07692307978868484,
    "3_13": 0.07023411244153976,
    "3_14": 0.06020066887140274,
    "3_15": 0.07692307978868484,
    "3_16": 0.07023411244153976,
    "3_17": 0.08695652335882187,
    "3_18": 0.08026755601167679,
    "3_19": 0.07692307978868484,
    "3_20": 0.11036789417266846,
    "3_21": 0.1137123703956604,
    "3_22": 0.1304347813129425,
    "3_23": 0.11705685406923294,
    "3_24": 0.1638796031475067,
    "3_25": 0.4214046895503998,
    "3_26": 0.023411370813846588,
    "3_27": 0.023411370813846588,
    "3_28": 0.023411370813846588,
    "3_29": 0.023411370813846588,
    "3_30": 0.023411370813846588,
    "3_31": 0.023411370813846588,
    "3_32": 0.023411370813846588,
    "3_33": 0.6287625432014465
  },
  "shuffle_control": {
    "-2_17": 0.016722407191991806,
    "-1_17": 0.02675585262477398,
    "0_17": 0.03344481438398361,
    "1_17": 0.03010033443570137,
    "2_17": 0.020066889002919197,
    "3_17": 0.01337792631238699
  },
  "peak_acc_by_offset": {
    "-2": 0.9598662257194519,
    "-1": 0.8561872839927673,
    "0": 0.4882943034172058,
    "1": 0.5150501728057861,
    "2": 0.3411371111869812,
    "3": 0.6287625432014465
  },
  "delta_newline": 0.39464881271123886,
  "delta_newline_layer": 28
}