{
  "tag": "relaxlong_moresft_ckpt_075",
  "n_families": 44,
  "n_train": 600,
  "n_val": 300,
  "n_layers": 34,
  "offsets": [
    -2,
    -1,
    0,
    1,
    2,
    3
  ],
  "acc": {
    "-2_0": 0.8566666841506958,
    "-2_1": 0.8400000333786011,
    "-2_2": 0.8500000238418579,
    "-2_3": 0.8100000023841858,
    "-2_4": 0.7733333706855774,
    "-2_5": 0.7066667079925537,
    "-2_6": 0.6700000166893005,
    "-2_7": 0.6299999952316284,
    "-2_8": 0.7100000381469727,
    "-2_9": 0.6566666960716248,
    "-2_10": 0.6933333277702332,
    "-2_11": 0.6466667056083679,
    "-2_12": 0.7433333396911621,
    "-2_13": 0.6933333277702332,
    "-2_14": 0.6966666579246521,
    "-2_15": 0.75,
    "-2_16": 0.7866666913032532,
    "-2_17": 0.7366666793823242,
    "-2_18": 0.8533333539962769,
    "-2_19": 0.9399999976158142,
    "-2_20": 0.9200000166893005,
    "-2_21": 0.9333333373069763,
    "-2_22": 0.9733333587646484,
    "-2_23": 0.9466667175292969,
    "-2_24": 0.9633333683013916,
    "-2_25": 0.9666666984558105,
    "-2_26": 0.023333333432674408,
    "-2_27": 0.023333333432674408,
    "-2_28": 0.023333333432674408,
    "-2_29": 0.023333333432674408,
    "-2_30": 0.023333333432674408,
    "-2_31": 0.023333333432674408,
    "-2_32": 0.023333333432674408,
    "-2_33": 0.9700000286102295,
    "-1_0": 0.07000000029802322,
    "-1_1": 0.07999999821186066,
    "-1_2": 0.4466666877269745,
    "-1_3": 0.5566666722297668,
    "-1_4": 0.5566666722297668,
    "-1_5": 0.4399999976158142,
    "-1_6": 0.36000001430511475,
    "-1_7": 0.273333340883255,
    "-1_8": 0.19333334267139435,
    "-1_9": 0.20666667819023132,
    "-1_10": 0.29666668176651,
    "-1_11": 0.20333333313465118,
    "-1_12": 0.1733333319425583,
    "-1_13": 0.12333333492279053,
    "-1_14": 0.1433333307504654,
    "-1_15": 0.15666666626930237,
    "-1_16": 0.12000000476837158,
    "-1_17": 0.1133333370089531,
    "-1_18": 0.1899999976158142,
    "-1_19": 0.19333334267139435,
    "-1_20": 0.15333333611488342,
    "-1_21": 0.1366666704416275,
    "-1_22": 0.4866666793823242,
    "-1_23": 0.29666668176651,
    "-1_24": 0.34333333373069763,
    "-1_25": 0.48000001907348633,
    "-1_26": 0.3799999952316284,
    "-1_27": 0.4633333384990692,
    "-1_28": 0.023333333432674408,
    "-1_29": 0.023333333432674408,
    "-1_30": 0.023333333432674408,
    "-1_31": 0.023333333432674408,
    "-1_32": 0.023333333432674408,
    "-1_33": 0.8300000429153442,
    "0_0": 0.03999999910593033,
    "0_1": 0.03333333507180214,
    "0_2": 0.20000000298023224,
    "0_3": 0.12333333492279053,
    "0_4": 0.3100000023841858,
    "0_5": 0.11666666716337204,
    "0_6": 0.019999999552965164,
    "0_7": 0.0533333346247673,
    "0_8": 0.06666667014360428,
    "0_9": 0.03666666895151138,
    "0_10": 0.12666666507720947,
    "0_11": 0.03999999910593033,
    "0_12": 0.030000001192092896,
    "0_13": 0.03333333507180214,
    "0_14": 0.04333333298563957,
    "0_15": 0.023333333432674408,
    "0_16": 0.013333333656191826,
    "0_17": 0.01666666753590107,
    "0_18": 0.03333333507180214,
    "0_19": 0.013333333656191826,
    "0_20": 0.03999999910593033,
    "0_21": 0.05000000074505806,
    "0_22": 0.04333333298563957,
    "0_23": 0.05000000074505806,
    "0_24": 0.01666666753590107,
    "0_25": 0.02666666731238365,
    "0_26": 0.046666666865348816,
    "0_27": 0.023333333432674408,
    "0_28": 0.023333333432674408,
    "0_29": 0.023333333432674408,
    "0_30": 0.023333333432674408,
    "0_31": 0.023333333432674408,
    "0_32": 0.023333333432674408,
    "0_33": 0.04333333298563957,
    "1_0": 0.03999999910593033,
    "1_1": 0.023333333432674408,
    "1_2": 0.0533333346247673,
    "1_3": 0.06666667014360428,
    "1_4": 0.03999999910593033,
    "1_5": 0.08666666597127914,
    "1_6": 0.09666667133569717,
    "1_7": 0.046666666865348816,
    "1_8": 0.07000000029802322,
    "1_9": 0.046666666865348816,
    "1_10": 0.06000000238418579,
    "1_11": 0.05000000074505806,
    "1_12": 0.05000000074505806,
    "1_13": 0.05666666850447655,
    "1_14": 0.03333333507180214,
    "1_15": 0.02666666731238365,
    "1_16": 0.046666666865348816,
    "1_17": 0.030000001192092896,
    "1_18": 0.013333333656191826,
    "1_19": 0.05666666850447655,
    "1_20": 0.06000000238418579,
    "1_21": 0.019999999552965164,
    "1_22": 0.046666666865348816,
    "1_23": 0.030000001192092896,
    "1_24": 0.013333333656191826,
    "1_25": 0.046666666865348816,
    "1_26": 0.15333333611488342,
    "1_27": 0.17000000178813934,
    "1_28": 0.023333333432674408,
    "1_29": 0.023333333432674408,
    "1_30": 0.023333333432674408,
    "1_31": 0.023333333432674408,
    "1_32": 0.023333333432674408,
    "1_33": 0.16333334147930145,
    "2_0": 0.013333333656191826,
    "2_1": 0.03999999910593033,
    "2_2": 0.03333333507180214,
    "2_3": 0.03333333507180214,
    "2_4": 0.046666666865348816,
    "2_5": 0.05666666850447655,
    "2_6": 0.05666666850447655,
    "2_7": 0.07333333790302277,
    "2_8": 0.07333333790302277,
    "2_9": 0.07333333790302277,
    "2_10": 0.04333333298563957,
    "2_11": 0.05000000074505806,
    "2_12": 0.06666667014360428,
    "2_13": 0.04333333298563957,
    "2_14": 0.07666666805744171,
    "2_15": 0.06000000238418579,
    "2_16": 0.030000001192092896,
    "2_17": 0.03666666895151138,
    "2_18": 0.03999999910593033,
    "2_19": 0.03666666895151138,
    "2_20": 0.0533333346247673,
    "2_21": 0.030000001192092896,
    "2_22": 0.03999999910593033,
    "2_23": 0.046666666865348816,
    "2_24": 0.06000000238418579,
    "2_25": 0.03333333507180214,
    "2_26": 0.046666666865348816,
    "2_27": 0.06000000238418579,
    "2_28": 0.023333333432674408,
    "2_29": 0.023333333432674408,
    "2_30": 0.023333333432674408,
    "2_31": 0.023333333432674408,
    "2_32": 0.023333333432674408,
    "2_33": 0.0833333358168602,
    "3_0": 0.046666666865348816,
    "3_1": 0.03999999910593033,
    "3_2": 0.03666666895151138,
    "3_3": 0.03333333507180214,
    "3_4": 0.05000000074505806,
    "3_5": 0.05000000074505806,
    "3_6": 0.05000000074505806,
    "3_7": 0.04333333298563957,
    "3_8": 0.06333333253860474,
    "3_9": 0.046666666865348816,
    "3_10": 0.06000000238418579,
    "3_11": 0.06333333253860474,
    "3_12": 0.05000000074505806,
    "3_13": 0.06333333253860474,
    "3_14": 0.06333333253860474,
    "3_15": 0.06333333253860474,
    "3_16": 0.023333333432674408,
    "3_17": 0.0533333346247673,
    "3_18": 0.03666666895151138,
    "3_19": 0.046666666865348816,
    "3_20": 0.06000000238418579,
    "3_21": 0.03333333507180214,
    "3_22": 0.0533333346247673,
    "3_23": 0.030000001192092896,
    "3_24": 0.046666666865348816,
    "3_25": 0.03666666895151138,
    "3_26": 0.1899999976158142,
    "3_27": 0.15000000596046448,
    "3_28": 0.023333333432674408,
    "3_29": 0.023333333432674408,
    "3_30": 0.1666666716337204,
    "3_31": 0.023333333432674408,
    "3_32": 0.023333333432674408,
    "3_33": 0.1066666692495346
  },
  "shuffle_control": {
    "-2_17": 0.030000001192092896,
    "-1_17": 0.019999999552965164,
    "0_17": 0.02666666731238365,
    "1_17": 0.030000001192092896,
    "2_17": 0.019999999552965164,
    "3_17": 0.01666666753590107
  },
  "peak_acc_by_offset": {
    "-2": 0.9733333587646484,
    "-1": 0.8300000429153442,
    "0": 0.3100000023841858,
    "1": 0.17000000178813934,
    "2": 0.0833333358168602,
    "3": 0.1899999976158142
  },
  "delta_newline": 0.27000000327825546,
  "delta_newline_layer": 4
}