{
  "tag": "relaxlong_offpolicy_ckpt_025",
  "n_families": 83,
  "n_train": 600,
  "n_val": 300,
  "n_layers": 34,
  "offsets": [
    -2,
    -1,
    0,
    1,
    2,
    3
  ],
  "acc": {
    "-2_0": 0.7200000286102295,
    "-2_1": 0.6966666579246521,
    "-2_2": 0.7566666603088379,
    "-2_3": 0.6899999976158142,
    "-2_4": 0.6266666650772095,
    "-2_5": 0.6333333253860474,
    "-2_6": 0.643333375453949,
    "-2_7": 0.6399999856948853,
    "-2_8": 0.5699999928474426,
    "-2_9": 0.59333336353302,
    "-2_10": 0.6000000238418579,
    "-2_11": 0.5666666626930237,
    "-2_12": 0.5533333420753479,
    "-2_13": 0.5766666531562805,
    "-2_14": 0.5066666603088379,
    "-2_15": 0.6533333659172058,
    "-2_16": 0.6733333468437195,
    "-2_17": 0.6833333373069763,
    "-2_18": 0.7400000095367432,
    "-2_19": 0.8100000023841858,
    "-2_20": 0.8166666626930237,
    "-2_21": 0.8400000333786011,
    "-2_22": 0.8366667032241821,
    "-2_23": 0.8333333730697632,
    "-2_24": 0.84333336353302,
    "-2_25": 0.84333336353302,
    "-2_26": 0.8500000238418579,
    "-2_27": 0.013333333656191826,
    "-2_28": 0.013333333656191826,
    "-2_29": 0.013333333656191826,
    "-2_30": 0.013333333656191826,
    "-2_31": 0.013333333656191826,
    "-2_32": 0.013333333656191826,
    "-2_33": 0.8133333325386047,
    "-1_0": 0.03666666895151138,
    "-1_1": 0.05666666850447655,
    "-1_2": 0.3166666626930237,
    "-1_3": 0.4866666793823242,
    "-1_4": 0.48000001907348633,
    "-1_5": 0.3700000047683716,
    "-1_6": 0.2900000214576721,
    "-1_7": 0.23333333432674408,
    "-1_8": 0.20000000298023224,
    "-1_9": 0.18333333730697632,
    "-1_10": 0.1899999976158142,
    "-1_11": 0.16333334147930145,
    "-1_12": 0.1366666704416275,
    "-1_13": 0.1899999976158142,
    "-1_14": 0.15000000596046448,
    "-1_15": 0.1899999976158142,
    "-1_16": 0.14666667580604553,
    "-1_17": 0.15333333611488342,
    "-1_18": 0.28333333134651184,
    "-1_19": 0.33666667342185974,
    "-1_20": 0.32333335280418396,
    "-1_21": 0.4633333384990692,
    "-1_22": 0.6333333253860474,
    "-1_23": 0.6100000143051147,
    "-1_24": 0.7400000095367432,
    "-1_25": 0.7300000190734863,
    "-1_26": 0.753333330154419,
    "-1_27": 0.7733333706855774,
    "-1_28": 0.013333333656191826,
    "-1_29": 0.013333333656191826,
    "-1_30": 0.013333333656191826,
    "-1_31": 0.013333333656191826,
    "-1_32": 0.013333333656191826,
    "-1_33": 0.7933333516120911,
    "0_0": 0.023333333432674408,
    "0_1": 0.030000001192092896,
    "0_2": 0.09333333373069763,
    "0_3": 0.05666666850447655,
    "0_4": 0.17666667699813843,
    "0_5": 0.1300000101327896,
    "0_6": 0.07333333790302277,
    "0_7": 0.04333333298563957,
    "0_8": 0.04333333298563957,
    "0_9": 0.03666666895151138,
    "0_10": 0.0533333346247673,
    "0_11": 0.05666666850447655,
    "0_12": 0.03666666895151138,
    "0_13": 0.0533333346247673,
    "0_14": 0.0533333346247673,
    "0_15": 0.07999999821186066,
    "0_16": 0.0533333346247673,
    "0_17": 0.04333333298563957,
    "0_18": 0.2566666603088379,
    "0_19": 0.3333333432674408,
    "0_20": 0.46000000834465027,
    "0_21": 0.4633333384990692,
    "0_22": 0.5300000309944153,
    "0_23": 0.5099999904632568,
    "0_24": 0.6233333349227905,
    "0_25": 0.6566666960716248,
    "0_26": 0.7599999904632568,
    "0_27": 0.8133333325386047,
    "0_28": 0.013333333656191826,
    "0_29": 0.013333333656191826,
    "0_30": 0.013333333656191826,
    "0_31": 0.013333333656191826,
    "0_32": 0.013333333656191826,
    "0_33": 0.7633333802223206,
    "1_0": 0.04333333298563957,
    "1_1": 0.03333333507180214,
    "1_2": 0.0833333358168602,
    "1_3": 0.1066666692495346,
    "1_4": 0.08666666597127914,
    "1_5": 0.06000000238418579,
    "1_6": 0.10333333909511566,
    "1_7": 0.07666666805744171,
    "1_8": 0.07999999821186066,
    "1_9": 0.0833333358168602,
    "1_10": 0.07333333790302277,
    "1_11": 0.09000000357627869,
    "1_12": 0.07999999821186066,
    "1_13": 0.10000000149011612,
    "1_14": 0.1066666692495346,
    "1_15": 0.10999999940395355,
    "1_16": 0.1066666692495346,
    "1_17": 0.10000000149011612,
    "1_18": 0.16333334147930145,
    "1_19": 0.23000000417232513,
    "1_20": 0.2433333396911621,
    "1_21": 0.3166666626930237,
    "1_22": 0.2900000214576721,
    "1_23": 0.2900000214576721,
    "1_24": 0.42000001668930054,
    "1_25": 0.5133333206176758,
    "1_26": 0.7166666984558105,
    "1_27": 0.013333333656191826,
    "1_28": 0.013333333656191826,
    "1_29": 0.013333333656191826,
    "1_30": 0.013333333656191826,
    "1_31": 0.013333333656191826,
    "1_32": 0.013333333656191826,
    "1_33": 0.7066667079925537,
    "2_0": 0.07000000029802322,
    "2_1": 0.06000000238418579,
    "2_2": 0.07000000029802322,
    "2_3": 0.09000000357627869,
    "2_4": 0.1066666692495346,
    "2_5": 0.07000000029802322,
    "2_6": 0.10000000149011612,
    "2_7": 0.07333333790302277,
    "2_8": 0.08666666597127914,
    "2_9": 0.07000000029802322,
    "2_10": 0.1066666692495346,
    "2_11": 0.09000000357627869,
    "2_12": 0.09333333373069763,
    "2_13": 0.07999999821186066,
    "2_14": 0.09333333373069763,
    "2_15": 0.09666667133569717,
    "2_16": 0.10999999940395355,
    "2_17": 0.11666666716337204,
    "2_18": 0.09666667133569717,
    "2_19": 0.1666666716337204,
    "2_20": 0.21000000834465027,
    "2_21": 0.23666667938232422,
    "2_22": 0.18666666746139526,
    "2_23": 0.1733333319425583,
    "2_24": 0.2900000214576721,
    "2_25": 0.35333335399627686,
    "2_26": 0.6666666865348816,
    "2_27": 0.013333333656191826,
    "2_28": 0.013333333656191826,
    "2_29": 0.013333333656191826,
    "2_30": 0.013333333656191826,
    "2_31": 0.013333333656191826,
    "2_32": 0.013333333656191826,
    "2_33": 0.6366666555404663,
    "3_0": 0.05666666850447655,
    "3_1": 0.06000000238418579,
    "3_2": 0.06666667014360428,
    "3_3": 0.10000000149011612,
    "3_4": 0.07666666805744171,
    "3_5": 0.07666666805744171,
    "3_6": 0.10000000149011612,
    "3_7": 0.07999999821186066,
    "3_8": 0.1066666692495346,
    "3_9": 0.10000000149011612,
    "3_10": 0.10000000149011612,
    "3_11": 0.09333333373069763,
    "3_12": 0.1133333370089531,
    "3_13": 0.12333333492279053,
    "3_14": 0.10333333909511566,
    "3_15": 0.11666666716337204,
    "3_16": 0.10333333909511566,
    "3_17": 0.09666667133569717,
    "3_18": 0.09666667133569717,
    "3_19": 0.17666667699813843,
    "3_20": 0.1433333307504654,
    "3_21": 0.17000000178813934,
    "3_22": 0.16333334147930145,
    "3_23": 0.15666666626930237,
    "3_24": 0.2566666603088379,
    "3_25": 0.4466666877269745,
    "3_26": 0.013333333656191826,
    "3_27": 0.013333333656191826,
    "3_28": 0.013333333656191826,
    "3_29": 0.013333333656191826,
    "3_30": 0.013333333656191826,
    "3_31": 0.013333333656191826,
    "3_32": 0.013333333656191826,
    "3_33": 0.6833333373069763
  },
  "shuffle_control": {
    "-2_17": 0.013333333656191826,
    "-1_17": 0.013333333656191826,
    "0_17": 0.03666666895151138,
    "1_17": 0.009999999776482582,
    "2_17": 0.023333333432674408,
    "3_17": 0.013333333656191826
  },
  "peak_acc_by_offset": {
    "-2": 0.8500000238418579,
    "-1": 0.7933333516120911,
    "0": 0.8133333325386047,
    "1": 0.7166666984558105,
    "2": 0.6666666865348816,
    "3": 0.6833333373069763
  },
  "delta_newline": 0.7999999988824129,
  "delta_newline_layer": 27
}