{
  "tag": "relaxlong_moresft_ckpt_025",
  "n_families": 50,
  "n_train": 600,
  "n_val": 299,
  "n_layers": 34,
  "offsets": [
    -2,
    -1,
    0,
    1,
    2,
    3
  ],
  "acc": {
    "-2_0": 0.8428093791007996,
    "-2_1": 0.8193979859352112,
    "-2_2": 0.8127090334892273,
    "-2_3": 0.7892976403236389,
    "-2_4": 0.7157190442085266,
    "-2_5": 0.6722407937049866,
    "-2_6": 0.695652186870575,
    "-2_7": 0.7792642116546631,
    "-2_8": 0.695652186870575,
    "-2_9": 0.6555184125900269,
    "-2_10": 0.6856186985969543,
    "-2_11": 0.6856186985969543,
    "-2_12": 0.7023411393165588,
    "-2_13": 0.6187291145324707,
    "-2_14": 0.5819398164749146,
    "-2_15": 0.6421404480934143,
    "-2_16": 0.6220735907554626,
    "-2_17": 0.6722407937049866,
    "-2_18": 0.785953164100647,
    "-2_19": 0.8193979859352112,
    "-2_20": 0.832775890827179,
    "-2_21": 0.8996655344963074,
    "-2_22": 0.8996655344963074,
    "-2_23": 0.9230769276618958,
    "-2_24": 0.8963210582733154,
    "-2_25": 0.9364548325538635,
    "-2_26": 0.8963210582733154,
    "-2_27": 0.023411370813846588,
    "-2_28": 0.023411370813846588,
    "-2_29": 0.023411370813846588,
    "-2_30": 0.023411370813846588,
    "-2_31": 0.023411370813846588,
    "-2_32": 0.023411370813846588,
    "-2_33": 0.9030100107192993,
    "-1_0": 0.03678929805755615,
    "-1_1": 0.07692307978868484,
    "-1_2": 0.47491639852523804,
    "-1_3": 0.5317725539207458,
    "-1_4": 0.6086956262588501,
    "-1_5": 0.4715718924999237,
    "-1_6": 0.32107022404670715,
    "-1_7": 0.2508361041545868,
    "-1_8": 0.19732441008090973,
    "-1_9": 0.21404682099819183,
    "-1_10": 0.23411370813846588,
    "-1_11": 0.1638796031475067,
    "-1_12": 0.2040133774280548,
    "-1_13": 0.1471571922302246,
    "-1_14": 0.14381270110607147,
    "-1_15": 0.1705685555934906,
    "-1_16": 0.14381270110607147,
    "-1_17": 0.12374582141637802,
    "-1_18": 0.19397993385791779,
    "-1_19": 0.23745819926261902,
    "-1_20": 0.22408026456832886,
    "-1_21": 0.22073578834533691,
    "-1_22": 0.5384615063667297,
    "-1_23": 0.3110367953777313,
    "-1_24": 0.3678929805755615,
    "-1_25": 0.33110368251800537,
    "-1_26": 0.41137123107910156,
    "-1_27": 0.5083612203598022,
    "-1_28": 0.42809364199638367,
    "-1_29": 0.023411370813846588,
    "-1_30": 0.5451505184173584,
    "-1_31": 0.023411370813846588,
    "-1_32": 0.023411370813846588,
    "-1_33": 0.6555184125900269,
    "0_0": 0.020066889002919197,
    "0_1": 0.023411370813846588,
    "0_2": 0.23076923191547394,
    "0_3": 0.12040133774280548,
    "0_4": 0.3478260934352875,
    "0_5": 0.10033445060253143,
    "0_6": 0.10702341049909592,
    "0_7": 0.06688962876796722,
    "0_8": 0.023411370813846588,
    "0_9": 0.08026755601167679,
    "0_10": 0.10367892682552338,
    "0_11": 0.06020066887140274,
    "0_12": 0.040133778005838394,
    "0_13": 0.03344481438398361,
    "0_14": 0.06354515254497528,
    "0_15": 0.03010033443570137,
    "0_16": 0.046822741627693176,
    "0_17": 0.05016722530126572,
    "0_18": 0.05016722530126572,
    "0_19": 0.0568561851978302,
    "0_20": 0.040133778005838394,
    "0_21": 0.05016722530126572,
    "0_22": 0.05351170524954796,
    "0_23": 0.05351170524954796,
    "0_24": 0.06354515254497528,
    "0_25": 0.03010033443570137,
    "0_26": 0.03010033443570137,
    "0_27": 0.043478261679410934,
    "0_28": 0.023411370813846588,
    "0_29": 0.023411370813846588,
    "0_30": 0.023411370813846588,
    "0_31": 0.023411370813846588,
    "0_32": 0.023411370813846588,
    "0_33": 0.043478261679410934,
    "1_0": 0.020066889002919197,
    "1_1": 0.0,
    "1_2": 0.040133778005838394,
    "1_3": 0.05016722530126572,
    "1_4": 0.06020066887140274,
    "1_5": 0.05351170524954796,
    "1_6": 0.07023411244153976,
    "1_7": 0.06354515254497528,
    "1_8": 0.06688962876796722,
    "1_9": 0.07692307978868484,
    "1_10": 0.07023411244153976,
    "1_11": 0.046822741627693176,
    "1_12": 0.040133778005838394,
    "1_13": 0.0568561851978302,
    "1_14": 0.05016722530126572,
    "1_15": 0.040133778005838394,
    "1_16": 0.040133778005838394,
    "1_17": 0.05351170524954796,
    "1_18": 0.046822741627693176,
    "1_19": 0.03344481438398361,
    "1_20": 0.03010033443570137,
    "1_21": 0.01337792631238699,
    "1_22": 0.03678929805755615,
    "1_23": 0.043478261679410934,
    "1_24": 0.040133778005838394,
    "1_25": 0.040133778005838394,
    "1_26": 0.043478261679410934,
    "1_27": 0.046822741627693176,
    "1_28": 0.023411370813846588,
    "1_29": 0.023411370813846588,
    "1_30": 0.023411370813846588,
    "1_31": 0.023411370813846588,
    "1_32": 0.023411370813846588,
    "1_33": 0.1137123703956604,
    "2_0": 0.023411370813846588,
    "2_1": 0.01337792631238699,
    "2_2": 0.03010033443570137,
    "2_3": 0.06354515254497528,
    "2_4": 0.023411370813846588,
    "2_5": 0.040133778005838394,
    "2_6": 0.03344481438398361,
    "2_7": 0.02675585262477398,
    "2_8": 0.07692307978868484,
    "2_9": 0.03010033443570137,
    "2_10": 0.05351170524954796,
    "2_11": 0.03678929805755615,
    "2_12": 0.06688962876796722,
    "2_13": 0.05016722530126572,
    "2_14": 0.05016722530126572,
    "2_15": 0.040133778005838394,
    "2_16": 0.046822741627693176,
    "2_17": 0.043478261679410934,
    "2_18": 0.02675585262477398,
    "2_19": 0.02675585262477398,
    "2_20": 0.020066889002919197,
    "2_21": 0.016722407191991806,
    "2_22": 0.016722407191991806,
    "2_23": 0.03010033443570137,
    "2_24": 0.016722407191991806,
    "2_25": 0.01337792631238699,
    "2_26": 0.023411370813846588,
    "2_27": 0.03678929805755615,
    "2_28": 0.023411370813846588,
    "2_29": 0.023411370813846588,
    "2_30": 0.023411370813846588,
    "2_31": 0.023411370813846588,
    "2_32": 0.023411370813846588,
    "2_33": 0.05351170524954796,
    "3_0": 0.020066889002919197,
    "3_1": 0.03010033443570137,
    "3_2": 0.02675585262477398,
    "3_3": 0.020066889002919197,
    "3_4": 0.020066889002919197,
    "3_5": 0.020066889002919197,
    "3_6": 0.0568561851978302,
    "3_7": 0.023411370813846588,
    "3_8": 0.040133778005838394,
    "3_9": 0.06354515254497528,
    "3_10": 0.046822741627693176,
    "3_11": 0.046822741627693176,
    "3_12": 0.05351170524954796,
    "3_13": 0.040133778005838394,
    "3_14": 0.040133778005838394,
    "3_15": 0.03010033443570137,
    "3_16": 0.040133778005838394,
    "3_17": 0.023411370813846588,
    "3_18": 0.05016722530126572,
    "3_19": 0.03344481438398361,
    "3_20": 0.03010033443570137,
    "3_21": 0.023411370813846588,
    "3_22": 0.02675585262477398,
    "3_23": 0.01337792631238699,
    "3_24": 0.03010033443570137,
    "3_25": 0.02675585262477398,
    "3_26": 0.07692307978868484,
    "3_27": 0.0568561851978302,
    "3_28": 0.023411370813846588,
    "3_29": 0.023411370813846588,
    "3_30": 0.023411370813846588,
    "3_31": 0.023411370813846588,
    "3_32": 0.023411370813846588,
    "3_33": 0.10702341049909592
  },
  "shuffle_control": {
    "-2_17": 0.020066889002919197,
    "-1_17": 0.020066889002919197,
    "0_17": 0.02675585262477398,
    "1_17": 0.023411370813846588,
    "2_17": 0.01337792631238699,
    "3_17": 0.01337792631238699
  },
  "peak_acc_by_offset": {
    "-2": 0.9364548325538635,
    "-1": 0.6555184125900269,
    "0": 0.3478260934352875,
    "1": 0.1137123703956604,
    "2": 0.07692307978868484,
    "3": 0.10702341049909592
  },
  "delta_newline": 0.28762542456388474,
  "delta_newline_layer": 4
}