{
  "tag": "sd12bv2_seed0",
  "n_families": 109,
  "n_train": 998,
  "n_val": 500,
  "n_layers": 48,
  "offsets": [
    -2,
    -1,
    0,
    1,
    2,
    3
  ],
  "acc": {
    "-2_0": 0.7380000352859497,
    "-2_1": 0.7460000514984131,
    "-2_2": 0.7540000081062317,
    "-2_3": 0.7660000324249268,
    "-2_4": 0.734000027179718,
    "-2_5": 0.7280000448226929,
    "-2_6": 0.7020000219345093,
    "-2_7": 0.6980000138282776,
    "-2_8": 0.656000018119812,
    "-2_9": 0.6680000424385071,
    "-2_10": 0.6600000262260437,
    "-2_11": 0.628000020980835,
    "-2_12": 0.6480000019073486,
    "-2_13": 0.6380000114440918,
    "-2_14": 0.6600000262260437,
    "-2_15": 0.6580000519752502,
    "-2_16": 0.6720000505447388,
    "-2_17": 0.6700000166893005,
    "-2_18": 0.6540000438690186,
    "-2_19": 0.6740000247955322,
    "-2_20": 0.6460000276565552,
    "-2_21": 0.6820000410079956,
    "-2_22": 0.5940000414848328,
    "-2_23": 0.5840000510215759,
    "-2_24": 0.014000000432133675,
    "-2_25": 0.014000000432133675,
    "-2_26": 0.014000000432133675,
    "-2_27": 0.014000000432133675,
    "-2_28": 0.014000000432133675,
    "-2_29": 0.014000000432133675,
    "-2_30": 0.014000000432133675,
    "-2_31": 0.014000000432133675,
    "-2_32": 0.014000000432133675,
    "-2_33": 0.014000000432133675,
    "-2_34": 0.014000000432133675,
    "-2_35": 0.014000000432133675,
    "-2_36": 0.014000000432133675,
    "-2_37": 0.014000000432133675,
    "-2_38": 0.014000000432133675,
    "-2_39": 0.014000000432133675,
    "-2_40": 0.014000000432133675,
    "-2_41": 0.014000000432133675,
    "-2_42": 0.014000000432133675,
    "-2_43": 0.014000000432133675,
    "-2_44": 0.014000000432133675,
    "-2_45": 0.014000000432133675,
    "-2_46": 0.014000000432133675,
    "-2_47": 0.7540000081062317,
    "-1_0": 0.012000000104308128,
    "-1_1": 0.0560000017285347,
    "-1_2": 0.3580000102519989,
    "-1_3": 0.5940000414848328,
    "-1_4": 0.5220000147819519,
    "-1_5": 0.4180000126361847,
    "-1_6": 0.5460000038146973,
    "-1_7": 0.5320000052452087,
    "-1_8": 0.4400000274181366,
    "-1_9": 0.41600000858306885,
    "-1_10": 0.40800002217292786,
    "-1_11": 0.38200002908706665,
    "-1_12": 0.3140000104904175,
    "-1_13": 0.27000001072883606,
    "-1_14": 0.28600001335144043,
    "-1_15": 0.2460000067949295,
    "-1_16": 0.4580000340938568,
    "-1_17": 0.320000022649765,
    "-1_18": 0.2580000162124634,
    "-1_19": 0.27000001072883606,
    "-1_20": 0.29200002551078796,
    "-1_21": 0.242000013589859,
    "-1_22": 0.24000000953674316,
    "-1_23": 0.18400001525878906,
    "-1_24": 0.014000000432133675,
    "-1_25": 0.014000000432133675,
    "-1_26": 0.014000000432133675,
    "-1_27": 0.19600000977516174,
    "-1_28": 0.014000000432133675,
    "-1_29": 0.5320000052452087,
    "-1_30": 0.3720000088214874,
    "-1_31": 0.4280000329017639,
    "-1_32": 0.5020000338554382,
    "-1_33": 0.39000001549720764,
    "-1_34": 0.014000000432133675,
    "-1_35": 0.014000000432133675,
    "-1_36": 0.014000000432133675,
    "-1_37": 0.014000000432133675,
    "-1_38": 0.014000000432133675,
    "-1_39": 0.014000000432133675,
    "-1_40": 0.014000000432133675,
    "-1_41": 0.014000000432133675,
    "-1_42": 0.014000000432133675,
    "-1_43": 0.014000000432133675,
    "-1_44": 0.014000000432133675,
    "-1_45": 0.014000000432133675,
    "-1_46": 0.014000000432133675,
    "-1_47": 0.35200002789497375,
    "0_0": 0.0,
    "0_1": 0.02200000174343586,
    "0_2": 0.02200000174343586,
    "0_3": 0.030000001192092896,
    "0_4": 0.06200000271201134,
    "0_5": 0.04000000283122063,
    "0_6": 0.04200000315904617,
    "0_7": 0.02800000086426735,
    "0_8": 0.09800000488758087,
    "0_9": 0.09600000083446503,
    "0_10": 0.09800000488758087,
    "0_11": 0.03400000184774399,
    "0_12": 0.08000000566244125,
    "0_13": 0.04400000348687172,
    "0_14": 0.020000001415610313,
    "0_15": 0.030000001192092896,
    "0_16": 0.4240000247955322,
    "0_17": 0.21400001645088196,
    "0_18": 0.13600000739097595,
    "0_19": 0.06200000271201134,
    "0_20": 0.0860000029206276,
    "0_21": 0.09400000423192978,
    "0_22": 0.12200000882148743,
    "0_23": 0.04200000315904617,
    "0_24": 0.014000000432133675,
    "0_25": 0.014000000432133675,
    "0_26": 0.014000000432133675,
    "0_27": 0.014000000432133675,
    "0_28": 0.014000000432133675,
    "0_29": 0.014000000432133675,
    "0_30": 0.014000000432133675,
    "0_31": 0.014000000432133675,
    "0_32": 0.014000000432133675,
    "0_33": 0.014000000432133675,
    "0_34": 0.014000000432133675,
    "0_35": 0.014000000432133675,
    "0_36": 0.014000000432133675,
    "0_37": 0.014000000432133675,
    "0_38": 0.014000000432133675,
    "0_39": 0.014000000432133675,
    "0_40": 0.014000000432133675,
    "0_41": 0.014000000432133675,
    "0_42": 0.014000000432133675,
    "0_43": 0.014000000432133675,
    "0_44": 0.014000000432133675,
    "0_45": 0.014000000432133675,
    "0_46": 0.014000000432133675,
    "0_47": 0.09600000083446503,
    "1_0": 0.02800000086426735,
    "1_1": 0.012000000104308128,
    "1_2": 0.004000000189989805,
    "1_3": 0.0560000017285347,
    "1_4": 0.07200000435113907,
    "1_5": 0.05400000140070915,
    "1_6": 0.10000000149011612,
    "1_7": 0.06800000369548798,
    "1_8": 0.07000000029802322,
    "1_9": 0.07600000500679016,
    "1_10": 0.1380000114440918,
    "1_11": 0.0860000029206276,
    "1_12": 0.11000000685453415,
    "1_13": 0.07600000500679016,
    "1_14": 0.07200000435113907,
    "1_15": 0.06200000271201134,
    "1_16": 0.0560000017285347,
    "1_17": 0.058000002056360245,
    "1_18": 0.052000001072883606,
    "1_19": 0.03800000250339508,
    "1_20": 0.06400000303983688,
    "1_21": 0.02800000086426735,
    "1_22": 0.036000002175569534,
    "1_23": 0.02800000086426735,
    "1_24": 0.014000000432133675,
    "1_25": 0.014000000432133675,
    "1_26": 0.014000000432133675,
    "1_27": 0.014000000432133675,
    "1_28": 0.014000000432133675,
    "1_29": 0.014000000432133675,
    "1_30": 0.014000000432133675,
    "1_31": 0.014000000432133675,
    "1_32": 0.014000000432133675,
    "1_33": 0.014000000432133675,
    "1_34": 0.014000000432133675,
    "1_35": 0.014000000432133675,
    "1_36": 0.014000000432133675,
    "1_37": 0.014000000432133675,
    "1_38": 0.014000000432133675,
    "1_39": 0.014000000432133675,
    "1_40": 0.014000000432133675,
    "1_41": 0.014000000432133675,
    "1_42": 0.014000000432133675,
    "1_43": 0.014000000432133675,
    "1_44": 0.014000000432133675,
    "1_45": 0.014000000432133675,
    "1_46": 0.014000000432133675,
    "1_47": 0.04000000283122063,
    "2_0": 0.030000001192092896,
    "2_1": 0.04200000315904617,
    "2_2": 0.03400000184774399,
    "2_3": 0.052000001072883606,
    "2_4": 0.05400000140070915,
    "2_5": 0.04400000348687172,
    "2_6": 0.04800000041723251,
    "2_7": 0.04800000041723251,
    "2_8": 0.04400000348687172,
    "2_9": 0.0560000017285347,
    "2_10": 0.07400000095367432,
    "2_11": 0.07600000500679016,
    "2_12": 0.07200000435113907,
    "2_13": 0.07200000435113907,
    "2_14": 0.06400000303983688,
    "2_15": 0.07400000095367432,
    "2_16": 0.07600000500679016,
    "2_17": 0.06000000238418579,
    "2_18": 0.06800000369548798,
    "2_19": 0.052000001072883606,
    "2_20": 0.06200000271201134,
    "2_21": 0.06400000303983688,
    "2_22": 0.052000001072883606,
    "2_23": 0.06800000369548798,
    "2_24": 0.014000000432133675,
    "2_25": 0.014000000432133675,
    "2_26": 0.014000000432133675,
    "2_27": 0.014000000432133675,
    "2_28": 0.014000000432133675,
    "2_29": 0.014000000432133675,
    "2_30": 0.014000000432133675,
    "2_31": 0.014000000432133675,
    "2_32": 0.014000000432133675,
    "2_33": 0.014000000432133675,
    "2_34": 0.014000000432133675,
    "2_35": 0.014000000432133675,
    "2_36": 0.014000000432133675,
    "2_37": 0.014000000432133675,
    "2_38": 0.014000000432133675,
    "2_39": 0.014000000432133675,
    "2_40": 0.014000000432133675,
    "2_41": 0.014000000432133675,