{
  "tag": "sd12bv2_seed1",
  "n_families": 89,
  "n_train": 1000,
  "n_val": 498,
  "n_layers": 48,
  "offsets": [
    -2,
    -1,
    0,
    1,
    2,
    3
  ],
  "acc": {
    "-2_0": 0.7710843086242676,
    "-2_1": 0.7670682668685913,
    "-2_2": 0.7530120015144348,
    "-2_3": 0.7791164517402649,
    "-2_4": 0.7530120015144348,
    "-2_5": 0.7489959597587585,
    "-2_6": 0.7128514051437378,
    "-2_7": 0.6987951397895813,
    "-2_8": 0.7289156317710876,
    "-2_9": 0.7008031606674194,
    "-2_10": 0.6967871189117432,
    "-2_11": 0.6787148118019104,
    "-2_12": 0.650602400302887,
    "-2_13": 0.6244979500770569,
    "-2_14": 0.6746987700462341,
    "-2_15": 0.7028112411499023,
    "-2_16": 0.7068272829055786,
    "-2_17": 0.6666666269302368,
    "-2_18": 0.7048192620277405,
    "-2_19": 0.672690749168396,
    "-2_20": 0.6465862989425659,
    "-2_21": 0.6445782780647278,
    "-2_22": 0.668674647808075,
    "-2_23": 0.5763052105903625,
    "-2_24": 0.0200803205370903,
    "-2_25": 0.0200803205370903,
    "-2_26": 0.0200803205370903,
    "-2_27": 0.0200803205370903,
    "-2_28": 0.0200803205370903,
    "-2_29": 0.0200803205370903,
    "-2_30": 0.0200803205370903,
    "-2_31": 0.0200803205370903,
    "-2_32": 0.0200803205370903,
    "-2_33": 0.0200803205370903,
    "-2_34": 0.0200803205370903,
    "-2_35": 0.0200803205370903,
    "-2_36": 0.0200803205370903,
    "-2_37": 0.0200803205370903,
    "-2_38": 0.0200803205370903,
    "-2_39": 0.0200803205370903,
    "-2_40": 0.0200803205370903,
    "-2_41": 0.0200803205370903,
    "-2_42": 0.0200803205370903,
    "-2_43": 0.0200803205370903,
    "-2_44": 0.0200803205370903,
    "-2_45": 0.0200803205370903,
    "-2_46": 0.0200803205370903,
    "-2_47": 0.7991967797279358,
    "-1_0": 0.01606425642967224,
    "-1_1": 0.048192769289016724,
    "-1_2": 0.4738955497741699,
    "-1_3": 0.5261043906211853,
    "-1_4": 0.518072247505188,
    "-1_5": 0.4116465747356415,
    "-1_6": 0.5783132314682007,
    "-1_7": 0.5341365337371826,
    "-1_8": 0.49598392844200134,
    "-1_9": 0.4136545956134796,
    "-1_10": 0.43574294447898865,
    "-1_11": 0.3473895490169525,
    "-1_12": 0.3273092210292816,
    "-1_13": 0.27108433842658997,
    "-1_14": 0.2650602459907532,
    "-1_15": 0.2550200819969177,
    "-1_16": 0.4598393440246582,
    "-1_17": 0.3273092210292816,
    "-1_18": 0.2911646366119385,
    "-1_19": 0.26305219531059265,
    "-1_20": 0.27108433842658997,
    "-1_21": 0.2670682668685913,
    "-1_22": 0.20883533358573914,
    "-1_23": 0.12851405143737793,
    "-1_24": 0.0200803205370903,
    "-1_25": 0.0200803205370903,
    "-1_26": 0.0200803205370903,
    "-1_27": 0.0200803205370903,
    "-1_28": 0.0200803205370903,
    "-1_29": 0.0200803205370903,
    "-1_30": 0.3875501751899719,
    "-1_31": 0.3935742974281311,
    "-1_32": 0.39558231830596924,
    "-1_33": 0.3935742974281311,
    "-1_34": 0.0200803205370903,
    "-1_35": 0.0200803205370903,
    "-1_36": 0.0200803205370903,
    "-1_37": 0.0200803205370903,
    "-1_38": 0.0200803205370903,
    "-1_39": 0.0200803205370903,
    "-1_40": 0.0200803205370903,
    "-1_41": 0.0200803205370903,
    "-1_42": 0.0200803205370903,
    "-1_43": 0.0200803205370903,
    "-1_44": 0.0200803205370903,
    "-1_45": 0.0200803205370903,
    "-1_46": 0.0200803205370903,
    "-1_47": 0.4257028102874756,
    "0_0": 0.014056224375963211,
    "0_1": 0.01807228848338127,
    "0_2": 0.03815260902047157,
    "0_3": 0.058232929557561874,
    "0_4": 0.052208833396434784,
    "0_5": 0.052208833396434784,
    "0_6": 0.046184737235307693,
    "0_7": 0.048192769289016724,
    "0_8": 0.06425702571868896,
    "0_9": 0.03413654491305351,
    "0_10": 0.06827308982610703,
    "0_11": 0.054216865450143814,
    "0_12": 0.046184737235307693,
    "0_13": 0.054216865450143814,
    "0_14": 0.050200801342725754,
    "0_15": 0.03212851285934448,
    "0_16": 0.3915662467479706,
    "0_17": 0.1867469847202301,
    "0_18": 0.09036144614219666,
    "0_19": 0.10441766679286957,
    "0_20": 0.13453814387321472,
    "0_21": 0.062248993664979935,
    "0_22": 0.04216867312788963,
    "0_23": 0.06425702571868896,
    "0_24": 0.0200803205370903,
    "0_25": 0.0200803205370903,
    "0_26": 0.0200803205370903,
    "0_27": 0.0200803205370903,
    "0_28": 0.0200803205370903,
    "0_29": 0.0200803205370903,
    "0_30": 0.0200803205370903,
    "0_31": 0.0200803205370903,
    "0_32": 0.0200803205370903,
    "0_33": 0.0200803205370903,
    "0_34": 0.0200803205370903,
    "0_35": 0.0200803205370903,
    "0_36": 0.0200803205370903,
    "0_37": 0.0200803205370903,
    "0_38": 0.0200803205370903,
    "0_39": 0.0200803205370903,
    "0_40": 0.0200803205370903,
    "0_41": 0.0200803205370903,
    "0_42": 0.0200803205370903,
    "0_43": 0.0200803205370903,
    "0_44": 0.0200803205370903,
    "0_45": 0.0200803205370903,
    "0_46": 0.0200803205370903,
    "0_47": 0.07429718971252441,
    "1_0": 0.0,
    "1_1": 0.0200803205370903,
    "1_2": 0.04417670518159866,
    "1_3": 0.07831324636936188,
    "1_4": 0.06827308982610703,
    "1_5": 0.06827308982610703,
    "1_6": 0.052208833396434784,
    "1_7": 0.0803212821483612,
    "1_8": 0.13052208721637726,
    "1_9": 0.08835341036319733,
    "1_10": 0.12449798732995987,
    "1_11": 0.09036144614219666,
    "1_12": 0.11445783078670502,
    "1_13": 0.086345374584198,
    "1_14": 0.03815260902047157,
    "1_15": 0.062248993664979935,
    "1_16": 0.08232931792736053,
    "1_17": 0.07228915393352509,
    "1_18": 0.048192769289016724,
    "1_19": 0.050200801342725754,
    "1_20": 0.0401606410741806,
    "1_21": 0.054216865450143814,
    "1_22": 0.056224897503852844,
    "1_23": 0.04216867312788963,
    "1_24": 0.028112448751926422,
    "1_25": 0.0200803205370903,
    "1_26": 0.0200803205370903,
    "1_27": 0.0200803205370903,
    "1_28": 0.0200803205370903,
    "1_29": 0.0200803205370903,
    "1_30": 0.0200803205370903,
    "1_31": 0.0200803205370903,
    "1_32": 0.0200803205370903,
    "1_33": 0.0200803205370903,
    "1_34": 0.0200803205370903,
    "1_35": 0.0200803205370903,
    "1_36": 0.0200803205370903,
    "1_37": 0.0200803205370903,
    "1_38": 0.0200803205370903,
    "1_39": 0.0200803205370903,
    "1_40": 0.0200803205370903,
    "1_41": 0.0200803205370903,
    "1_42": 0.0200803205370903,
    "1_43": 0.0200803205370903,
    "1_44": 0.0200803205370903,
    "1_45": 0.0200803205370903,
    "1_46": 0.0200803205370903,
    "1_47": 0.030120480805635452,
    "2_0": 0.030120480805635452,
    "2_1": 0.014056224375963211,
    "2_2": 0.024096384644508362,
    "2_3": 0.024096384644508362,
    "2_4": 0.028112448751926422,
    "2_5": 0.02208835259079933,
    "2_6": 0.01807228848338127,
    "2_7": 0.0200803205370903,
    "2_8": 0.01807228848338127,
    "2_9": 0.03815260902047157,
    "2_10": 0.024096384644508362,
    "2_11": 0.03614457696676254,
    "2_12": 0.052208833396434784,
    "2_13": 0.050200801342725754,
    "2_14": 0.03413654491305351,
    "2_15": 0.052208833396434784,
    "2_16": 0.030120480805635452,
    "2_17": 0.08433734625577927,
    "2_18": 0.10040160268545151,
    "2_19": 0.058232929557561874,
    "2_20": 0.06425702571868896,
    "2_21": 0.046184737235307693,
    "2_22": 0.046184737235307693,
    "2_23": 0.028112448751926422,
    "2_24": 0.0401606410741806,
    "2_25": 0.0200803205370903,
    "2_26": 0.0200803205370903,
    "2_27": 0.0200803205370903,
    "2_28": 0.0200803205370903,
    "2_29": 0.0200803205370903,
    "2_30": 0.0200803205370903,
    "2_31": 0.0200803205370903,
    "2_32": 0.0200803205370903,
    "2_33": 0.0200803205370903,
    "2_34": 0.0200803205370903,
    "2_35": 0.0200803205370903,
    "2_36": 0.0200803205370903,
    "2_37": 0.0200803205370903,
    "2_38": 0.0200803205370903,
    "2_39": 0.0200803205370903,
    "2_40": 0.0200803205370903,
    "2_41": 0.0200803205370903,
    "2_42": 0.0200803205370903,
    "2_43": 0.0200803205370903,
    "2_44": 0.0200803205370903,
    "2_45": 0.0200803205370903,
    "2_46": 0.0200803205370903,
    "2_47": 0.07028111815452576,