{
  "tag": "teacher_sft_seed2_ckpt_100",
  "n_families": 137,
  "n_train": 1498,
  "n_val": 799,
  "n_layers": 34,
  "offsets": [
    -2,
    -1,
    0,
    1,
    2,
    3
  ],
  "acc": {
    "-2_0": 0.8335419297218323,
    "-2_1": 0.8210263252258301,
    "-2_2": 0.8210263252258301,
    "-2_3": 0.8247810006141663,
    "-2_4": 0.8197747468948364,
    "-2_5": 0.7909887433052063,
    "-2_6": 0.7734668254852295,
    "-2_7": 0.7534418106079102,
    "-2_8": 0.7809762358665466,
    "-2_9": 0.7859824895858765,
    "-2_10": 0.7972465753555298,
    "-2_11": 0.7772215604782104,
    "-2_12": 0.7909887433052063,
    "-2_13": 0.7559449672698975,
    "-2_14": 0.7534418106079102,
    "-2_15": 0.7634543180465698,
    "-2_16": 0.75844806432724,
    "-2_17": 0.7859824895858765,
    "-2_18": 0.8235294222831726,
    "-2_19": 0.8272840976715088,
    "-2_20": 0.8310388326644897,
    "-2_21": 0.8372966647148132,
    "-2_22": 0.8360450863838196,
    "-2_23": 0.8322903513908386,
    "-2_24": 0.8410513401031494,
    "-2_25": 0.021276596933603287,
    "-2_26": 0.021276596933603287,
    "-2_27": 0.021276596933603287,
    "-2_28": 0.021276596933603287,
    "-2_29": 0.021276596933603287,
    "-2_30": 0.021276596933603287,
    "-2_31": 0.021276596933603287,
    "-2_32": 0.021276596933603287,
    "-2_33": 0.8272840976715088,
    "-1_0": 0.05131414532661438,
    "-1_1": 0.05006257817149162,
    "-1_2": 0.5456821322441101,
    "-1_3": 0.5869837403297424,
    "-1_4": 0.6595745086669922,
    "-1_5": 0.47934919595718384,
    "-1_6": 0.4856070280075073,
    "-1_7": 0.39173969626426697,
    "-1_8": 0.39173969626426697,
    "-1_9": 0.34418022632598877,
    "-1_10": 0.39299124479293823,
    "-1_11": 0.3141426742076874,
    "-1_12": 0.28160199522972107,
    "-1_13": 0.3617021441459656,
    "-1_14": 0.3141426742076874,
    "-1_15": 0.32665833830833435,
    "-1_16": 0.2891114056110382,
    "-1_17": 0.26157698035240173,
    "-1_18": 0.4918648302555084,
    "-1_19": 0.38423028588294983,
    "-1_20": 0.49937424063682556,
    "-1_21": 0.5519399642944336,
    "-1_22": 0.7046307921409607,
    "-1_23": 0.6958698630332947,
    "-1_24": 0.7859824895858765,
    "-1_25": 0.7947434186935425,
    "-1_26": 0.7772215604782104,
    "-1_27": 0.021276596933603287,
    "-1_28": 0.021276596933603287,
    "-1_29": 0.021276596933603287,
    "-1_30": 0.021276596933603287,
    "-1_31": 0.021276596933603287,
    "-1_32": 0.021276596933603287,
    "-1_33": 0.8372966647148132,
    "0_0": 0.0,
    "0_1": 0.0,
    "0_2": 0.12390488386154175,
    "0_3": 0.060075096786022186,
    "0_4": 0.22277848422527313,
    "0_5": 0.10012515634298325,
    "0_6": 0.06633291393518448,
    "0_7": 0.027534417808055878,
    "0_8": 0.036295369267463684,
    "0_9": 0.04005006328225136,
    "0_10": 0.05256570875644684,
    "0_11": 0.03128911182284355,
    "0_12": 0.036295369267463684,
    "0_13": 0.041301626712083817,
    "0_14": 0.060075096786022186,
    "0_15": 0.03754693269729614,
    "0_16": 0.08135168999433517,
    "0_17": 0.07884856313467026,
    "0_18": 0.15269087255001068,
    "0_19": 0.2903629541397095,
    "0_20": 0.3554443120956421,
    "0_21": 0.5456821322441101,
    "0_22": 0.5569462180137634,
    "0_23": 0.5494368076324463,
    "0_24": 0.6583229303359985,
    "0_25": 0.7421777248382568,
    "0_26": 0.8260325789451599,
    "0_27": 0.021276596933603287,
    "0_28": 0.021276596933603287,
    "0_29": 0.021276596933603287,
    "0_30": 0.021276596933603287,
    "0_31": 0.021276596933603287,
    "0_32": 0.021276596933603287,
    "0_33": 0.8147684931755066,
    "1_0": 0.023779725655913353,
    "1_1": 0.060075096786022186,
    "1_2": 0.08510638773441315,
    "1_3": 0.11013767123222351,
    "1_4": 0.16645807027816772,
    "1_5": 0.12390488386154175,
    "1_6": 0.11264080554246902,
    "1_7": 0.08135168999433517,
    "1_8": 0.14267835021018982,
    "1_9": 0.15269087255001068,
    "1_10": 0.1727159023284912,
    "1_11": 0.13642053306102753,
    "1_12": 0.1464330404996872,
    "1_13": 0.18397997319698334,
    "1_14": 0.17521902918815613,
    "1_15": 0.19524405896663666,
    "1_16": 0.19774718582630157,
    "1_17": 0.1764705926179886,
    "1_18": 0.23153942823410034,
    "1_19": 0.34167709946632385,
    "1_20": 0.34793493151664734,
    "1_21": 0.4142678380012512,
    "1_22": 0.47934919595718384,
    "1_23": 0.4092615842819214,
    "1_24": 0.5456821322441101,
    "1_25": 0.5907384157180786,
    "1_26": 0.021276596933603287,
    "1_27": 0.021276596933603287,
    "1_28": 0.021276596933603287,
    "1_29": 0.021276596933603287,
    "1_30": 0.021276596933603287,
    "1_31": 0.021276596933603287,
    "1_32": 0.021276596933603287,
    "1_33": 0.7722153067588806,
    "2_0": 0.10262829065322876,
    "2_1": 0.10012515634298325,
    "2_2": 0.12390488386154175,
    "2_3": 0.13767209649085999,
    "2_4": 0.15644556283950806,
    "2_5": 0.14768460392951965,
    "2_6": 0.18397997319698334,
    "2_7": 0.18022528290748596,
    "2_8": 0.16896119713783264,
    "2_9": 0.16645807027816772,
    "2_10": 0.16645807027816772,
    "2_11": 0.15894868969917297,
    "2_12": 0.15269087255001068,
    "2_13": 0.15894868969917297,
    "2_14": 0.16770963370800018,
    "2_15": 0.19524405896663666,
    "2_16": 0.1877346783876419,
    "2_17": 0.18397997319698334,
    "2_18": 0.18272840976715088,
    "2_19": 0.23404255509376526,
    "2_20": 0.27659574151039124,
    "2_21": 0.284105122089386,
    "2_22": 0.3016270399093628,
    "2_23": 0.27909886837005615,
    "2_24": 0.41051316261291504,
    "2_25": 0.4480600953102112,
    "2_26": 0.021276596933603287,
    "2_27": 0.021276596933603287,
    "2_28": 0.021276596933603287,
    "2_29": 0.021276596933603287,
    "2_30": 0.021276596933603287,
    "2_31": 0.021276596933603287,
    "2_32": 0.021276596933603287,
    "2_33": 0.7121402025222778,
    "3_0": 0.07884856313467026,
    "3_1": 0.10638298094272614,
    "3_2": 0.11389236897230148,
    "3_3": 0.10888610780239105,
    "3_4": 0.1076345443725586,
    "3_5": 0.12640801072120667,
    "3_6": 0.14518147706985474,
    "3_7": 0.15018773078918457,
    "3_8": 0.14267835021018982,
    "3_9": 0.14392991364002228,
    "3_10": 0.1551939994096756,
    "3_11": 0.14267835021018982,
    "3_12": 0.13516896963119507,
    "3_13": 0.13516896963119507,
    "3_14": 0.1464330404996872,
    "3_15": 0.15018773078918457,
    "3_16": 0.15894868969917297,
    "3_17": 0.14392991364002228,
    "3_18": 0.1401752233505249,
    "3_19": 0.21026283502578735,
    "3_20": 0.24530664086341858,
    "3_21": 0.24655820429325104,
    "3_22": 0.24655820429325104,
    "3_23": 0.23404255509376526,
    "3_24": 0.37922403216362,
    "3_25": 0.5994994044303894,
    "3_26": 0.021276596933603287,
    "3_27": 0.021276596933603287,
    "3_28": 0.021276596933603287,
    "3_29": 0.021276596933603287,
    "3_30": 0.021276596933603287,
    "3_31": 0.021276596933603287,
    "3_32": 0.021276596933603287,
    "3_33": 0.7434293031692505
  },
  "shuffle_control": {
    "-2_17": 0.022528160363435745,
    "-1_17": 0.021276596933603287,
    "0_17": 0.023779725655913353,
    "1_17": 0.03128911182284355,
    "2_17": 0.016270337626338005,
    "3_17": 0.022528160363435745
  },
  "peak_acc_by_offset": {
    "-2": 0.8410513401031494,
    "-1": 0.8372966647148132,
    "0": 0.8260325789451599,
    "1": 0.7722153067588806,
    "2": 0.7121402025222778,
    "3": 0.7434293031692505
  },
  "delta_newline": 0.8047559820115566,
  "delta_newline_layer": 26
}