{
  "tag": "teacher_kd_seed0_ckpt_100",
  "n_families": 117,
  "n_train": 1495,
  "n_val": 798,
  "n_layers": 34,
  "offsets": [
    -2,
    -1,
    0,
    1,
    2,
    3
  ],
  "acc": {
    "-2_0": 0.8383458852767944,
    "-2_1": 0.8270676732063293,
    "-2_2": 0.8258145451545715,
    "-2_3": 0.829573929309845,
    "-2_4": 0.8145363330841064,
    "-2_5": 0.8182957172393799,
    "-2_6": 0.8070175647735596,
    "-2_7": 0.7969924807548523,
    "-2_8": 0.7932330965995789,
    "-2_9": 0.780701756477356,
    "-2_10": 0.7982456088066101,
    "-2_11": 0.7769423723220825,
    "-2_12": 0.7994987368583679,
    "-2_13": 0.7719298005104065,
    "-2_14": 0.7669172883033752,
    "-2_15": 0.7907268404960632,
    "-2_16": 0.8070175647735596,
    "-2_17": 0.7969924807548523,
    "-2_18": 0.8333333134651184,
    "-2_19": 0.8558897376060486,
    "-2_20": 0.8421052694320679,
    "-2_21": 0.8646616339683533,
    "-2_22": 0.8483709096908569,
    "-2_23": 0.8446115255355835,
    "-2_24": 0.8483709096908569,
    "-2_25": 0.016290726140141487,
    "-2_26": 0.016290726140141487,
    "-2_27": 0.016290726140141487,
    "-2_28": 0.016290726140141487,
    "-2_29": 0.016290726140141487,
    "-2_30": 0.016290726140141487,
    "-2_31": 0.016290726140141487,
    "-2_32": 0.016290726140141487,
    "-2_33": 0.8634085059165955,
    "-1_0": 0.04636591300368309,
    "-1_1": 0.11027568578720093,
    "-1_2": 0.4849624037742615,
    "-1_3": 0.5989974737167358,
    "-1_4": 0.6917293071746826,
    "-1_5": 0.4849624037742615,
    "-1_6": 0.4874686598777771,
    "-1_7": 0.33834585547447205,
    "-1_8": 0.3909774422645569,
    "-1_9": 0.40852129459381104,
    "-1_10": 0.4072681665420532,
    "-1_11": 0.31829574704170227,
    "-1_12": 0.30075186491012573,
    "-1_13": 0.3583959937095642,
    "-1_14": 0.3358395993709564,
    "-1_15": 0.35087719559669495,
    "-1_16": 0.3070175349712372,
    "-1_17": 0.30451127886772156,
    "-1_18": 0.5426065325737,
    "-1_19": 0.5413534045219421,
    "-1_20": 0.448621541261673,
    "-1_21": 0.6052631735801697,
    "-1_22": 0.738095223903656,
    "-1_23": 0.7293233275413513,
    "-1_24": 0.8120300769805908,
    "-1_25": 0.8120300769805908,
    "-1_26": 0.791979968547821,
    "-1_27": 0.016290726140141487,
    "-1_28": 0.016290726140141487,
    "-1_29": 0.016290726140141487,
    "-1_30": 0.016290726140141487,
    "-1_31": 0.016290726140141487,
    "-1_32": 0.016290726140141487,
    "-1_33": 0.8471177816390991,
    "0_0": 0.028822055086493492,
    "0_1": 0.0,
    "0_2": 0.14035087823867798,
    "0_3": 0.060150377452373505,
    "0_4": 0.23182956874370575,
    "0_5": 0.07268170267343521,
    "0_6": 0.06390977650880814,
    "0_7": 0.07393483817577362,
    "0_8": 0.033834587782621384,
    "0_9": 0.05639097839593887,
    "0_10": 0.04511278122663498,
    "0_11": 0.035087719559669495,
    "0_12": 0.028822055086493492,
    "0_13": 0.038847118616104126,
    "0_14": 0.06892230361700058,
    "0_15": 0.07644110172986984,
    "0_16": 0.10902255773544312,
    "0_17": 0.07393483817577362,
    "0_18": 0.15664160251617432,
    "0_19": 0.26691728830337524,
    "0_20": 0.378446102142334,
    "0_21": 0.5288220643997192,
    "0_22": 0.5639097690582275,
    "0_23": 0.5238094925880432,
    "0_24": 0.6090225577354431,
    "0_25": 0.7456140518188477,
    "0_26": 0.8421052694320679,
    "0_27": 0.016290726140141487,
    "0_28": 0.016290726140141487,
    "0_29": 0.016290726140141487,
    "0_30": 0.016290726140141487,
    "0_31": 0.016290726140141487,
    "0_32": 0.016290726140141487,
    "0_33": 0.8471177816390991,
    "1_0": 0.03132832050323486,
    "1_1": 0.02380952425301075,
    "1_2": 0.05263157933950424,
    "1_3": 0.12155388295650482,
    "1_4": 0.14912280440330505,
    "1_5": 0.1077694222331047,
    "1_6": 0.12280701845884323,
    "1_7": 0.10401002317667007,
    "1_8": 0.12781955301761627,
    "1_9": 0.13909775018692017,
    "1_10": 0.15037593245506287,
    "1_11": 0.14912280440330505,
    "1_12": 0.1428571492433548,
    "1_13": 0.17167919874191284,
    "1_14": 0.1553884744644165,
    "1_15": 0.19924812018871307,
    "1_16": 0.18170425295829773,
    "1_17": 0.16290727257728577,
    "1_18": 0.20676691830158234,
    "1_19": 0.3308270573616028,
    "1_20": 0.36340850591659546,
    "1_21": 0.4160400927066803,
    "1_22": 0.4749373495578766,
    "1_23": 0.4285714328289032,
    "1_24": 0.5576441287994385,
    "1_25": 0.5927318334579468,
    "1_26": 0.016290726140141487,
    "1_27": 0.016290726140141487,
    "1_28": 0.016290726140141487,
    "1_29": 0.016290726140141487,
    "1_30": 0.016290726140141487,
    "1_31": 0.016290726140141487,
    "1_32": 0.016290726140141487,
    "1_33": 0.7644110321998596,
    "2_0": 0.08521303534507751,
    "2_1": 0.09649122506380081,
    "2_2": 0.09899749606847763,
    "2_3": 0.11027568578720093,
    "2_4": 0.1065162867307663,
    "2_5": 0.12280701845884323,
    "2_6": 0.17042607069015503,
    "2_7": 0.1190476194024086,
    "2_8": 0.14536340534687042,
    "2_9": 0.15162907540798187,
    "2_10": 0.1315789520740509,
    "2_11": 0.12656641006469727,
    "2_12": 0.12531328201293945,
    "2_13": 0.13784460723400116,
    "2_14": 0.14035087823867798,
    "2_15": 0.1428571492433548,
    "2_16": 0.1666666716337204,
    "2_17": 0.14035087823867798,
    "2_18": 0.14035087823867798,
    "2_19": 0.2243107706308365,
    "2_20": 0.239348366856575,
    "2_21": 0.28195488452911377,
    "2_22": 0.30451127886772156,
    "2_23": 0.259398490190506,
    "2_24": 0.38596490025520325,
    "2_25": 0.44486215710639954,
    "2_26": 0.016290726140141487,
    "2_27": 0.016290726140141487,
    "2_28": 0.016290726140141487,
    "2_29": 0.016290726140141487,
    "2_30": 0.016290726140141487,
    "2_31": 0.016290726140141487,
    "2_32": 0.016290726140141487,
    "2_33": 0.7167919874191284,
    "3_0": 0.06641604006290436,
    "3_1": 0.08897242695093155,
    "3_2": 0.08771929889917374,
    "3_3": 0.0827067643404007,
    "3_4": 0.10401002317667007,
    "3_5": 0.1077694222331047,
    "3_6": 0.12406014651060104,
    "3_7": 0.11403508484363556,
    "3_8": 0.11654135584831238,
    "3_9": 0.12781955301761627,
    "3_10": 0.13283208012580872,
    "3_11": 0.12406014651060104,
    "3_12": 0.11654135584831238,
    "3_13": 0.12907268106937408,
    "3_14": 0.11027568578720093,
    "3_15": 0.13659147918224335,
    "3_16": 0.1416040062904358,
    "3_17": 0.12030075490474701,
    "3_18": 0.13659147918224335,
    "3_19": 0.20676691830158234,
    "3_20": 0.25438597798347473,
    "3_21": 0.26817041635513306,
    "3_22": 0.239348366856575,
    "3_23": 0.21929824352264404,
    "3_24": 0.3684210479259491,
    "3_25": 0.5877193212509155,
    "3_26": 0.016290726140141487,
    "3_27": 0.016290726140141487,
    "3_28": 0.016290726140141487,
    "3_29": 0.016290726140141487,
    "3_30": 0.016290726140141487,
    "3_31": 0.016290726140141487,
    "3_32": 0.016290726140141487,
    "3_33": 0.7218044996261597
  },
  "shuffle_control": {
    "-2_17": 0.02380952425301075,
    "-1_17": 0.015037594363093376,
    "0_17": 0.02631578966975212,
    "1_17": 0.02631578966975212,
    "2_17": 0.02255639061331749,
    "3_17": 0.027568921446800232
  },
  "peak_acc_by_offset": {
    "-2": 0.8646616339683533,
    "-1": 0.8471177816390991,
    "0": 0.8471177816390991,
    "1": 0.7644110321998596,
    "2": 0.7167919874191284,
    "3": 0.7218044996261597
  },
  "delta_newline": 0.8258145432919264,
  "delta_newline_layer": 26
}