{
  "tag": "teacher_sft_ckpt_100",
  "n_families": 124,
  "n_train": 1494,
  "n_val": 797,
  "n_layers": 34,
  "offsets": [
    -2,
    -1,
    0,
    1,
    2,
    3
  ],
  "acc": {
    "-2_0": 0.8243412971496582,
    "-2_1": 0.8306148052215576,
    "-2_2": 0.8419071435928345,
    "-2_3": 0.8306148052215576,
    "-2_4": 0.8205771446228027,
    "-2_5": 0.8155583143234253,
    "-2_6": 0.7816812992095947,
    "-2_7": 0.8030112981796265,
    "-2_8": 0.7653701305389404,
    "-2_9": 0.7829359769821167,
    "-2_10": 0.7904642224311829,
    "-2_11": 0.7703889608383179,
    "-2_12": 0.7967377305030823,
    "-2_13": 0.780426561832428,
    "-2_14": 0.7929736375808716,
    "-2_15": 0.7703889608383179,
    "-2_16": 0.7754077911376953,
    "-2_17": 0.8117942214012146,
    "-2_18": 0.8331242203712463,
    "-2_19": 0.8255959749221802,
    "-2_20": 0.8431618213653564,
    "-2_21": 0.8393977284431458,
    "-2_22": 0.8469259738922119,
    "-2_23": 0.8582183122634888,
    "-2_24": 0.8557088971138,
    "-2_25": 0.01756587252020836,
    "-2_26": 0.01756587252020836,
    "-2_27": 0.01756587252020836,
    "-2_28": 0.01756587252020836,
    "-2_29": 0.01756587252020836,
    "-2_30": 0.01756587252020836,
    "-2_31": 0.01756587252020836,
    "-2_32": 0.01756587252020836,
    "-2_33": 0.8544542193412781,
    "-1_0": 0.04516938328742981,
    "-1_1": 0.060225844383239746,
    "-1_2": 0.5169385075569153,
    "-1_3": 0.6700125336647034,
    "-1_4": 0.6938519477844238,
    "-1_5": 0.47929736971855164,
    "-1_6": 0.5558343529701233,
    "-1_7": 0.43663737177848816,
    "-1_8": 0.3801756501197815,
    "-1_9": 0.388958603143692,
    "-1_10": 0.4027603566646576,
    "-1_11": 0.32873275876045227,
    "-1_12": 0.2797992527484894,
    "-1_13": 0.35257214307785034,
    "-1_14": 0.3249686360359192,
    "-1_15": 0.33626097440719604,
    "-1_16": 0.33249685168266296,
    "-1_17": 0.2898368835449219,
    "-1_18": 0.5169385075569153,
    "-1_19": 0.5119196772575378,
    "-1_20": 0.5420325994491577,
    "-1_21": 0.5633625984191895,
    "-1_22": 0.7490589618682861,
    "-1_23": 0.70138019323349,
    "-1_24": 0.7766624689102173,
    "-1_25": 0.8030112981796265,
    "-1_26": 0.779171884059906,
    "-1_27": 0.01756587252020836,
    "-1_28": 0.01756587252020836,
    "-1_29": 0.01756587252020836,
    "-1_30": 0.01756587252020836,
    "-1_31": 0.01756587252020836,
    "-1_32": 0.01756587252020836,
    "-1_33": 0.8243412971496582,
    "0_0": 0.02885821834206581,
    "0_1": 0.003764115273952484,
    "0_2": 0.14052698016166687,
    "0_3": 0.06649937480688095,
    "0_4": 0.30614805221557617,
    "0_5": 0.11543287336826324,
    "0_6": 0.06900878250598907,
    "0_7": 0.10915934294462204,
    "0_8": 0.06398995965719223,
    "0_9": 0.05269761383533478,
    "0_10": 0.04642409086227417,
    "0_11": 0.03387703746557236,
    "0_12": 0.03387703746557236,
    "0_13": 0.05395232141017914,
    "0_14": 0.07528230547904968,
    "0_15": 0.06649937480688095,
    "0_16": 0.07528230547904968,
    "0_17": 0.07402760535478592,
    "0_18": 0.12170639634132385,
    "0_19": 0.24843162298202515,
    "0_20": 0.36511918902397156,
    "0_21": 0.5094102621078491,
    "0_22": 0.5947302579879761,
    "0_23": 0.5307402610778809,
    "0_24": 0.683814287185669,
    "0_25": 0.7628607153892517,
    "0_26": 0.836888313293457,
    "0_27": 0.01756587252020836,
    "0_28": 0.01756587252020836,
    "0_29": 0.01756587252020836,
    "0_30": 0.01756587252020836,
    "0_31": 0.01756587252020836,
    "0_32": 0.01756587252020836,
    "0_33": 0.836888313293457,
    "1_0": 0.04642409086227417,
    "1_1": 0.03387703746557236,
    "1_2": 0.061480551958084106,
    "1_3": 0.1104140505194664,
    "1_4": 0.1430363804101944,
    "1_5": 0.10915934294462204,
    "1_6": 0.14052698016166687,
    "1_7": 0.13550814986228943,
    "1_8": 0.15307402610778809,
    "1_9": 0.16060225665569305,
    "1_10": 0.16938519477844238,
    "1_11": 0.13801756501197815,
    "1_12": 0.14052698016166687,
    "1_13": 0.175658717751503,
    "1_14": 0.16938519477844238,
    "1_15": 0.20828105509281158,
    "1_16": 0.20577163994312286,
    "1_17": 0.17691342532634735,
    "1_18": 0.2308657467365265,
    "1_19": 0.3186950981616974,
    "1_20": 0.37515681982040405,
    "1_21": 0.4454203248023987,
    "1_22": 0.49184441566467285,
    "1_23": 0.4604767858982086,
    "1_24": 0.6010037660598755,
    "1_25": 0.6185696125030518,
    "1_26": 0.01756587252020836,
    "1_27": 0.01756587252020836,
    "1_28": 0.01756587252020836,
    "1_29": 0.01756587252020836,
    "1_30": 0.01756587252020836,
    "1_31": 0.01756587252020836,
    "1_32": 0.01756587252020836,
    "1_33": 0.7628607153892517,
    "2_0": 0.09786699712276459,
    "2_1": 0.09159347414970398,
    "2_2": 0.10414052754640579,
    "2_3": 0.10915934294462204,
    "2_4": 0.16436637938022614,
    "2_5": 0.12797991931438446,
    "2_6": 0.19071517884731293,
    "2_7": 0.1593475490808487,
    "2_8": 0.16311167180538177,
    "2_9": 0.16060225665569305,
    "2_10": 0.1593475490808487,
    "2_11": 0.15181931853294373,
    "2_12": 0.13048933446407318,
    "2_13": 0.1392722725868225,
    "2_14": 0.1367628574371338,
    "2_15": 0.1882057636976242,
    "2_16": 0.194479301571846,
    "2_17": 0.16436637938022614,
    "2_18": 0.17063990235328674,
    "2_19": 0.22333751618862152,
    "2_20": 0.2835633456707001,
    "2_21": 0.3312421441078186,
    "2_22": 0.31618568301200867,
    "2_23": 0.2885821759700775,
    "2_24": 0.4454203248023987,
    "2_25": 0.4930991232395172,
    "2_26": 0.01756587252020836,
    "2_27": 0.01756587252020836,
    "2_28": 0.01756587252020836,
    "2_29": 0.01756587252020836,
    "2_30": 0.01756587252020836,
    "2_31": 0.01756587252020836,
    "2_32": 0.01756587252020836,
    "2_33": 0.7440401315689087,
    "3_0": 0.07277289777994156,
    "3_1": 0.0941028818488121,
    "3_2": 0.09661229699850082,
    "3_3": 0.0941028818488121,
    "3_4": 0.11543287336826324,
    "3_5": 0.11543287336826324,
    "3_6": 0.12923462688922882,
    "3_7": 0.12296110391616821,
    "3_8": 0.12170639634132385,
    "3_9": 0.12170639634132385,
    "3_10": 0.1367628574371338,
    "3_11": 0.12547051906585693,
    "3_12": 0.1430363804101944,
    "3_13": 0.13048933446407318,
    "3_14": 0.12797991931438446,
    "3_15": 0.15307402610778809,
    "3_16": 0.1555834412574768,
    "3_17": 0.15432873368263245,
    "3_18": 0.1367628574371338,
    "3_19": 0.20075282454490662,
    "3_20": 0.26474279165267944,
    "3_21": 0.2735257148742676,
    "3_22": 0.2559598386287689,
    "3_23": 0.23839397728443146,
    "3_24": 0.3989962339401245,
    "3_25": 0.6035131812095642,
    "3_26": 0.01756587252020836,
    "3_27": 0.01756587252020836,
    "3_28": 0.01756587252020836,
    "3_29": 0.01756587252020836,
    "3_30": 0.01756587252020836,
    "3_31": 0.01756587252020836,
    "3_32": 0.01756587252020836,
    "3_33": 0.7252195477485657
  },
  "shuffle_control": {
    "-2_17": 0.022584691643714905,
    "-1_17": 0.030112922191619873,
    "0_17": 0.021329987794160843,
    "1_17": 0.025094103068113327,
    "2_17": 0.015056461095809937,
    "3_17": 0.006273525767028332
  },
  "peak_acc_by_offset": {
    "-2": 0.8582183122634888,
    "-1": 0.8243412971496582,
    "0": 0.836888313293457,
    "1": 0.7628607153892517,
    "2": 0.7440401315689087,
    "3": 0.7252195477485657
  },
  "delta_newline": 0.8193224407732487,
  "delta_newline_layer": 26
}