{
  "tag": "teacher_kd_seed1_ckpt_100",
  "n_families": 124,
  "n_train": 1496,
  "n_val": 800,
  "n_layers": 34,
  "offsets": [
    -2,
    -1,
    0,
    1,
    2,
    3
  ],
  "acc": {
    "-2_0": 0.8549999594688416,
    "-2_1": 0.8624999523162842,
    "-2_2": 0.8499999642372131,
    "-2_3": 0.8612499833106995,
    "-2_4": 0.8399999737739563,
    "-2_5": 0.8224999904632568,
    "-2_6": 0.8399999737739563,
    "-2_7": 0.824999988079071,
    "-2_8": 0.7862499952316284,
    "-2_9": 0.8025000095367432,
    "-2_10": 0.8199999928474426,
    "-2_11": 0.7824999690055847,
    "-2_12": 0.8312499523162842,
    "-2_13": 0.7862499952316284,
    "-2_14": 0.7837499976158142,
    "-2_15": 0.8224999904632568,
    "-2_16": 0.8224999904632568,
    "-2_17": 0.8237499594688416,
    "-2_18": 0.8487499952316284,
    "-2_19": 0.8537499904632568,
    "-2_20": 0.8762499690055847,
    "-2_21": 0.8574999570846558,
    "-2_22": 0.8687499761581421,
    "-2_23": 0.8662499785423279,
    "-2_24": 0.8662499785423279,
    "-2_25": 0.016249999403953552,
    "-2_26": 0.016249999403953552,
    "-2_27": 0.016249999403953552,
    "-2_28": 0.016249999403953552,
    "-2_29": 0.016249999403953552,
    "-2_30": 0.016249999403953552,
    "-2_31": 0.016249999403953552,
    "-2_32": 0.016249999403953552,
    "-2_33": 0.875,
    "-1_0": 0.08374999463558197,
    "-1_1": 0.06875000149011612,
    "-1_2": 0.5049999952316284,
    "-1_3": 0.6237499713897705,
    "-1_4": 0.6337499618530273,
    "-1_5": 0.5212500095367432,
    "-1_6": 0.45749998092651367,
    "-1_7": 0.45499998331069946,
    "-1_8": 0.41624999046325684,
    "-1_9": 0.38749998807907104,
    "-1_10": 0.3974999785423279,
    "-1_11": 0.3075000047683716,
    "-1_12": 0.2775000035762787,
    "-1_13": 0.3400000035762787,
    "-1_14": 0.3024999797344208,
    "-1_15": 0.3149999976158142,
    "-1_16": 0.28125,
    "-1_17": 0.2512499988079071,
    "-1_18": 0.45249998569488525,
    "-1_19": 0.48499998450279236,
    "-1_20": 0.45499998331069946,
    "-1_21": 0.625,
    "-1_22": 0.7362499833106995,
    "-1_23": 0.7237499952316284,
    "-1_24": 0.8299999833106995,
    "-1_25": 0.8412500023841858,
    "-1_26": 0.8050000071525574,
    "-1_27": 0.016249999403953552,
    "-1_28": 0.016249999403953552,
    "-1_29": 0.016249999403953552,
    "-1_30": 0.016249999403953552,
    "-1_31": 0.016249999403953552,
    "-1_32": 0.016249999403953552,
    "-1_33": 0.856249988079071,
    "0_0": 0.0012499999720603228,
    "0_1": 0.02499999850988388,
    "0_2": 0.1237499937415123,
    "0_3": 0.17125000059604645,
    "0_4": 0.3112500011920929,
    "0_5": 0.08874999731779099,
    "0_6": 0.04749999940395355,
    "0_7": 0.057499997317790985,
    "0_8": 0.03749999776482582,
    "0_9": 0.05874999985098839,
    "0_10": 0.09375,
    "0_11": 0.03999999910593033,
    "0_12": 0.02499999850988388,
    "0_13": 0.023749999701976776,
    "0_14": 0.05249999836087227,
    "0_15": 0.08124999701976776,
    "0_16": 0.07625000178813934,
    "0_17": 0.07000000029802322,
    "0_18": 0.1599999964237213,
    "0_19": 0.17624999582767487,
    "0_20": 0.2887499928474426,
    "0_21": 0.48374998569488525,
    "0_22": 0.5450000166893005,
    "0_23": 0.5600000023841858,
    "0_24": 0.6674999594688416,
    "0_25": 0.7599999904632568,
    "0_26": 0.8612499833106995,
    "0_27": 0.016249999403953552,
    "0_28": 0.016249999403953552,
    "0_29": 0.016249999403953552,
    "0_30": 0.016249999403953552,
    "0_31": 0.016249999403953552,
    "0_32": 0.016249999403953552,
    "0_33": 0.8487499952316284,
    "1_0": 0.042500000447034836,
    "1_1": 0.04374999925494194,
    "1_2": 0.04999999701976776,
    "1_3": 0.08374999463558197,
    "1_4": 0.11749999970197678,
    "1_5": 0.08249999582767487,
    "1_6": 0.07374999672174454,
    "1_7": 0.08624999970197678,
    "1_8": 0.1525000035762787,
    "1_9": 0.14749999344348907,
    "1_10": 0.14000000059604645,
    "1_11": 0.11749999970197678,
    "1_12": 0.11999999731779099,
    "1_13": 0.1875,
    "1_14": 0.17624999582767487,
    "1_15": 0.20250000059604645,
    "1_16": 0.21124999225139618,
    "1_17": 0.16249999403953552,
    "1_18": 0.21249999105930328,
    "1_19": 0.3362500071525574,
    "1_20": 0.3499999940395355,
    "1_21": 0.42124998569488525,
    "1_22": 0.44749999046325684,
    "1_23": 0.39124998450279236,
    "1_24": 0.5550000071525574,
    "1_25": 0.5962499976158142,
    "1_26": 0.016249999403953552,
    "1_27": 0.016249999403953552,
    "1_28": 0.016249999403953552,
    "1_29": 0.016249999403953552,
    "1_30": 0.016249999403953552,
    "1_31": 0.016249999403953552,
    "1_32": 0.016249999403953552,
    "1_33": 0.7699999809265137,
    "2_0": 0.08500000089406967,
    "2_1": 0.10499999672174454,
    "2_2": 0.08624999970197678,
    "2_3": 0.0949999988079071,
    "2_4": 0.1274999976158142,
    "2_5": 0.10749999433755875,
    "2_6": 0.15625,
    "2_7": 0.14374999701976776,
    "2_8": 0.13875000178813934,
    "2_9": 0.13124999403953552,
    "2_10": 0.14249999821186066,
    "2_11": 0.1237499937415123,
    "2_12": 0.1274999976158142,
    "2_13": 0.11874999850988388,
    "2_14": 0.1287499964237213,
    "2_15": 0.1550000011920929,
    "2_16": 0.14374999701976776,
    "2_17": 0.14749999344348907,
    "2_18": 0.13750000298023224,
    "2_19": 0.19874998927116394,
    "2_20": 0.25874999165534973,
    "2_21": 0.2750000059604645,
    "2_22": 0.2549999952316284,
    "2_23": 0.2862499952316284,
    "2_24": 0.4124999940395355,
    "2_25": 0.4587499797344208,
    "2_26": 0.016249999403953552,
    "2_27": 0.016249999403953552,
    "2_28": 0.016249999403953552,
    "2_29": 0.016249999403953552,
    "2_30": 0.016249999403953552,
    "2_31": 0.016249999403953552,
    "2_32": 0.016249999403953552,
    "2_33": 0.7249999642372131,
    "3_0": 0.08249999582767487,
    "3_1": 0.09624999761581421,
    "3_2": 0.09375,
    "3_3": 0.08500000089406967,
    "3_4": 0.09874999523162842,
    "3_5": 0.10624999552965164,
    "3_6": 0.13499999046325684,
    "3_7": 0.11749999970197678,
    "3_8": 0.1237499937415123,
    "3_9": 0.1224999949336052,
    "3_10": 0.1274999976158142,
    "3_11": 0.13499999046325684,
    "3_12": 0.11874999850988388,
    "3_13": 0.13124999403953552,
    "3_14": 0.10624999552965164,
    "3_15": 0.125,
    "3_16": 0.13249999284744263,
    "3_17": 0.14124999940395355,
    "3_18": 0.13124999403953552,
    "3_19": 0.19999998807907104,
    "3_20": 0.23250000178813934,
    "3_21": 0.23624999821186066,
    "3_22": 0.23499999940395355,
    "3_23": 0.21249999105930328,
    "3_24": 0.35999998450279236,
    "3_25": 0.5787500143051147,
    "3_26": 0.016249999403953552,
    "3_27": 0.016249999403953552,
    "3_28": 0.016249999403953552,
    "3_29": 0.016249999403953552,
    "3_30": 0.016249999403953552,
    "3_31": 0.016249999403953552,
    "3_32": 0.016249999403953552,
    "3_33": 0.7462499737739563
  },
  "shuffle_control": {
    "-2_17": 0.021250000223517418,
    "-1_17": 0.01874999888241291,
    "0_17": 0.017500000074505806,
    "1_17": 0.01874999888241291,
    "2_17": 0.022499999031424522,
    "3_17": 0.023749999701976776
  },
  "peak_acc_by_offset": {
    "-2": 0.8762499690055847,
    "-1": 0.856249988079071,
    "0": 0.8612499833106995,
    "1": 0.7699999809265137,
    "2": 0.7249999642372131,
    "3": 0.7462499737739563
  },
  "delta_newline": 0.8449999839067459,
  "delta_newline_layer": 26
}