{
  "tag": "teacher_sft_seed1_ckpt_100",
  "n_families": 134,
  "n_train": 1490,
  "n_val": 797,
  "n_layers": 34,
  "offsets": [
    -2,
    -1,
    0,
    1,
    2,
    3
  ],
  "acc": {
    "-2_0": 0.8318694829940796,
    "-2_1": 0.836888313293457,
    "-2_2": 0.8306148052215576,
    "-2_3": 0.8143036365509033,
    "-2_4": 0.8042659759521484,
    "-2_5": 0.777917206287384,
    "-2_6": 0.7841907143592834,
    "-2_7": 0.7954830527305603,
    "-2_8": 0.7716436386108398,
    "-2_9": 0.7565872073173523,
    "-2_10": 0.777917206287384,
    "-2_11": 0.7854453921318054,
    "-2_12": 0.7565872073173523,
    "-2_13": 0.7528230547904968,
    "-2_14": 0.7465495467185974,
    "-2_15": 0.780426561832428,
    "-2_16": 0.7741530537605286,
    "-2_17": 0.799247145652771,
    "-2_18": 0.8130488991737366,
    "-2_19": 0.8281053900718689,
    "-2_20": 0.8268506526947021,
    "-2_21": 0.8481806516647339,
    "-2_22": 0.8406524658203125,
    "-2_23": 0.8419071435928345,
    "-2_24": 0.8557088971138,
    "-2_25": 0.020075282081961632,
    "-2_26": 0.020075282081961632,
    "-2_27": 0.020075282081961632,
    "-2_28": 0.020075282081961632,
    "-2_29": 0.020075282081961632,
    "-2_30": 0.020075282081961632,
    "-2_31": 0.020075282081961632,
    "-2_32": 0.020075282081961632,
    "-2_33": 0.8381430506706238,
    "-1_0": 0.016311166808009148,
    "-1_1": 0.02885821834206581,
    "-1_2": 0.4705144166946411,
    "-1_3": 0.634880781173706,
    "-1_4": 0.6549561023712158,
    "-1_5": 0.5407779216766357,
    "-1_6": 0.5043914914131165,
    "-1_7": 0.36888331174850464,
    "-1_8": 0.3663738965988159,
    "-1_9": 0.32998743653297424,
    "-1_10": 0.42409032583236694,
    "-1_11": 0.3212045133113861,
    "-1_12": 0.2471769154071808,
    "-1_13": 0.36260977387428284,
    "-1_14": 0.32371392846107483,
    "-1_15": 0.33626097440719604,
    "-1_16": 0.29987451434135437,
    "-1_17": 0.28481805324554443,
    "-1_18": 0.5106649994850159,
    "-1_19": 0.47553324699401855,
    "-1_20": 0.5131744146347046,
    "-1_21": 0.558343768119812,
    "-1_22": 0.7089083790779114,
    "-1_23": 0.6925972104072571,
    "-1_24": 0.7867001295089722,
    "-1_25": 0.8105395436286926,
    "-1_26": 0.7829359769821167,
    "-1_27": 0.020075282081961632,
    "-1_28": 0.020075282081961632,
    "-1_29": 0.020075282081961632,
    "-1_30": 0.020075282081961632,
    "-1_31": 0.020075282081961632,
    "-1_32": 0.020075282081961632,
    "-1_33": 0.8218318819999695,
    "0_0": 0.0,
    "0_1": 0.0138017563149333,
    "0_2": 0.1267252117395401,
    "0_3": 0.1593475490808487,
    "0_4": 0.351317435503006,
    "0_5": 0.10037641227245331,
    "0_6": 0.032622333616018295,
    "0_7": 0.06900878250598907,
    "0_8": 0.032622333616018295,
    "0_9": 0.020075282081961632,
    "0_10": 0.0715181902050972,
    "0_11": 0.02885821834206581,
    "0_12": 0.03136762976646423,
    "0_13": 0.04516938328742981,
    "0_14": 0.05771643668413162,
    "0_15": 0.058971140533685684,
    "0_16": 0.09912170469760895,
    "0_17": 0.04767879471182823,
    "0_18": 0.12797991931438446,
    "0_19": 0.20953576266765594,
    "0_20": 0.28105396032333374,
    "0_21": 0.500627338886261,
    "0_22": 0.5257214307785034,
    "0_23": 0.46549561619758606,
    "0_24": 0.6424090266227722,
    "0_25": 0.7427854537963867,
    "0_26": 0.8293600678443909,
    "0_27": 0.020075282081961632,
    "0_28": 0.020075282081961632,
    "0_29": 0.020075282081961632,
    "0_30": 0.020075282081961632,
    "0_31": 0.020075282081961632,
    "0_32": 0.020075282081961632,
    "0_33": 0.8243412971496582,
    "1_0": 0.05269761383533478,
    "1_1": 0.04391467943787575,
    "1_2": 0.06524466723203659,
    "1_3": 0.09535758942365646,
    "1_4": 0.12296110391616821,
    "1_5": 0.09033876657485962,
    "1_6": 0.08657465130090714,
    "1_7": 0.11668757349252701,
    "1_8": 0.1430363804101944,
    "1_9": 0.1329987496137619,
    "1_10": 0.15181931853294373,
    "1_11": 0.13425344228744507,
    "1_12": 0.12421581149101257,
    "1_13": 0.1656210720539093,
    "1_14": 0.18946047127246857,
    "1_15": 0.20075282454490662,
    "1_16": 0.17942284047603607,
    "1_17": 0.16813048720359802,
    "1_18": 0.21831868588924408,
    "1_19": 0.2948557138442993,
    "1_20": 0.34629860520362854,
    "1_21": 0.41405269503593445,
    "1_22": 0.44667503237724304,
    "1_23": 0.390213280916214,
    "1_24": 0.55708909034729,
    "1_25": 0.5595985054969788,
    "1_26": 0.020075282081961632,
    "1_27": 0.020075282081961632,
    "1_28": 0.020075282081961632,
    "1_29": 0.020075282081961632,
    "1_30": 0.020075282081961632,
    "1_31": 0.020075282081961632,
    "1_32": 0.020075282081961632,
    "1_33": 0.7628607153892517,
    "2_0": 0.08657465130090714,
    "2_1": 0.1104140505194664,
    "2_2": 0.10539522767066956,
    "2_3": 0.11292345821857452,
    "2_4": 0.12923462688922882,
    "2_5": 0.11668757349252701,
    "2_6": 0.15307402610778809,
    "2_7": 0.13550814986228943,
    "2_8": 0.15683813393115997,
    "2_9": 0.14178167283535004,
    "2_10": 0.14554579555988312,
    "2_11": 0.1392722725868225,
    "2_12": 0.1367628574371338,
    "2_13": 0.13801756501197815,
    "2_14": 0.12296110391616821,
    "2_15": 0.15307402610778809,
    "2_16": 0.14429108798503876,
    "2_17": 0.16060225665569305,
    "2_18": 0.14680050313472748,
    "2_19": 0.20577163994312286,
    "2_20": 0.24466750025749207,
    "2_21": 0.2860727608203888,
    "2_22": 0.26474279165267944,
    "2_23": 0.26850688457489014,
    "2_24": 0.39523211121559143,
    "2_25": 0.4228356182575226,
    "2_26": 0.020075282081961632,
    "2_27": 0.020075282081961632,
    "2_28": 0.020075282081961632,
    "2_29": 0.020075282081961632,
    "2_30": 0.020075282081961632,
    "2_31": 0.020075282081961632,
    "2_32": 0.020075282081961632,
    "2_33": 0.7063989639282227,
    "3_0": 0.0878293588757515,
    "3_1": 0.0941028818488121,
    "3_2": 0.10288581997156143,
    "3_3": 0.09786699712276459,
    "3_4": 0.12296110391616821,
    "3_5": 0.13174404203891754,
    "3_6": 0.1267252117395401,
    "3_7": 0.1367628574371338,
    "3_8": 0.1329987496137619,
    "3_9": 0.1555834412574768,
    "3_10": 0.1392722725868225,
    "3_11": 0.12797991931438446,
    "3_12": 0.1392722725868225,
    "3_13": 0.13425344228744507,
    "3_14": 0.13048933446407318,
    "3_15": 0.16060225665569305,
    "3_16": 0.14429108798503876,
    "3_17": 0.12797991931438446,
    "3_18": 0.1367628574371338,
    "3_19": 0.22208280861377716,
    "3_20": 0.22584691643714905,
    "3_21": 0.24090337753295898,
    "3_22": 0.2371392697095871,
    "3_23": 0.22961103916168213,
    "3_24": 0.36260977387428284,
    "3_25": 0.577164351940155,
    "3_26": 0.020075282081961632,
    "3_27": 0.020075282081961632,
    "3_28": 0.020075282081961632,
    "3_29": 0.020075282081961632,
    "3_30": 0.020075282081961632,
    "3_31": 0.020075282081961632,
    "3_32": 0.020075282081961632,
    "3_33": 0.74153071641922
  },
  "shuffle_control": {
    "-2_17": 0.016311166808009148,
    "-1_17": 0.01756587252020836,
    "0_17": 0.025094103068113327,
    "1_17": 0.01882057636976242,
    "2_17": 0.022584691643714905,
    "3_17": 0.032622333616018295
  },
  "peak_acc_by_offset": {
    "-2": 0.8557088971138,
    "-1": 0.8218318819999695,
    "0": 0.8293600678443909,
    "1": 0.7628607153892517,
    "2": 0.7063989639282227,
    "3": 0.74153071641922
  },
  "delta_newline": 0.8092847857624292,
  "delta_newline_layer": 26
}