{
  "tag": "teacher_kd_ckpt_100",
  "n_families": 117,
  "n_train": 1495,
  "n_val": 798,
  "n_layers": 34,
  "offsets": [
    -2,
    -1,
    0,
    1,
    2,
    3
  ],
  "acc": {
    "-2_0": 0.8258145451545715,
    "-2_1": 0.8333333134651184,
    "-2_2": 0.8483709096908569,
    "-2_3": 0.8245614171028137,
    "-2_4": 0.810776948928833,
    "-2_5": 0.8270676732063293,
    "-2_6": 0.7969924807548523,
    "-2_7": 0.7957393527030945,
    "-2_8": 0.7969924807548523,
    "-2_9": 0.7656641602516174,
    "-2_10": 0.805764377117157,
    "-2_11": 0.810776948928833,
    "-2_12": 0.7944862246513367,
    "-2_13": 0.7318295836448669,
    "-2_14": 0.7556390762329102,
    "-2_15": 0.780701756477356,
    "-2_16": 0.8007518649101257,
    "-2_17": 0.8157894611358643,
    "-2_18": 0.8333333134651184,
    "-2_19": 0.8483709096908569,
    "-2_20": 0.8345864415168762,
    "-2_21": 0.8609022498130798,
    "-2_22": 0.8508771657943726,
    "-2_23": 0.859649121761322,
    "-2_24": 0.8395990133285522,
    "-2_25": 0.016290726140141487,
    "-2_26": 0.016290726140141487,
    "-2_27": 0.016290726140141487,
    "-2_28": 0.016290726140141487,
    "-2_29": 0.016290726140141487,
    "-2_30": 0.016290726140141487,
    "-2_31": 0.016290726140141487,
    "-2_32": 0.016290726140141487,
    "-2_33": 0.8471177816390991,
    "-1_0": 0.03759398311376572,
    "-1_1": 0.057644110172986984,
    "-1_2": 0.41228070855140686,
    "-1_3": 0.6190476417541504,
    "-1_4": 0.6666666865348816,
    "-1_5": 0.4874686598777771,
    "-1_6": 0.4974937438964844,
    "-1_7": 0.4373433589935303,
    "-1_8": 0.3909774422645569,
    "-1_9": 0.3897243142127991,
    "-1_10": 0.4310776889324188,
    "-1_11": 0.3220551311969757,
    "-1_12": 0.2857142984867096,
    "-1_13": 0.35338345170021057,
    "-1_14": 0.34210526943206787,
    "-1_15": 0.31704261898994446,
    "-1_16": 0.26942354440689087,
    "-1_17": 0.30325815081596375,
    "-1_18": 0.5125313401222229,
    "-1_19": 0.5350877046585083,
    "-1_20": 0.4624060094356537,
    "-1_21": 0.5062656402587891,
    "-1_22": 0.7468671798706055,
    "-1_23": 0.7393483519554138,
    "-1_24": 0.8032581210136414,
    "-1_25": 0.8245614171028137,
    "-1_26": 0.8245614171028137,
    "-1_27": 0.016290726140141487,
    "-1_28": 0.016290726140141487,
    "-1_29": 0.016290726140141487,
    "-1_30": 0.016290726140141487,
    "-1_31": 0.016290726140141487,
    "-1_32": 0.016290726140141487,
    "-1_33": 0.8521302938461304,
    "0_0": 0.01879699155688286,
    "0_1": 0.01879699155688286,
    "0_2": 0.17418546974658966,
    "0_3": 0.0827067643404007,
    "0_4": 0.22305764257907867,
    "0_5": 0.1553884744644165,
    "0_6": 0.04887218028306961,
    "0_7": 0.0476190485060215,
    "0_8": 0.05012531206011772,
    "0_9": 0.04636591300368309,
    "0_10": 0.06390977650880814,
    "0_11": 0.0476190485060215,
    "0_12": 0.04636591300368309,
    "0_13": 0.03132832050323486,
    "0_14": 0.055137842893600464,
    "0_15": 0.07644110172986984,
    "0_16": 0.0839598998427391,
    "0_17": 0.061403509229421616,
    "0_18": 0.15037593245506287,
    "0_19": 0.28070175647735596,
    "0_20": 0.3558897078037262,
    "0_21": 0.4887217879295349,
    "0_22": 0.5789473652839661,
    "0_23": 0.5313283205032349,
    "0_24": 0.640350878238678,
    "0_25": 0.7368420958518982,
    "0_26": 0.8283208012580872,
    "0_27": 0.016290726140141487,
    "0_28": 0.016290726140141487,
    "0_29": 0.016290726140141487,
    "0_30": 0.016290726140141487,
    "0_31": 0.016290726140141487,
    "0_32": 0.016290726140141487,
    "0_33": 0.8208019733428955,
    "1_0": 0.04887218028306961,
    "1_1": 0.04260651767253876,
    "1_2": 0.0476190485060215,
    "1_3": 0.10025062412023544,
    "1_4": 0.18546365201473236,
    "1_5": 0.09899749606847763,
    "1_6": 0.08771929889917374,
    "1_7": 0.09147869795560837,
    "1_8": 0.12656641006469727,
    "1_9": 0.15037593245506287,
    "1_10": 0.15288220345973969,
    "1_11": 0.14661653339862823,
    "1_12": 0.11654135584831238,
    "1_13": 0.18170425295829773,
    "1_14": 0.15162907540798187,
    "1_15": 0.20426064729690552,
    "1_16": 0.18295739591121674,
    "1_17": 0.18170425295829773,
    "1_18": 0.20676691830158234,
    "1_19": 0.310776948928833,
    "1_20": 0.3546365797519684,
    "1_21": 0.4285714328289032,
    "1_22": 0.4636591374874115,
    "1_23": 0.4385964870452881,
    "1_24": 0.572681725025177,
    "1_25": 0.597744345664978,
    "1_26": 0.016290726140141487,
    "1_27": 0.016290726140141487,
    "1_28": 0.016290726140141487,
    "1_29": 0.016290726140141487,
    "1_30": 0.016290726140141487,
    "1_31": 0.016290726140141487,
    "1_32": 0.016290726140141487,
    "1_33": 0.7644110321998596,
    "2_0": 0.08771929889917374,
    "2_1": 0.08145363628864288,
    "2_2": 0.095238097012043,
    "2_3": 0.10902255773544312,
    "2_4": 0.12406014651060104,
    "2_5": 0.12907268106937408,
    "2_6": 0.14536340534687042,
    "2_7": 0.13283208012580872,
    "2_8": 0.1416040062904358,
    "2_9": 0.13659147918224335,
    "2_10": 0.13283208012580872,
    "2_11": 0.13283208012580872,
    "2_12": 0.13909775018692017,
    "2_13": 0.12280701845884323,
    "2_14": 0.14661653339862823,
    "2_15": 0.15037593245506287,
    "2_16": 0.17042607069015503,
    "2_17": 0.13533835113048553,
    "2_18": 0.14786967635154724,
    "2_19": 0.2017543911933899,
    "2_20": 0.259398490190506,
    "2_21": 0.2844611406326294,
    "2_22": 0.30576440691947937,
    "2_23": 0.2619047462940216,
    "2_24": 0.40977442264556885,
    "2_25": 0.4724310636520386,
    "2_26": 0.016290726140141487,
    "2_27": 0.016290726140141487,
    "2_28": 0.016290726140141487,
    "2_29": 0.016290726140141487,
    "2_30": 0.016290726140141487,
    "2_31": 0.016290726140141487,
    "2_32": 0.016290726140141487,
    "2_33": 0.7055137753486633,
    "3_0": 0.08020050078630447,
    "3_1": 0.08521303534507751,
    "3_2": 0.09273182600736618,
    "3_3": 0.095238097012043,
    "3_4": 0.10275689512491226,
    "3_5": 0.11403508484363556,
    "3_6": 0.1315789520740509,
    "3_7": 0.1303258091211319,
    "3_8": 0.12781955301761627,
    "3_9": 0.12907268106937408,
    "3_10": 0.1303258091211319,
    "3_11": 0.13408520817756653,
    "3_12": 0.10902255773544312,
    "3_13": 0.12280701845884323,
    "3_14": 0.11027568578720093,
    "3_15": 0.1416040062904358,
    "3_16": 0.13909775018692017,
    "3_17": 0.12531328201293945,
    "3_18": 0.12656641006469727,
    "3_19": 0.20426064729690552,
    "3_20": 0.24561403691768646,
    "3_21": 0.25814536213874817,
    "3_22": 0.22932331264019012,
    "3_23": 0.2142857164144516,
    "3_24": 0.38596490025520325,
    "3_25": 0.5852130055427551,
    "3_26": 0.016290726140141487,
    "3_27": 0.016290726140141487,
    "3_28": 0.016290726140141487,
    "3_29": 0.016290726140141487,
    "3_30": 0.016290726140141487,
    "3_31": 0.016290726140141487,
    "3_32": 0.016290726140141487,
    "3_33": 0.7481203079223633
  },
  "shuffle_control": {
    "-2_17": 0.016290726140141487,
    "-1_17": 0.015037594363093376,
    "0_17": 0.04135338217020035,
    "1_17": 0.01879699155688286,
    "2_17": 0.02506265603005886,
    "3_17": 0.017543859779834747
  },
  "peak_acc_by_offset": {
    "-2": 0.8609022498130798,
    "-1": 0.8521302938461304,
    "0": 0.8283208012580872,
    "1": 0.7644110321998596,
    "2": 0.7055137753486633,
    "3": 0.7481203079223633
  },
  "delta_newline": 0.8120300751179457,
  "delta_newline_layer": 26
}