{
  "tag": "teacher_kd_seed2_ckpt_100",
  "n_families": 117,
  "n_train": 1493,
  "n_val": 798,
  "n_layers": 34,
  "offsets": [
    -2,
    -1,
    0,
    1,
    2,
    3
  ],
  "acc": {
    "-2_0": 0.8609022498130798,
    "-2_1": 0.8621553778648376,
    "-2_2": 0.859649121761322,
    "-2_3": 0.8433583974838257,
    "-2_4": 0.8446115255355835,
    "-2_5": 0.8458646535873413,
    "-2_6": 0.8245614171028137,
    "-2_7": 0.8233082890510559,
    "-2_8": 0.8145363330841064,
    "-2_9": 0.8220551609992981,
    "-2_10": 0.7957393527030945,
    "-2_11": 0.8082706928253174,
    "-2_12": 0.8170425891876221,
    "-2_13": 0.7969924807548523,
    "-2_14": 0.8095238208770752,
    "-2_15": 0.8070175647735596,
    "-2_16": 0.8082706928253174,
    "-2_17": 0.8082706928253174,
    "-2_18": 0.8684210181236267,
    "-2_19": 0.8734335899353027,
    "-2_20": 0.8746867179870605,
    "-2_21": 0.8634085059165955,
    "-2_22": 0.8684210181236267,
    "-2_23": 0.8771929740905762,
    "-2_24": 0.8947368264198303,
    "-2_25": 0.01879699155688286,
    "-2_26": 0.01879699155688286,
    "-2_27": 0.01879699155688286,
    "-2_28": 0.01879699155688286,
    "-2_29": 0.01879699155688286,
    "-2_30": 0.01879699155688286,
    "-2_31": 0.01879699155688286,
    "-2_32": 0.01879699155688286,
    "-2_33": 0.878446102142334,
    "-1_0": 0.03759398311376572,
    "-1_1": 0.06641604006290436,
    "-1_2": 0.5100250840187073,
    "-1_3": 0.6278195381164551,
    "-1_4": 0.6177944540977478,
    "-1_5": 0.5388470888137817,
    "-1_6": 0.5062656402587891,
    "-1_7": 0.3909774422645569,
    "-1_8": 0.3834586441516876,
    "-1_9": 0.38596490025520325,
    "-1_10": 0.4636591374874115,
    "-1_11": 0.2994987368583679,
    "-1_12": 0.3120300769805908,
    "-1_13": 0.30075186491012573,
    "-1_14": 0.32706767320632935,
    "-1_15": 0.3095238208770752,
    "-1_16": 0.32456138730049133,
    "-1_17": 0.31829574704170227,
    "-1_18": 0.5275689363479614,
    "-1_19": 0.5413534045219421,
    "-1_20": 0.4849624037742615,
    "-1_21": 0.5626566410064697,
    "-1_22": 0.738095223903656,
    "-1_23": 0.7443609237670898,
    "-1_24": 0.8132832050323486,
    "-1_25": 0.835839569568634,
    "-1_26": 0.8195488452911377,
    "-1_27": 0.01879699155688286,
    "-1_28": 0.01879699155688286,
    "-1_29": 0.01879699155688286,
    "-1_30": 0.01879699155688286,
    "-1_31": 0.01879699155688286,
    "-1_32": 0.01879699155688286,
    "-1_33": 0.8558897376060486,
    "0_0": 0.0012531328247860074,
    "0_1": 0.015037594363093376,
    "0_2": 0.08897242695093155,
    "0_3": 0.1303258091211319,
    "0_4": 0.3195488750934601,
    "0_5": 0.1416040062904358,
    "0_6": 0.02255639061331749,
    "0_7": 0.030075188726186752,
    "0_8": 0.05263157933950424,
    "0_9": 0.036340851336717606,
    "0_10": 0.04511278122663498,
    "0_11": 0.038847118616104126,
    "0_12": 0.015037594363093376,
    "0_13": 0.05263157933950424,
    "0_14": 0.060150377452373505,
    "0_15": 0.04135338217020035,
    "0_16": 0.07017543911933899,
    "0_17": 0.08145363628864288,
    "0_18": 0.15664160251617432,
    "0_19": 0.2844611406326294,
    "0_20": 0.36215537786483765,
    "0_21": 0.5062656402587891,
    "0_22": 0.5275689363479614,
    "0_23": 0.5112782120704651,
    "0_24": 0.6729323267936707,
    "0_25": 0.7105262875556946,
    "0_26": 0.8621553778648376,
    "0_27": 0.01879699155688286,
    "0_28": 0.01879699155688286,
    "0_29": 0.01879699155688286,
    "0_30": 0.01879699155688286,
    "0_31": 0.01879699155688286,
    "0_32": 0.01879699155688286,
    "0_33": 0.8508771657943726,
    "1_0": 0.028822055086493492,
    "1_1": 0.038847118616104126,
    "1_2": 0.04385964944958687,
    "1_3": 0.11027568578720093,
    "1_4": 0.12907268106937408,
    "1_5": 0.10150375962257385,
    "1_6": 0.11152882128953934,
    "1_7": 0.09398496150970459,
    "1_8": 0.14536340534687042,
    "1_9": 0.16165412962436676,
    "1_10": 0.16040100157260895,
    "1_11": 0.16165412962436676,
    "1_12": 0.1303258091211319,
    "1_13": 0.190476194024086,
    "1_14": 0.12781955301761627,
    "1_15": 0.23057644069194794,
    "1_16": 0.21052631735801697,
    "1_17": 0.18295739591121674,
    "1_18": 0.18546365201473236,
    "1_19": 0.308270663022995,
    "1_20": 0.31704261898994446,
    "1_21": 0.40977442264556885,
    "1_22": 0.4373433589935303,
    "1_23": 0.3796992599964142,
    "1_24": 0.5563910007476807,
    "1_25": 0.5689222812652588,
    "1_26": 0.01879699155688286,
    "1_27": 0.01879699155688286,
    "1_28": 0.01879699155688286,
    "1_29": 0.01879699155688286,
    "1_30": 0.01879699155688286,
    "1_31": 0.01879699155688286,
    "1_32": 0.01879699155688286,
    "1_33": 0.7832080125808716,
    "2_0": 0.08897242695093155,
    "2_1": 0.08521303534507751,
    "2_2": 0.09147869795560837,
    "2_3": 0.09774436056613922,
    "2_4": 0.11528822034597397,
    "2_5": 0.13659147918224335,
    "2_6": 0.1553884744644165,
    "2_7": 0.14536340534687042,
    "2_8": 0.13533835113048553,
    "2_9": 0.1428571492433548,
    "2_10": 0.16290727257728577,
    "2_11": 0.14912280440330505,
    "2_12": 0.1428571492433548,
    "2_13": 0.13533835113048553,
    "2_14": 0.12656641006469727,
    "2_15": 0.16416040062904358,
    "2_16": 0.16416040062904358,
    "2_17": 0.14536340534687042,
    "2_18": 0.16416040062904358,
    "2_19": 0.21177944540977478,
    "2_20": 0.2481202930212021,
    "2_21": 0.2832080125808716,
    "2_22": 0.26817041635513306,
    "2_23": 0.2606516182422638,
    "2_24": 0.3897243142127991,
    "2_25": 0.44486215710639954,
    "2_26": 0.01879699155688286,
    "2_27": 0.01879699155688286,
    "2_28": 0.01879699155688286,
    "2_29": 0.01879699155688286,
    "2_30": 0.01879699155688286,
    "2_31": 0.01879699155688286,
    "2_32": 0.01879699155688286,
    "2_33": 0.7343358397483826,
    "3_0": 0.095238097012043,
    "3_1": 0.10526315867900848,
    "3_2": 0.11027568578720093,
    "3_3": 0.11027568578720093,
    "3_4": 0.11528822034597397,
    "3_5": 0.11654135584831238,
    "3_6": 0.1315789520740509,
    "3_7": 0.12531328201293945,
    "3_8": 0.12406014651060104,
    "3_9": 0.12907268106937408,
    "3_10": 0.13533835113048553,
    "3_11": 0.13408520817756653,
    "3_12": 0.13533835113048553,
    "3_13": 0.12155388295650482,
    "3_14": 0.13784460723400116,
    "3_15": 0.16165412962436676,
    "3_16": 0.15162907540798187,
    "3_17": 0.1441102772951126,
    "3_18": 0.13909775018692017,
    "3_19": 0.2255639135837555,
    "3_20": 0.27819550037384033,
    "3_21": 0.26566416025161743,
    "3_22": 0.23057644069194794,
    "3_23": 0.2368421107530594,
    "3_24": 0.4035087823867798,
    "3_25": 0.5626566410064697,
    "3_26": 0.01879699155688286,
    "3_27": 0.01879699155688286,
    "3_28": 0.01879699155688286,
    "3_29": 0.01879699155688286,
    "3_30": 0.01879699155688286,
    "3_31": 0.01879699155688286,
    "3_32": 0.01879699155688286,
    "3_33": 0.7443609237670898
  },
  "shuffle_control": {
    "-2_17": 0.016290726140141487,
    "-1_17": 0.015037594363093376,
    "0_17": 0.01879699155688286,
    "1_17": 0.017543859779834747,
    "2_17": 0.02255639061331749,
    "3_17": 0.035087719559669495
  },
  "peak_acc_by_offset": {
    "-2": 0.8947368264198303,
    "-1": 0.8558897376060486,
    "0": 0.8621553778648376,
    "1": 0.7832080125808716,
    "2": 0.7343358397483826,
    "3": 0.7443609237670898
  },
  "delta_newline": 0.8433583863079548,
  "delta_newline_layer": 26
}