{
  "tag": "teacher_sft_seed0_ckpt_100",
  "n_families": 124,
  "n_train": 1494,
  "n_val": 797,
  "n_layers": 34,
  "offsets": [
    -2,
    -1,
    0,
    1,
    2,
    3
  ],
  "acc": {
    "-2_0": 0.8218318819999695,
    "-2_1": 0.836888313293457,
    "-2_2": 0.836888313293457,
    "-2_3": 0.8356336355209351,
    "-2_4": 0.8105395436286926,
    "-2_5": 0.8030112981796265,
    "-2_6": 0.8092848062515259,
    "-2_7": 0.7854453921318054,
    "-2_8": 0.797992467880249,
    "-2_9": 0.7854453921318054,
    "-2_10": 0.799247145652771,
    "-2_11": 0.7892095446586609,
    "-2_12": 0.7892095446586609,
    "-2_13": 0.8067753911018372,
    "-2_14": 0.7490589618682861,
    "-2_15": 0.7741530537605286,
    "-2_16": 0.8130488991737366,
    "-2_17": 0.7954830527305603,
    "-2_18": 0.8444165587425232,
    "-2_19": 0.8268506526947021,
    "-2_20": 0.8406524658203125,
    "-2_21": 0.8406524658203125,
    "-2_22": 0.8431618213653564,
    "-2_23": 0.8557088971138,
    "-2_24": 0.856963574886322,
    "-2_25": 0.01756587252020836,
    "-2_26": 0.01756587252020836,
    "-2_27": 0.01756587252020836,
    "-2_28": 0.01756587252020836,
    "-2_29": 0.01756587252020836,
    "-2_30": 0.01756587252020836,
    "-2_31": 0.01756587252020836,
    "-2_32": 0.01756587252020836,
    "-2_33": 0.8519448041915894,
    "-1_0": 0.0388958603143692,
    "-1_1": 0.040150564163923264,
    "-1_2": 0.5018820762634277,
    "-1_3": 0.6148055195808411,
    "-1_4": 0.6737766265869141,
    "-1_5": 0.5683814287185669,
    "-1_6": 0.5031367540359497,
    "-1_7": 0.3826850652694702,
    "-1_8": 0.3764115273952484,
    "-1_9": 0.38519448041915894,
    "-1_10": 0.4215809106826782,
    "-1_11": 0.29736512899398804,
    "-1_12": 0.26474279165267944,
    "-1_13": 0.34629860520362854,
    "-1_14": 0.317440390586853,
    "-1_15": 0.3538268506526947,
    "-1_16": 0.3350062668323517,
    "-1_17": 0.32873275876045227,
    "-1_18": 0.5332496762275696,
    "-1_19": 0.48180675506591797,
    "-1_20": 0.46925970911979675,
    "-1_21": 0.5834378600120544,
    "-1_22": 0.7189460396766663,
    "-1_23": 0.702634871006012,
    "-1_24": 0.8042659759521484,
    "-1_25": 0.7967377305030823,
    "-1_26": 0.7867001295089722,
    "-1_27": 0.01756587252020836,
    "-1_28": 0.01756587252020836,
    "-1_29": 0.01756587252020836,
    "-1_30": 0.01756587252020836,
    "-1_31": 0.01756587252020836,
    "-1_32": 0.01756587252020836,
    "-1_33": 0.8456712365150452,
    "0_0": 0.02634880691766739,
    "0_1": 0.0,
    "0_2": 0.13801756501197815,
    "0_3": 0.11794228106737137,
    "0_4": 0.3048933446407318,
    "0_5": 0.19573399424552917,
    "0_6": 0.04391467943787575,
    "0_7": 0.06649937480688095,
    "0_8": 0.0715181902050972,
    "0_9": 0.06900878250598907,
    "0_10": 0.0388958603143692,
    "0_11": 0.0388958603143692,
    "0_12": 0.023839397355914116,
    "0_13": 0.02634880691766739,
    "0_14": 0.0552070252597332,
    "0_15": 0.048933498561382294,
    "0_16": 0.10037641227245331,
    "0_17": 0.06273525953292847,
    "0_18": 0.13801756501197815,
    "0_19": 0.36511918902397156,
    "0_20": 0.3927226960659027,
    "0_21": 0.5294855833053589,
    "0_22": 0.5646173357963562,
    "0_23": 0.5671266913414001,
    "0_24": 0.6813048720359802,
    "0_25": 0.780426561832428,
    "0_26": 0.8531994819641113,
    "0_27": 0.01756587252020836,
    "0_28": 0.01756587252020836,
    "0_29": 0.01756587252020836,
    "0_30": 0.01756587252020836,
    "0_31": 0.01756587252020836,
    "0_32": 0.01756587252020836,
    "0_33": 0.8255959749221802,
    "1_0": 0.05395232141017914,
    "1_1": 0.041405268013477325,
    "1_2": 0.06775407493114471,
    "1_3": 0.10790464282035828,
    "1_4": 0.15056461095809937,
    "1_5": 0.13048933446407318,
    "1_6": 0.13801756501197815,
    "1_7": 0.1392722725868225,
    "1_8": 0.1718946099281311,
    "1_9": 0.16436637938022614,
    "1_10": 0.1718946099281311,
    "1_11": 0.15307402610778809,
    "1_12": 0.1367628574371338,
    "1_13": 0.15432873368263245,
    "1_14": 0.18569636344909668,
    "1_15": 0.21204516291618347,
    "1_16": 0.19322459399700165,
    "1_17": 0.1718946099281311,
    "1_18": 0.23337514698505402,
    "1_19": 0.312421590089798,
    "1_20": 0.35508155822753906,
    "1_21": 0.4642409086227417,
    "1_22": 0.49184441566467285,
    "1_23": 0.4479297399520874,
    "1_24": 0.5821831822395325,
    "1_25": 0.6097866892814636,
    "1_26": 0.01756587252020836,
    "1_27": 0.01756587252020836,
    "1_28": 0.01756587252020836,
    "1_29": 0.01756587252020836,
    "1_30": 0.01756587252020836,
    "1_31": 0.01756587252020836,
    "1_32": 0.01756587252020836,
    "1_33": 0.7540777921676636,
    "2_0": 0.10915934294462204,
    "2_1": 0.11292345821857452,
    "2_2": 0.11543287336826324,
    "2_3": 0.10915934294462204,
    "2_4": 0.14178167283535004,
    "2_5": 0.14178167283535004,
    "2_6": 0.18695107102394104,
    "2_7": 0.14178167283535004,
    "2_8": 0.16060225665569305,
    "2_9": 0.16311167180538177,
    "2_10": 0.15683813393115997,
    "2_11": 0.1392722725868225,
    "2_12": 0.14052698016166687,
    "2_13": 0.1593475490808487,
    "2_14": 0.13174404203891754,
    "2_15": 0.16436637938022614,
    "2_16": 0.16938519477844238,
    "2_17": 0.15307402610778809,
    "2_18": 0.18067753314971924,
    "2_19": 0.24090337753295898,
    "2_20": 0.2823086678981781,
    "2_21": 0.30112922191619873,
    "2_22": 0.3111668825149536,
    "2_23": 0.29861980676651,
    "2_24": 0.4253450334072113,
    "2_25": 0.47553324699401855,
    "2_26": 0.01756587252020836,
    "2_27": 0.01756587252020836,
    "2_28": 0.01756587252020836,
    "2_29": 0.01756587252020836,
    "2_30": 0.01756587252020836,
    "2_31": 0.01756587252020836,
    "2_32": 0.01756587252020836,
    "2_33": 0.7427854537963867,
    "3_0": 0.08908406645059586,
    "3_1": 0.09661229699850082,
    "3_2": 0.0941028818488121,
    "3_3": 0.09535758942365646,
    "3_4": 0.11919698864221573,
    "3_5": 0.10539522767066956,
    "3_6": 0.14052698016166687,
    "3_7": 0.13550814986228943,
    "3_8": 0.13801756501197815,
    "3_9": 0.14429108798503876,
    "3_10": 0.14052698016166687,
    "3_11": 0.1367628574371338,
    "3_12": 0.1329987496137619,
    "3_13": 0.1267252117395401,
    "3_14": 0.13048933446407318,
    "3_15": 0.15683813393115997,
    "3_16": 0.15181931853294373,
    "3_17": 0.12296110391616821,
    "3_18": 0.14680050313472748,
    "3_19": 0.20828105509281158,
    "3_20": 0.2534504234790802,
    "3_21": 0.259723961353302,
    "3_22": 0.2496863156557083,
    "3_23": 0.2371392697095871,
    "3_24": 0.37139272689819336,
    "3_25": 0.6010037660598755,
    "3_26": 0.01756587252020836,
    "3_27": 0.01756587252020836,
    "3_28": 0.01756587252020836,
    "3_29": 0.01756587252020836,
    "3_30": 0.01756587252020836,
    "3_31": 0.01756587252020836,
    "3_32": 0.01756587252020836,
    "3_33": 0.7314931154251099
  },
  "shuffle_control": {
    "-2_17": 0.022584691643714905,
    "-1_17": 0.016311166808009148,
    "0_17": 0.012547051534056664,
    "1_17": 0.023839397355914116,
    "2_17": 0.025094103068113327,
    "3_17": 0.0138017563149333
  },
  "peak_acc_by_offset": {
    "-2": 0.856963574886322,
    "-1": 0.8456712365150452,
    "0": 0.8531994819641113,
    "1": 0.7540777921676636,
    "2": 0.7427854537963867,
    "3": 0.7314931154251099
  },
  "delta_newline": 0.835633609443903,
  "delta_newline_layer": 26
}