{
  "tag": "tempsweep_t12",
  "n_families": 121,
  "n_train": 997,
  "n_val": 497,
  "n_layers": 34,
  "offsets": [
    -2,
    -1,
    0,
    1,
    2,
    3
  ],
  "acc": {
    "-2_0": 0.7987927198410034,
    "-2_1": 0.8008047938346863,
    "-2_2": 0.8008047938346863,
    "-2_3": 0.7967806458473206,
    "-2_4": 0.7665995955467224,
    "-2_5": 0.7746478319168091,
    "-2_6": 0.7505030035972595,
    "-2_7": 0.7062373757362366,
    "-2_8": 0.7162977457046509,
    "-2_9": 0.7102615237236023,
    "-2_10": 0.7364184856414795,
    "-2_11": 0.7022132277488708,
    "-2_12": 0.7162977457046509,
    "-2_13": 0.6438631415367126,
    "-2_14": 0.696177065372467,
    "-2_15": 0.6861166954040527,
    "-2_16": 0.6740442514419556,
    "-2_17": 0.7042253017425537,
    "-2_18": 0.7565392255783081,
    "-2_19": 0.7625754475593567,
    "-2_20": 0.7887323498725891,
    "-2_21": 0.804828941822052,
    "-2_22": 0.8229376077651978,
    "-2_23": 0.8490945100784302,
    "-2_24": 0.8350100517272949,
    "-2_25": 0.8370221257209778,
    "-2_26": 0.016096578910946846,
    "-2_27": 0.016096578910946846,
    "-2_28": 0.016096578910946846,
    "-2_29": 0.016096578910946846,
    "-2_30": 0.016096578910946846,
    "-2_31": 0.016096578910946846,
    "-2_32": 0.016096578910946846,
    "-2_33": 0.7987927198410034,
    "-1_0": 0.05231388285756111,
    "-1_1": 0.06237424165010452,
    "-1_2": 0.45674043893814087,
    "-1_3": 0.4909456670284271,
    "-1_4": 0.621730387210846,
    "-1_5": 0.43058347702026367,
    "-1_6": 0.3561367988586426,
    "-1_7": 0.3138832747936249,
    "-1_8": 0.2917504906654358,
    "-1_9": 0.265593558549881,
    "-1_10": 0.34205231070518494,
    "-1_11": 0.2494969666004181,
    "-1_12": 0.1690140813589096,
    "-1_13": 0.23138831555843353,
    "-1_14": 0.227364182472229,
    "-1_15": 0.2334003895521164,
    "-1_16": 0.22132796049118042,
    "-1_17": 0.2173038125038147,
    "-1_18": 0.38430583477020264,
    "-1_19": 0.3762575387954712,
    "-1_20": 0.3179074227809906,
    "-1_21": 0.4768611490726471,
    "-1_22": 0.6177062392234802,
    "-1_23": 0.5613681674003601,
    "-1_24": 0.6760563254356384,
    "-1_25": 0.668008029460907,
    "-1_26": 0.6639838814735413,
    "-1_27": 0.6740442514419556,
    "-1_28": 0.016096578910946846,
    "-1_29": 0.016096578910946846,
    "-1_30": 0.016096578910946846,
    "-1_31": 0.016096578910946846,
    "-1_32": 0.016096578910946846,
    "-1_33": 0.7464788556098938,
    "0_0": 0.028169013559818268,
    "0_1": 0.008048289455473423,
    "0_2": 0.0684104636311531,
    "0_3": 0.07645875215530396,
    "0_4": 0.2535211145877838,
    "0_5": 0.10663983225822449,
    "0_6": 0.022132795304059982,
    "0_7": 0.09054325520992279,
    "0_8": 0.0583500973880291,
    "0_9": 0.05030180886387825,
    "0_10": 0.04828973859548569,
    "0_11": 0.016096578910946846,
    "0_12": 0.036217302083969116,
    "0_13": 0.046277664601802826,
    "0_14": 0.03420523181557655,
    "0_15": 0.08853118121623993,
    "0_16": 0.0684104636311531,
    "0_17": 0.0422535203397274,
    "0_18": 0.06036217138171196,
    "0_19": 0.1267605572938919,
    "0_20": 0.19517101347446442,
    "0_21": 0.2555331885814667,
    "0_22": 0.34205231070518494,
    "0_23": 0.2816901206970215,
    "0_24": 0.45674043893814087,
    "0_25": 0.5694164633750916,
    "0_26": 0.7766599059104919,
    "0_27": 0.016096578910946846,
    "0_28": 0.016096578910946846,
    "0_29": 0.016096578910946846,
    "0_30": 0.016096578910946846,
    "0_31": 0.016096578910946846,
    "0_32": 0.016096578910946846,
    "0_33": 0.7746478319168091,
    "1_0": 0.024144869297742844,
    "1_1": 0.03420523181557655,
    "1_2": 0.05030180886387825,
    "1_3": 0.09859154373407364,
    "1_4": 0.14688128232955933,
    "1_5": 0.06237424165010452,
    "1_6": 0.0744466781616211,
    "1_7": 0.05030180886387825,
    "1_8": 0.08048289269208908,
    "1_9": 0.10663983225822449,
    "1_10": 0.09255532920360565,
    "1_11": 0.1006036177277565,
    "1_12": 0.07847081869840622,
    "1_13": 0.10261569172143936,
    "1_14": 0.12474848330020905,
    "1_15": 0.14084506034851074,
    "1_16": 0.13078470528125763,
    "1_17": 0.11267605423927307,
    "1_18": 0.13883298635482788,
    "1_19": 0.1851106584072113,
    "1_20": 0.2173038125038147,
    "1_21": 0.26156941056251526,
    "1_22": 0.24547283351421356,
    "1_23": 0.24144868552684784,
    "1_24": 0.37424546480178833,
    "1_25": 0.3822937607765198,
    "1_26": 0.016096578910946846,
    "1_27": 0.016096578910946846,
    "1_28": 0.016096578910946846,
    "1_29": 0.016096578910946846,
    "1_30": 0.016096578910946846,
    "1_31": 0.016096578910946846,
    "1_32": 0.016096578910946846,
    "1_33": 0.6358148455619812,
    "2_0": 0.054325953125953674,
    "2_1": 0.07847081869840622,
    "2_2": 0.06438631564378738,
    "2_3": 0.0583500973880291,
    "2_4": 0.07243460416793823,
    "2_5": 0.0845070406794548,
    "2_6": 0.11267605423927307,
    "2_7": 0.09054325520992279,
    "2_8": 0.08651911467313766,
    "2_9": 0.09054325520992279,
    "2_10": 0.08853118121623993,
    "2_11": 0.0845070406794548,
    "2_12": 0.07042253017425537,
    "2_13": 0.0684104636311531,
    "2_14": 0.07645875215530396,
    "2_15": 0.0744466781616211,
    "2_16": 0.07645875215530396,
    "2_17": 0.08651911467313766,
    "2_18": 0.09054325520992279,
    "2_19": 0.11468812823295593,
    "2_20": 0.13883298635482788,
    "2_21": 0.14688128232955933,
    "2_22": 0.11267605423927307,
    "2_23": 0.11267605423927307,
    "2_24": 0.19718308746814728,
    "2_25": 0.25150904059410095,
    "2_26": 0.016096578910946846,
    "2_27": 0.016096578910946846,
    "2_28": 0.016096578910946846,
    "2_29": 0.016096578910946846,
    "2_30": 0.016096578910946846,
    "2_31": 0.016096578910946846,
    "2_32": 0.016096578910946846,
    "2_33": 0.5875251293182373,
    "3_0": 0.054325953125953674,
    "3_1": 0.06036217138171196,
    "3_2": 0.054325953125953674,
    "3_3": 0.0744466781616211,
    "3_4": 0.07042253017425537,
    "3_5": 0.06237424165010452,
    "3_6": 0.08651911467313766,
    "3_7": 0.08853118121623993,
    "3_8": 0.07243460416793823,
    "3_9": 0.07847081869840622,
    "3_10": 0.09859154373407364,
    "3_11": 0.0845070406794548,
    "3_12": 0.07645875215530396,
    "3_13": 0.07243460416793823,
    "3_14": 0.0744466781616211,
    "3_15": 0.08249496668577194,
    "3_16": 0.07847081869840622,
    "3_17": 0.08853118121623993,
    "3_18": 0.07042253017425537,
    "3_19": 0.10261569172143936,
    "3_20": 0.11468812823295593,
    "3_21": 0.13078470528125763,
    "3_22": 0.1368209272623062,
    "3_23": 0.1267605572938919,
    "3_24": 0.20925553143024445,
    "3_25": 0.4386317729949951,
    "3_26": 0.016096578910946846,
    "3_27": 0.016096578910946846,
    "3_28": 0.016096578910946846,
    "3_29": 0.016096578910946846,
    "3_30": 0.016096578910946846,
    "3_31": 0.016096578910946846,
    "3_32": 0.016096578910946846,
    "3_33": 0.6177062392234802
  },
  "shuffle_control": {
    "-2_17": 0.036217302083969116,
    "-1_17": 0.03018108569085598,
    "0_17": 0.010060361586511135,
    "1_17": 0.03219315782189369,
    "2_17": 0.016096578910946846,
    "3_17": 0.010060361586511135
  },
  "peak_acc_by_offset": {
    "-2": 0.8490945100784302,
    "-1": 0.7464788556098938,
    "0": 0.7766599059104919,
    "1": 0.6358148455619812,
    "2": 0.5875251293182373,
    "3": 0.6177062392234802
  },
  "delta_newline": 0.7605633269995451,
  "delta_newline_layer": 26
}