{
  "tag": "tempsweep_t07",
  "n_families": 113,
  "n_train": 999,
  "n_val": 499,
  "n_layers": 34,
  "offsets": [
    -2,
    -1,
    0,
    1,
    2,
    3
  ],
  "acc": {
    "-2_0": 0.8316633105278015,
    "-2_1": 0.8396793603897095,
    "-2_2": 0.8316633105278015,
    "-2_3": 0.8436874151229858,
    "-2_4": 0.8216432929039001,
    "-2_5": 0.8076152205467224,
    "-2_6": 0.7955911755561829,
    "-2_7": 0.7815631628036499,
    "-2_8": 0.7595190405845642,
    "-2_9": 0.7254509329795837,
    "-2_10": 0.7454909682273865,
    "-2_11": 0.7555110454559326,
    "-2_12": 0.7515029907226562,
    "-2_13": 0.6993988156318665,
    "-2_14": 0.7334669232368469,
    "-2_15": 0.757515013217926,
    "-2_16": 0.7595190405845642,
    "-2_17": 0.7875751852989197,
    "-2_18": 0.8356713652610779,
    "-2_19": 0.8336673378944397,
    "-2_20": 0.8396793603897095,
    "-2_21": 0.8356713652610779,
    "-2_22": 0.8376753330230713,
    "-2_23": 0.8677355051040649,
    "-2_24": 0.8496994376182556,
    "-2_25": 0.020040079951286316,
    "-2_26": 0.020040079951286316,
    "-2_27": 0.020040079951286316,
    "-2_28": 0.020040079951286316,
    "-2_29": 0.020040079951286316,
    "-2_30": 0.020040079951286316,
    "-2_31": 0.020040079951286316,
    "-2_32": 0.020040079951286316,
    "-2_33": 0.8476954102516174,
    "-1_0": 0.020040079951286316,
    "-1_1": 0.07615230232477188,
    "-1_2": 0.48496994376182556,
    "-1_3": 0.531062126159668,
    "-1_4": 0.6332665681838989,
    "-1_5": 0.44088175892829895,
    "-1_6": 0.4328657388687134,
    "-1_7": 0.2885771691799164,
    "-1_8": 0.29659318923950195,
    "-1_9": 0.2605210542678833,
    "-1_10": 0.3567134439945221,
    "-1_11": 0.22244489192962646,
    "-1_12": 0.20641282200813293,
    "-1_13": 0.2665330767631531,
    "-1_14": 0.22444890439510345,
    "-1_15": 0.2605210542678833,
    "-1_16": 0.24448898434638977,
    "-1_17": 0.2124248594045639,
    "-1_18": 0.4028056263923645,
    "-1_19": 0.4028056263923645,
    "-1_20": 0.378757506608963,
    "-1_21": 0.48897796869277954,
    "-1_22": 0.6633266806602478,
    "-1_23": 0.5691382884979248,
    "-1_24": 0.6833667159080505,
    "-1_25": 0.6953907608985901,
    "-1_26": 0.6833667159080505,
    "-1_27": 0.6913827657699585,
    "-1_28": 0.020040079951286316,
    "-1_29": 0.020040079951286316,
    "-1_30": 0.020040079951286316,
    "-1_31": 0.020040079951286316,
    "-1_32": 0.020040079951286316,
    "-1_33": 0.7815631628036499,
    "0_0": 0.014028056524693966,
    "0_1": 0.020040079951286316,
    "0_2": 0.15631262958049774,
    "0_3": 0.07615230232477188,
    "0_4": 0.2164328694343567,
    "0_5": 0.11222445219755173,
    "0_6": 0.046092186123132706,
    "0_7": 0.07815631479024887,
    "0_8": 0.058116234838962555,
    "0_9": 0.0701402798295021,
    "0_10": 0.06613226234912872,
    "0_11": 0.034068137407302856,
    "0_12": 0.05210420861840248,
    "0_13": 0.0240480974316597,
    "0_14": 0.07414829730987549,
    "0_15": 0.056112226098775864,
    "0_16": 0.0721442922949791,
    "0_17": 0.02605210430920124,
    "0_18": 0.08617234230041504,
    "0_19": 0.15430861711502075,
    "0_20": 0.19438877701759338,
    "0_21": 0.2825651466846466,
    "0_22": 0.36873748898506165,
    "0_23": 0.3326653242111206,
    "0_24": 0.46492987871170044,
    "0_25": 0.617234468460083,
    "0_26": 0.7955911755561829,
    "0_27": 0.020040079951286316,
    "0_28": 0.020040079951286316,
    "0_29": 0.020040079951286316,
    "0_30": 0.020040079951286316,
    "0_31": 0.020040079951286316,
    "0_32": 0.020040079951286316,
    "0_33": 0.8036072254180908,
    "1_0": 0.0480961948633194,
    "1_1": 0.0240480974316597,
    "1_2": 0.04208416864275932,
    "1_3": 0.09018035978078842,
    "1_4": 0.1182364746928215,
    "1_5": 0.09018035978078842,
    "1_6": 0.07815631479024887,
    "1_7": 0.07615230232477188,
    "1_8": 0.11222445219755173,
    "1_9": 0.10220441222190857,
    "1_10": 0.11623246967792511,
    "1_11": 0.09819639474153519,
    "1_12": 0.08617234230041504,
    "1_13": 0.13026052713394165,
    "1_14": 0.12424849718809128,
    "1_15": 0.146292582154274,
    "1_16": 0.17234468460083008,
    "1_17": 0.13426853716373444,
    "1_18": 0.13026052713394165,
    "1_19": 0.19839680194854736,
    "1_20": 0.21843688189983368,
    "1_21": 0.3046092092990875,
    "1_22": 0.29859718680381775,
    "1_23": 0.2665330767631531,
    "1_24": 0.3967936038970947,
    "1_25": 0.4488978087902069,
    "1_26": 0.020040079951286316,
    "1_27": 0.020040079951286316,
    "1_28": 0.020040079951286316,
    "1_29": 0.020040079951286316,
    "1_30": 0.020040079951286316,
    "1_31": 0.020040079951286316,
    "1_32": 0.020040079951286316,
    "1_33": 0.6833667159080505,
    "2_0": 0.06212424859404564,
    "2_1": 0.06813627481460571,
    "2_2": 0.06412825733423233,
    "2_3": 0.08416833728551865,
    "2_4": 0.07414829730987549,
    "2_5": 0.11623246967792511,
    "2_6": 0.10621242970228195,
    "2_7": 0.10020039975643158,
    "2_8": 0.11022043973207474,
    "2_9": 0.10821643471717834,
    "2_10": 0.11422845721244812,
    "2_11": 0.11422845721244812,
    "2_12": 0.10621242970228195,
    "2_13": 0.09819639474153519,
    "2_14": 0.08416833728551865,
    "2_15": 0.0961923897266388,
    "2_16": 0.10420841723680496,
    "2_17": 0.13426853716373444,
    "2_18": 0.11222445219755173,
    "2_19": 0.14829659461975098,
    "2_20": 0.1683366745710373,
    "2_21": 0.16232465207576752,
    "2_22": 0.17234468460083008,
    "2_23": 0.15030060708522797,
    "2_24": 0.22645290195941925,
    "2_25": 0.3366733491420746,
    "2_26": 0.020040079951286316,
    "2_27": 0.020040079951286316,
    "2_28": 0.020040079951286316,
    "2_29": 0.020040079951286316,
    "2_30": 0.020040079951286316,
    "2_31": 0.020040079951286316,
    "2_32": 0.020040079951286316,
    "2_33": 0.6312625408172607,
    "3_0": 0.0480961948633194,
    "3_1": 0.0701402798295021,
    "3_2": 0.06412825733423233,
    "3_3": 0.0701402798295021,
    "3_4": 0.08617234230041504,
    "3_5": 0.08817635476589203,
    "3_6": 0.0941883772611618,
    "3_7": 0.09218437224626541,
    "3_8": 0.08817635476589203,
    "3_9": 0.08817635476589203,
    "3_10": 0.08016031980514526,
    "3_11": 0.09218437224626541,
    "3_12": 0.0701402798295021,
    "3_13": 0.07815631479024887,
    "3_14": 0.08216433227062225,
    "3_15": 0.09218437224626541,
    "3_16": 0.0961923897266388,
    "3_17": 0.09819639474153519,
    "3_18": 0.09218437224626541,
    "3_19": 0.1402805596590042,
    "3_20": 0.13627254962921143,
    "3_21": 0.12825651466846466,
    "3_22": 0.13426853716373444,
    "3_23": 0.16032063961029053,
    "3_24": 0.236472949385643,
    "3_25": 0.48496994376182556,
    "3_26": 0.020040079951286316,
    "3_27": 0.020040079951286316,
    "3_28": 0.020040079951286316,
    "3_29": 0.020040079951286316,
    "3_30": 0.020040079951286316,
    "3_31": 0.020040079951286316,
    "3_32": 0.020040079951286316,
    "3_33": 0.6833667159080505
  },
  "shuffle_control": {
    "-2_17": 0.02605210430920124,
    "-1_17": 0.020040079951286316,
    "0_17": 0.028056113049387932,
    "1_17": 0.022044088691473007,
    "2_17": 0.016032064333558083,
    "3_17": 0.0240480974316597
  },
  "peak_acc_by_offset": {
    "-2": 0.8677355051040649,
    "-1": 0.7815631628036499,
    "0": 0.8036072254180908,
    "1": 0.6833667159080505,
    "2": 0.6312625408172607,
    "3": 0.6833667159080505
  },
  "delta_newline": 0.7755510956048965,
  "delta_newline_layer": 26
}