{
  "tag": "tempsweep_t03",
  "n_families": 115,
  "n_train": 996,
  "n_val": 498,
  "n_layers": 34,
  "offsets": [
    -2,
    -1,
    0,
    1,
    2,
    3
  ],
  "acc": {
    "-2_0": 0.823293149471283,
    "-2_1": 0.8092369437217712,
    "-2_2": 0.8293172121047974,
    "-2_3": 0.8112449645996094,
    "-2_4": 0.7931726574897766,
    "-2_5": 0.7851405143737793,
    "-2_6": 0.7489959597587585,
    "-2_7": 0.7269076108932495,
    "-2_8": 0.7429718375205994,
    "-2_9": 0.7349397540092468,
    "-2_10": 0.7309236526489258,
    "-2_11": 0.7690762877464294,
    "-2_12": 0.7449799180030823,
    "-2_13": 0.7349397540092468,
    "-2_14": 0.7068272829055786,
    "-2_15": 0.7108433246612549,
    "-2_16": 0.6867469549179077,
    "-2_17": 0.7530120015144348,
    "-2_18": 0.7991967797279358,
    "-2_19": 0.7730923295021057,
    "-2_20": 0.8192770481109619,
    "-2_21": 0.8373493552207947,
    "-2_22": 0.8594377040863037,
    "-2_23": 0.8514056205749512,
    "-2_24": 0.8353413343429565,
    "-2_25": 0.01606425642967224,
    "-2_26": 0.01606425642967224,
    "-2_27": 0.01606425642967224,
    "-2_28": 0.01606425642967224,
    "-2_29": 0.01606425642967224,
    "-2_30": 0.01606425642967224,
    "-2_31": 0.01606425642967224,
    "-2_32": 0.01606425642967224,
    "-2_33": 0.8132529854774475,
    "-1_0": 0.0662650614976883,
    "-1_1": 0.056224897503852844,
    "-1_2": 0.37550199031829834,
    "-1_3": 0.5060240626335144,
    "-1_4": 0.6365461349487305,
    "-1_5": 0.465863436460495,
    "-1_6": 0.345381498336792,
    "-1_7": 0.345381498336792,
    "-1_8": 0.2871485948562622,
    "-1_9": 0.281124472618103,
    "-1_10": 0.34939756989479065,
    "-1_11": 0.23694777488708496,
    "-1_12": 0.23694777488708496,
    "-1_13": 0.25702810287475586,
    "-1_14": 0.24297188222408295,
    "-1_15": 0.21887549757957458,
    "-1_16": 0.2329317182302475,
    "-1_17": 0.2068272978067398,
    "-1_18": 0.39558231830596924,
    "-1_19": 0.41566264629364014,
    "-1_20": 0.38353413343429565,
    "-1_21": 0.4598393440246582,
    "-1_22": 0.6305220723152161,
    "-1_23": 0.5722891092300415,
    "-1_24": 0.6385542154312134,
    "-1_25": 0.6485943794250488,
    "-1_26": 0.6746987700462341,
    "-1_27": 0.6967871189117432,
    "-1_28": 0.01606425642967224,
    "-1_29": 0.01606425642967224,
    "-1_30": 0.01606425642967224,
    "-1_31": 0.01606425642967224,
    "-1_32": 0.01606425642967224,
    "-1_33": 0.7670682668685913,
    "0_0": 0.02208835259079933,
    "0_1": 0.03212851285934448,
    "0_2": 0.10240963101387024,
    "0_3": 0.0662650614976883,
    "0_4": 0.2730923593044281,
    "0_5": 0.11044175922870636,
    "0_6": 0.03614457696676254,
    "0_7": 0.10441766679286957,
    "0_8": 0.0803212821483612,
    "0_9": 0.056224897503852844,
    "0_10": 0.07630521804094315,
    "0_11": 0.03815260902047157,
    "0_12": 0.058232929557561874,
    "0_13": 0.024096384644508362,
    "0_14": 0.052208833396434784,
    "0_15": 0.07228915393352509,
    "0_16": 0.048192769289016724,
    "0_17": 0.046184737235307693,
    "0_18": 0.08232931792736053,
    "0_19": 0.12851405143737793,
    "0_20": 0.20883533358573914,
    "0_21": 0.28313252329826355,
    "0_22": 0.3253012001514435,
    "0_23": 0.29518070816993713,
    "0_24": 0.45783132314682007,
    "0_25": 0.5481927394866943,
    "0_26": 0.7971886992454529,
    "0_27": 0.01606425642967224,
    "0_28": 0.01606425642967224,
    "0_29": 0.01606425642967224,
    "0_30": 0.01606425642967224,
    "0_31": 0.01606425642967224,
    "0_32": 0.01606425642967224,
    "0_33": 0.7690762877464294,
    "1_0": 0.046184737235307693,
    "1_1": 0.03413654491305351,
    "1_2": 0.062248993664979935,
    "1_3": 0.08835341036319733,
    "1_4": 0.10040160268545151,
    "1_5": 0.07228915393352509,
    "1_6": 0.07429718971252441,
    "1_7": 0.08232931792736053,
    "1_8": 0.11244979500770569,
    "1_9": 0.09036144614219666,
    "1_10": 0.10843373090028763,
    "1_11": 0.1064257025718689,
    "1_12": 0.11044175922870636,
    "1_13": 0.12449798732995987,
    "1_14": 0.09839357435703278,
    "1_15": 0.16265060007572174,
    "1_16": 0.1465863436460495,
    "1_17": 0.14257027208805084,
    "1_18": 0.13855421543121338,
    "1_19": 0.1987951695919037,
    "1_20": 0.19076304137706757,
    "1_21": 0.27108433842658997,
    "1_22": 0.2650602459907532,
    "1_23": 0.2670682668685913,
    "1_24": 0.36947789788246155,
    "1_25": 0.3935742974281311,
    "1_26": 0.01606425642967224,
    "1_27": 0.01606425642967224,
    "1_28": 0.01606425642967224,
    "1_29": 0.01606425642967224,
    "1_30": 0.01606425642967224,
    "1_31": 0.01606425642967224,
    "1_32": 0.01606425642967224,
    "1_33": 0.6606425642967224,
    "2_0": 0.03614457696676254,
    "2_1": 0.07228915393352509,
    "2_2": 0.086345374584198,
    "2_3": 0.0662650614976883,
    "2_4": 0.09839357435703278,
    "2_5": 0.09638553857803345,
    "2_6": 0.13453814387321472,
    "2_7": 0.10441766679286957,
    "2_8": 0.1064257025718689,
    "2_9": 0.10441766679286957,
    "2_10": 0.12449798732995987,
    "2_11": 0.10040160268545151,
    "2_12": 0.10843373090028763,
    "2_13": 0.09236947447061539,
    "2_14": 0.086345374584198,
    "2_15": 0.11445783078670502,
    "2_16": 0.10040160268545151,
    "2_17": 0.1064257025718689,
    "2_18": 0.09839357435703278,
    "2_19": 0.12449798732995987,
    "2_20": 0.1465863436460495,
    "2_21": 0.14257027208805084,
    "2_22": 0.12851405143737793,
    "2_23": 0.15060240030288696,
    "2_24": 0.21887549757957458,
    "2_25": 0.26305219531059265,
    "2_26": 0.01606425642967224,
    "2_27": 0.01606425642967224,
    "2_28": 0.01606425642967224,
    "2_29": 0.01606425642967224,
    "2_30": 0.01606425642967224,
    "2_31": 0.01606425642967224,
    "2_32": 0.01606425642967224,
    "2_33": 0.608433723449707,
    "3_0": 0.048192769289016724,
    "3_1": 0.062248993664979935,
    "3_2": 0.062248993664979935,
    "3_3": 0.0662650614976883,
    "3_4": 0.07630521804094315,
    "3_5": 0.09036144614219666,
    "3_6": 0.09839357435703278,
    "3_7": 0.10240963101387024,
    "3_8": 0.08433734625577927,
    "3_9": 0.10843373090028763,
    "3_10": 0.08232931792736053,
    "3_11": 0.09236947447061539,
    "3_12": 0.09638553857803345,
    "3_13": 0.08433734625577927,
    "3_14": 0.086345374584198,
    "3_15": 0.10040160268545151,
    "3_16": 0.10240963101387024,
    "3_17": 0.09036144614219666,
    "3_18": 0.08433734625577927,
    "3_19": 0.12248995900154114,
    "3_20": 0.11044175922870636,
    "3_21": 0.11847388744354248,
    "3_22": 0.13654617965221405,
    "3_23": 0.11847388744354248,
    "3_24": 0.1987951695919037,
    "3_25": 0.48192769289016724,
    "3_26": 0.01606425642967224,
    "3_27": 0.01606425642967224,
    "3_28": 0.01606425642967224,
    "3_29": 0.01606425642967224,
    "3_30": 0.01606425642967224,
    "3_31": 0.01606425642967224,
    "3_32": 0.01606425642967224,
    "3_33": 0.6646586060523987
  },
  "shuffle_control": {
    "-2_17": 0.01606425642967224,
    "-1_17": 0.028112448751926422,
    "0_17": 0.026104416698217392,
    "1_17": 0.03212851285934448,
    "2_17": 0.02208835259079933,
    "3_17": 0.02208835259079933
  },
  "peak_acc_by_offset": {
    "-2": 0.8594377040863037,
    "-1": 0.7670682668685913,
    "0": 0.7971886992454529,
    "1": 0.6606425642967224,
    "2": 0.608433723449707,
    "3": 0.6646586060523987
  },
  "delta_newline": 0.7811244428157806,
  "delta_newline_layer": 26
}