{
  "trained": "runs12b/corpus_sft_seed1/ckpt_100",
  "base": "google/gemma-3-12b-it",
  "tag": "corpus_sft12b_seed1",
  "total_update_norm": 3.249486033609518,
  "n_layers": 48,
  "per_layer_update_norm": {
    "0": 0.3993728961313862,
    "1": 0.3683641799760834,
    "2": 0.4149456116394362,
    "3": 0.4853864913878144,
    "4": 0.4444291964363116,
    "5": 0.372136060754992,
    "6": 0.43638350145493043,
    "7": 0.3914265056755031,
    "8": 0.4388719905947309,
    "9": 0.4229002281795733,
    "10": 0.3996259422744884,
    "11": 0.4054666266597459,
    "12": 0.39628804262772754,
    "13": 0.40403394254086755,
    "14": 0.42849047485177816,
    "15": 0.38914660097054216,
    "16": 0.41575405705362056,
    "17": 0.44350958030615606,
    "18": 0.40433040921242425,
    "19": 0.4224954740011004,
    "20": 0.4554546616262282,
    "21": 0.43365330276396963,
    "22": 0.48110973409269625,
    "23": 0.45200393171929226,
    "24": 0.44884414628694347,
    "25": 0.5035912805552037,
    "26": 0.45272205118368153,
    "27": 0.5199651358366659,
    "28": 0.4984090824980114,
    "29": 0.4924665390456167,
    "30": 0.4608252373695347,
    "31": 0.4719302970809924,
    "32": 0.4879037196855574,
    "33": 0.4414886201533925,
    "34": 0.4366362892185118,
    "35": 0.4497798364750319,
    "36": 0.4759399801901617,
    "37": 0.49196332152688693,
    "38": 0.4336651115652731,
    "39": 0.429227820974254,
    "40": 0.47906928738299703,
    "41": 0.4492292679637384,
    "42": 0.47203412668935674,
    "43": 0.47619140248027086,
    "44": 0.46192628145300574,
    "45": 0.45254264274931444,
    "46": 0.5235547229829733,
    "47": 0.4852544062383353
  },
  "update_by_type": {
    "attn": 1.2516743365231493,
    "mlp": 2.8357402447861277,
    "embed": 0.9752161434431023,
    "norm": 0.001255221465697705,
    "other": 0.0
  },
  "attn_mlp_ratio": 0.19482729563717965,
  "gini_layer_energy": 0.09461120099180098,
  "top25pct_layer_energy_share": 0.30473147345325874
}