{
  "trained": "runs12b/corpus_sft_seed0/ckpt_100",
  "base": "google/gemma-3-12b-it",
  "tag": "corpus_sft12b_seed0",
  "total_update_norm": 3.2064419347615503,
  "n_layers": 48,
  "per_layer_update_norm": {
    "0": 0.3804478453500806,
    "1": 0.35048452138930947,
    "2": 0.38104734007567403,
    "3": 0.4931958004249882,
    "4": 0.4226618841524461,
    "5": 0.359522754193572,
    "6": 0.4190814398104737,
    "7": 0.37662142102409607,
    "8": 0.41686741429569524,
    "9": 0.40351432893560163,
    "10": 0.3763781414579313,
    "11": 0.385770194085507,
    "12": 0.37458104683785093,
    "13": 0.3838833279729524,
    "14": 0.40522416461526944,
    "15": 0.36797100484882533,
    "16": 0.3939484220955857,
    "17": 0.42596097994843124,
    "18": 0.3890699027815709,
    "19": 0.4096611463412879,
    "20": 0.44490322563976237,
    "21": 0.4234286245994225,
    "22": 0.4725673812337943,
    "23": 0.4432215274134437,
    "24": 0.44514400186740455,
    "25": 0.5031192690733192,
    "26": 0.45438208529153984,
    "27": 0.5222863627605612,
    "28": 0.4970549101401156,
    "29": 0.49429081553940996,
    "30": 0.4601422640801447,
    "31": 0.4732190040068948,
    "32": 0.4890037580014631,
    "33": 0.4454091946395567,
    "34": 0.4414065638844423,
    "35": 0.45274324254147047,
    "36": 0.477217647511842,
    "37": 0.49423088057071896,
    "38": 0.4376864365710733,
    "39": 0.43124740261180255,
    "40": 0.48028288398520885,
    "41": 0.45134264914736444,
    "42": 0.4747866085742248,
    "43": 0.4822388267784111,
    "44": 0.4668798390698188,
    "45": 0.45780039557334345,
    "46": 0.529204177041275,
    "47": 0.4913115374146035
  },
  "update_by_type": {
    "attn": 1.232976420144099,
    "mlp": 2.7953849616435393,
    "embed": 0.9730676294270358,
    "norm": 0.001154618738883398,
    "other": 0.0
  },
  "attn_mlp_ratio": 0.19454778620084864,
  "gini_layer_energy": 0.11840961278404882,
  "top25pct_layer_energy_share": 0.31671384809534614
}