{
  "trained": "runs12b/corpus_sft_seed2/ckpt_100",
  "base": "google/gemma-3-12b-it",
  "tag": "corpus_sft12b_seed2",
  "total_update_norm": 3.205964295944475,
  "n_layers": 48,
  "per_layer_update_norm": {
    "0": 0.3934911903276886,
    "1": 0.36156678701210493,
    "2": 0.40690538008371324,
    "3": 0.4835837783962475,
    "4": 0.43177817123783824,
    "5": 0.36632695343640787,
    "6": 0.4316818549189588,
    "7": 0.3803234618574697,
    "8": 0.42825771493819015,
    "9": 0.41441820120608686,
    "10": 0.3884525945044548,
    "11": 0.3983839145749786,
    "12": 0.38678049361328626,
    "13": 0.39477206382084173,
    "14": 0.4173111010716538,
    "15": 0.3779397909875581,
    "16": 0.4047494851449903,
    "17": 0.43246919493440783,
    "18": 0.3917551105270869,
    "19": 0.40877224351736885,
    "20": 0.44203891160565995,
    "21": 0.41799687798944907,
    "22": 0.4609643330690379,
    "23": 0.43600096787473225,
    "24": 0.4384989273446483,
    "25": 0.4917870635325766,
    "26": 0.44340675737296303,
    "27": 0.5119767821559761,
    "28": 0.4902451345889162,
    "29": 0.48452705762410914,
    "30": 0.45194710589553017,
    "31": 0.4627772767883428,
    "32": 0.4854215810340929,
    "33": 0.4391215376768348,
    "34": 0.4366457725017419,
    "35": 0.45214417478228675,
    "36": 0.4763633818198724,
    "37": 0.49341540281808427,
    "38": 0.4357240434583582,
    "39": 0.42923294266887413,
    "40": 0.4792880816209359,
    "41": 0.4528617191559664,
    "42": 0.4765112592360684,
    "43": 0.47978829255293154,
    "44": 0.46435013094240485,
    "45": 0.454290431300133,
    "46": 0.5276840546862995,
    "47": 0.48743095245616663
  },
  "update_by_type": {
    "attn": 1.238391321902542,
    "mlp": 2.7962173342672574,
    "embed": 0.9621648006605032,
    "norm": 0.0012315114597225634,
    "other": 0.0
  },
  "attn_mlp_ratio": 0.19614351448949513,
  "gini_layer_energy": 0.1021541276714324,
  "top25pct_layer_energy_share": 0.309549384415299
}