{
  "trained": "runs/corpus_sft_seed1/ckpt_100",
  "base": "google/gemma-3-4b-it",
  "tag": "corpus_sft_seed1_ckpt_100",
  "total_update_norm": 2.2129381560990335,
  "n_layers": 34,
  "per_layer_update_norm": {
    "0": 0.28758173357695205,
    "1": 0.2993702511040606,
    "2": 0.2850054815268329,
    "3": 0.2610659502386704,
    "4": 0.2933317574023755,
    "5": 0.317061503008314,
    "6": 0.27183619356781824,
    "7": 0.2773408504100782,
    "8": 0.2733707411310424,
    "9": 0.2769328238063722,
    "10": 0.30117419076590335,
    "11": 0.3383084649779886,
    "12": 0.28747450193967417,
    "13": 0.3068759313023453,
    "14": 0.31005404508438095,
    "15": 0.3531576875971144,
    "16": 0.31245806354902217,
    "17": 0.3397060203746934,
    "18": 0.3519045449003677,
    "19": 0.3799105215308888,
    "20": 0.38589202348927804,
    "21": 0.385720056644036,
    "22": 0.37986550511837347,
    "23": 0.3728511995203381,
    "24": 0.4074921973715045,
    "25": 0.39545947276485627,
    "26": 0.40522272614251637,
    "27": 0.35334390248624464,
    "28": 0.3724165707659215,
    "29": 0.3641366841602923,
    "30": 0.37282961764570394,
    "31": 0.3613590654129558,
    "32": 0.41213466919205666,
    "33": 0.38846542373655146
  },
  "update_by_type": {
    "attn": 0.7317556507250844,
    "mlp": 1.8474877564943375,
    "embed": 0.9738666096843548,
    "norm": 0.0013290960530044007,
    "other": 0.0
  },
  "attn_mlp_ratio": 0.15688052415660397,
  "gini_layer_energy": 0.15265137998609335,
  "top25pct_layer_energy_share": 0.31641683205380017
}