{
  "trained": "runs/corpus_sft_seed0/ckpt_100",
  "base": "google/gemma-3-4b-it",
  "tag": "corpus_sft_seed0_ckpt_100",
  "total_update_norm": 2.2073597267315206,
  "n_layers": 34,
  "per_layer_update_norm": {
    "0": 0.28934578248508636,
    "1": 0.3010348412465796,
    "2": 0.28633897349684934,
    "3": 0.26224500302243237,
    "4": 0.2959834422568583,
    "5": 0.32163046530794337,
    "6": 0.27636672914537375,
    "7": 0.27951137557953026,
    "8": 0.2771578316496183,
    "9": 0.27965951343811674,
    "10": 0.30208135460693,
    "11": 0.3392792237429522,
    "12": 0.28818368821754686,
    "13": 0.305730214402662,
    "14": 0.30763633068631924,
    "15": 0.3489137368034505,
    "16": 0.3117513249103078,
    "17": 0.3394908608357279,
    "18": 0.35001997371820376,
    "19": 0.378390720131764,
    "20": 0.38500218544212406,
    "21": 0.38649959870867856,
    "22": 0.3774123160298026,
    "23": 0.37188847076887477,
    "24": 0.40577890231199193,
    "25": 0.3921333326422424,
    "26": 0.40167057446769966,
    "27": 0.35159755571746176,
    "28": 0.37011672796697226,
    "29": 0.3622050954285394,
    "30": 0.3710550167345886,
    "31": 0.3599042979070556,
    "32": 0.4090551232831401,
    "33": 0.3871291509077588
  },
  "update_by_type": {
    "attn": 0.7333044609131318,
    "mlp": 1.8438208981092683,
    "embed": 0.9669667104417183,
    "norm": 0.0011863364646666527,
    "other": 0.0
  },
  "attn_mlp_ratio": 0.15817257609270355,
  "gini_layer_energy": 0.147430744652284,
  "top25pct_layer_energy_share": 0.31435558265221236
}