{
  "trained": "runs/corpus_sft_seed2/ckpt_100",
  "base": "google/gemma-3-4b-it",
  "tag": "corpus_sft_seed2_ckpt_100",
  "total_update_norm": 2.1750022404106937,
  "n_layers": 34,
  "per_layer_update_norm": {
    "0": 0.2865731769520628,
    "1": 0.2954173580181089,
    "2": 0.2802854559508134,
    "3": 0.25829886029761884,
    "4": 0.28914203259557275,
    "5": 0.31373762782056125,
    "6": 0.2684585406794404,
    "7": 0.2735209432009281,
    "8": 0.27103204709171347,
    "9": 0.2760290341963033,
    "10": 0.29844797612924945,
    "11": 0.33696791496629863,
    "12": 0.28508099508606705,
    "13": 0.3032963888850204,
    "14": 0.3045252958928431,
    "15": 0.345771171590483,
    "16": 0.3059848294032554,
    "17": 0.3315369611794154,
    "18": 0.34177178273738984,
    "19": 0.3685331494086926,
    "20": 0.3744081651818174,
    "21": 0.3756489567417248,
    "22": 0.3705402949799064,
    "23": 0.36602494332651153,
    "24": 0.40032561722308274,
    "25": 0.3865470983921593,
    "26": 0.39846337502623497,
    "27": 0.3500953289178081,
    "28": 0.3697759771259285,
    "29": 0.36057664901106373,
    "30": 0.36826081914575404,
    "31": 0.3588415423167345,
    "32": 0.4080425607165436,
    "33": 0.38427262844079185
  },
  "update_by_type": {
    "attn": 0.7247408878454332,
    "mlp": 1.8169247310274281,
    "embed": 0.9508775886369023,
    "norm": 0.0013131966831354898,
    "other": 0.0
  },
  "attn_mlp_ratio": 0.15910786738415006,
  "gini_layer_energy": 0.1495682892676602,
  "top25pct_layer_energy_share": 0.3139215277959281
}