{
  "trained": "runs/onpolicy_kd_seed2/ckpt_100",
  "base": "google/gemma-3-4b-it",
  "tag": "onpolicy_kd_seed2_ckpt_100",
  "total_update_norm": 2.0041327681503383,
  "n_layers": 34,
  "per_layer_update_norm": {
    "0": 0.28718535306364,
    "1": 0.2757980337396048,
    "2": 0.2574555787920916,
    "3": 0.23302378660739925,
    "4": 0.2717903170979141,
    "5": 0.28990820620444235,
    "6": 0.2473538195949318,
    "7": 0.2416585707776173,
    "8": 0.23673264966357108,
    "9": 0.240785289379566,
    "10": 0.2604774130127162,
    "11": 0.28723152366232624,
    "12": 0.24154593162044727,
    "13": 0.2548221951327068,
    "14": 0.25979872733297543,
    "15": 0.28815872174085777,
    "16": 0.2511084019889062,
    "17": 0.26854879481179605,
    "18": 0.26571440988843975,
    "19": 0.280333203308358,
    "20": 0.28318832642432384,
    "21": 0.28130070598377105,
    "22": 0.2746332513255691,
    "23": 0.27494085772175697,
    "24": 0.29597842418768094,
    "25": 0.29147325727452617,
    "26": 0.3073632153127192,
    "27": 0.2596906185314357,
    "28": 0.27263820480049755,
    "29": 0.27075601774537184,
    "30": 0.2806651803198618,
    "31": 0.2758638848375943,
    "32": 0.31376443272409893,
    "33": 0.3041568502435124
  },
  "update_by_type": {
    "attn": 0.6413752434711119,
    "mlp": 1.451237765596588,
    "embed": 1.2243748977295004,
    "norm": 0.0010034701823124405,
    "other": 0.0
  },
  "attn_mlp_ratio": 0.19532023674361415,
  "gini_layer_energy": 0.08459318427328455,
  "top25pct_layer_energy_share": 0.28106794946198244
}