{
  "trained": "runs/onpolicy_kd_seed0/ckpt_100",
  "base": "google/gemma-3-4b-it",
  "tag": "onpolicy_kd_seed0_ckpt_100",
  "total_update_norm": 2.0192609799495926,
  "n_layers": 34,
  "per_layer_update_norm": {
    "0": 0.2961391586757278,
    "1": 0.2811007936156445,
    "2": 0.2629790038892954,
    "3": 0.23680472769174407,
    "4": 0.27572352844121223,
    "5": 0.2943793036311314,
    "6": 0.25146024430053543,
    "7": 0.24400722019591473,
    "8": 0.23854327827591254,
    "9": 0.24172031828968116,
    "10": 0.2578596425475969,
    "11": 0.28333669351752505,
    "12": 0.23677308139683026,
    "13": 0.25118296539511525,
    "14": 0.25531606338829915,
    "15": 0.28376264734821266,
    "16": 0.24678154256194754,
    "17": 0.2647079995914537,
    "18": 0.2609970988913909,
    "19": 0.2743970037901028,
    "20": 0.2796895168898695,
    "21": 0.2779551635168863,
    "22": 0.2713818222254135,
    "23": 0.2729615499154047,
    "24": 0.2937397921546913,
    "25": 0.28877793058939255,
    "26": 0.3060120760525253,
    "27": 0.25883818780924805,
    "28": 0.27146528817650617,
    "29": 0.27127938248690536,
    "30": 0.28156168363243156,
    "31": 0.27628280234680774,
    "32": 0.3127645265172284,
    "33": 0.30320434286573417
  },
  "update_by_type": {
    "attn": 0.6416839705089346,
    "mlp": 1.446928663319404,
    "embed": 1.2538154545410662,
    "norm": 0.0009145258769639197,
    "other": 0.0
  },
  "attn_mlp_ratio": 0.19667453914949315,
  "gini_layer_energy": 0.08471044882387524,
  "top25pct_layer_energy_share": 0.2825749609573204
}