{
  "trained": "runs/onpolicy_kd_seed1/ckpt_100",
  "base": "google/gemma-3-4b-it",
  "tag": "onpolicy_kd_seed1_ckpt_100",
  "total_update_norm": 1.9850261513489307,
  "n_layers": 34,
  "per_layer_update_norm": {
    "0": 0.28589024307151506,
    "1": 0.27551192201575364,
    "2": 0.25767123035960277,
    "3": 0.23374425893138398,
    "4": 0.27073680412441475,
    "5": 0.29156114428990143,
    "6": 0.24964840306208835,
    "7": 0.24334569791522304,
    "8": 0.23881384184045779,
    "9": 0.24288335581842463,
    "10": 0.26145048086257666,
    "11": 0.28499459741287403,
    "12": 0.2391869749853954,
    "13": 0.25304655889993816,
    "14": 0.2571052770319196,
    "15": 0.28537147983722416,
    "16": 0.24805358632767596,
    "17": 0.2663959734016915,
    "18": 0.263795798042319,
    "19": 0.2769092053283847,
    "20": 0.2823543951029557,
    "21": 0.28020534410937026,
    "22": 0.27395327814827986,
    "23": 0.2751515177746151,
    "24": 0.29737976044999415,
    "25": 0.29157300630099686,
    "26": 0.3078499734434809,
    "27": 0.259757410857108,
    "28": 0.2717611780264717,
    "29": 0.27059449614807873,
    "30": 0.28161524023530304,
    "31": 0.27606001506794353,
    "32": 0.3128643499089086,
    "33": 0.30271519924198387
  },
  "update_by_type": {
    "attn": 0.6399567364896196,
    "mlp": 1.4487677416042202,
    "embed": 1.196601422071114,
    "norm": 0.0011245199413381626,
    "other": 0.0
  },
  "attn_mlp_ratio": 0.19512085722099273,
  "gini_layer_energy": 0.0839331040050788,
  "top25pct_layer_energy_share": 0.2814140360696303
}