{
  "trained": "runs_relax_s1/corpus_sft_seed1/ckpt_100",
  "base": "runs/corpus_sft_seed1/ckpt_100",
  "tag": "relaxpd_moresft_s1",
  "total_update_norm": 1.225504214861888,
  "n_layers": 34,
  "per_layer_update_norm": {
    "0": 0.2018840824649471,
    "1": 0.21720591093563182,
    "2": 0.20024792688470247,
    "3": 0.18236134645328242,
    "4": 0.20348050358127287,
    "5": 0.2195241892376764,
    "6": 0.1885330149269849,
    "7": 0.18448401111137003,
    "8": 0.17493590316956706,
    "9": 0.17237602431439245,
    "10": 0.18095037162628233,
    "11": 0.1982835667890641,
    "12": 0.16393327990882964,
    "13": 0.16634668813702322,
    "14": 0.16301973752281373,
    "15": 0.178223307490792,
    "16": 0.14819470557955688,
    "17": 0.15128985773483164,
    "18": 0.14858608500960446,
    "19": 0.1573703802140479,
    "20": 0.15577421411033668,
    "21": 0.1585047036247939,
    "22": 0.15809776362794936,
    "23": 0.16348794959215945,
    "24": 0.17588913391771224,
    "25": 0.16905400706834578,
    "26": 0.1842648634730079,
    "27": 0.15821646649566337,
    "28": 0.16746456952481892,
    "29": 0.16813070683172093,
    "30": 0.16876041663629124,
    "31": 0.15537917134805548,
    "32": 0.17470931869403886,
    "33": 0.15459663233465354
  },
  "update_by_type": {
    "attn": 0.392917315686509,
    "mlp": 0.9412794043778859,
    "embed": 0.6793152239066901,
    "norm": 0.00068785214726402,
    "other": 0.0
  },
  "attn_mlp_ratio": 0.17424696578054338,
  "gini_layer_energy": 0.12048894245573716,
  "top25pct_layer_energy_share": 0.3138486404115864
}