{
  "trained": "runs_relax_s1/teacher_kd_seed1/ckpt_100",
  "base": "runs/corpus_sft_seed1/ckpt_100",
  "tag": "relaxpd_offpolicy_s1",
  "total_update_norm": 1.7639201665057698,
  "n_layers": 34,
  "per_layer_update_norm": {
    "0": 0.24679121985425112,
    "1": 0.2681334844391162,
    "2": 0.2605678249976497,
    "3": 0.23405464628357914,
    "4": 0.2783465755543862,
    "5": 0.30385125029067045,
    "6": 0.2650435245798652,
    "7": 0.2833145900780775,
    "8": 0.2864544900421863,
    "9": 0.28750377115572584,
    "10": 0.30950853124318267,
    "11": 0.34379062165770086,
    "12": 0.29985336838517473,
    "13": 0.3182199286475269,
    "14": 0.32185702773578384,
    "15": 0.35755645293205923,
    "16": 0.30690267231520174,
    "17": 0.3157563632685065,
    "18": 0.3150563802736545,
    "19": 0.32130884180444685,
    "20": 0.3177302100700833,
    "21": 0.311260367866075,
    "22": 0.3080916837402622,
    "23": 0.29678658157694077,
    "24": 0.31234270156565835,
    "25": 0.3106782495065286,
    "26": 0.3118587896679465,
    "27": 0.26409045787731805,
    "28": 0.27207331804191326,
    "29": 0.27645832298859313,
    "30": 0.2775260289889881,
    "31": 0.27404802307514353,
    "32": 0.3197546246208311,
    "33": 0.32248009278804185
  },
  "update_by_type": {
    "attn": 0.7072308917887102,
    "mlp": 1.5887282160689107,
    "embed": 0.2952639509590537,
    "norm": 0.0008211187703390793,
    "other": 0.0
  },
  "attn_mlp_ratio": 0.19816330060151502,
  "gini_layer_energy": 0.09916778546016469,
  "top25pct_layer_energy_share": 0.2848069605649614
}