{
  "trained": "runs_relax/teacher_kd_seed0/ckpt_100",
  "base": "runs/corpus_sft_seed0/ckpt_100",
  "tag": "relaxpd_offpolicy",
  "total_update_norm": 1.777652990806683,
  "n_layers": 34,
  "per_layer_update_norm": {
    "0": 0.24236964987127188,
    "1": 0.2613692353899195,
    "2": 0.25166585178596207,
    "3": 0.2253582509244091,
    "4": 0.2685313512780212,
    "5": 0.2964208584265971,
    "6": 0.25569093337517557,
    "7": 0.2763027419915591,
    "8": 0.2873029368826214,
    "9": 0.2884734578819776,
    "10": 0.30925105883875925,
    "11": 0.347591195656814,
    "12": 0.3008486689436005,
    "13": 0.31732414712110885,
    "14": 0.3224129563612607,
    "15": 0.3578223498703424,
    "16": 0.3063563634053358,
    "17": 0.3189380935183689,
    "18": 0.3190187432255067,
    "19": 0.326484280762661,
    "20": 0.3218107094057611,
    "21": 0.313831216977209,
    "22": 0.3129484872266183,
    "23": 0.30222939204781907,
    "24": 0.321371924917017,
    "25": 0.32127733624179405,
    "26": 0.3233048703823407,
    "27": 0.2733297103636897,
    "28": 0.28257712193147705,
    "29": 0.28115425253799803,
    "30": 0.28736937936749696,
    "31": 0.2855191271352033,
    "32": 0.3315693980990595,
    "33": 0.33362189416269183
  },
  "update_by_type": {
    "attn": 0.7078682319441969,
    "mlp": 1.603886446723724,
    "embed": 0.294143407233506,
    "norm": 0.000802449470253727,
    "other": 0.0
  },
  "attn_mlp_ratio": 0.19478594182203207,
  "gini_layer_energy": 0.10982302055888171,
  "top25pct_layer_energy_share": 0.28915567238576123
}