{
  "trained": "runs_relax/corpus_sft_seed0/ckpt_100",
  "base": "runs/corpus_sft_seed0/ckpt_100",
  "tag": "relaxpd_moresft",
  "total_update_norm": 1.2437061668867466,
  "n_layers": 34,
  "per_layer_update_norm": {
    "0": 0.19859084158412998,
    "1": 0.21847378952497268,
    "2": 0.20317125842029937,
    "3": 0.18363302789728797,
    "4": 0.20586407010708807,
    "5": 0.22278283536757848,
    "6": 0.19282541235797748,
    "7": 0.19460658777380918,
    "8": 0.1860467595758715,
    "9": 0.18088582484272364,
    "10": 0.18793143613880242,
    "11": 0.20331742995514354,
    "12": 0.17073018913239796,
    "13": 0.1739004094002271,
    "14": 0.16954923368721014,
    "15": 0.18464109588141217,
    "16": 0.15402607849643402,
    "17": 0.15825222516911897,
    "18": 0.1552683376578376,
    "19": 0.16293861939289325,
    "20": 0.1624396499011033,
    "21": 0.16445858957836265,
    "22": 0.16448250384833488,
    "23": 0.16881933012944342,
    "24": 0.17926844315791104,
    "25": 0.17131533384074463,
    "26": 0.18765331109354713,
    "27": 0.16237404485565485,
    "28": 0.17118688628519763,
    "29": 0.17370261835361311,
    "30": 0.17328086284822844,
    "31": 0.1585732379518396,
    "32": 0.17832595088621414,
    "33": 0.16079078877423186
  },
  "update_by_type": {
    "attn": 0.4048689074477451,
    "mlp": 0.9671167716208695,
    "embed": 0.6690073917291327,
    "norm": 0.0006761624088590315,
    "other": 0.0
  },
  "attn_mlp_ratio": 0.17525524397119127,
  "gini_layer_energy": 0.1108362643951657,
  "top25pct_layer_energy_share": 0.3064417446027798
}