{
  "trained": "runs_relax_s2/onpolicy_kd_seed2/ckpt_100",
  "base": "runs/corpus_sft_seed2/ckpt_100",
  "tag": "relaxpd_onpolicy_s2",
  "total_update_norm": 2.0647838820944546,
  "n_layers": 34,
  "per_layer_update_norm": {
    "0": 0.2519626954066718,
    "1": 0.24686824785659245,
    "2": 0.23454046696496886,
    "3": 0.21498264183414212,
    "4": 0.2552175484528777,
    "5": 0.28482846064628553,
    "6": 0.25852247414054225,
    "7": 0.2816907783191023,
    "8": 0.2989419627608875,
    "9": 0.29819629413297044,
    "10": 0.31748638177772365,
    "11": 0.33925205139022224,
    "12": 0.30707536660632234,
    "13": 0.325403258528063,
    "14": 0.3294590563361173,
    "15": 0.3757247636070661,
    "16": 0.3243615932904827,
    "17": 0.33330070301474685,
    "18": 0.3448246147433837,
    "19": 0.35803181488434443,
    "20": 0.35300352977825944,
    "21": 0.3387215622188282,
    "22": 0.3300564778902173,
    "23": 0.3102031830574105,
    "24": 0.34292753469975734,
    "25": 0.3323493695347174,
    "26": 0.34161232870812586,
    "27": 0.2886330658314871,
    "28": 0.3050286590179421,
    "29": 0.2939888936821858,
    "30": 0.32047728798953373,
    "31": 0.3102788220022649,
    "32": 0.3528088487721491,
    "33": 0.34893338679735525
  },
  "update_by_type": {
    "attn": 0.7339635204169042,
    "mlp": 1.6685656572749572,
    "embed": 0.9698028995397407,
    "norm": 0.0010069067349034345,
    "other": 0.0
  },
  "attn_mlp_ratio": 0.19349170384024267,
  "gini_layer_energy": 0.1309307114948306,
  "top25pct_layer_energy_share": 0.29896287029786345
}