{
  "trained": "runs_relax_s2/corpus_sft_seed2/ckpt_100",
  "base": "runs/corpus_sft_seed2/ckpt_100",
  "tag": "relaxpd_moresft_s2",
  "total_update_norm": 1.2108566083270897,
  "n_layers": 34,
  "per_layer_update_norm": {
    "0": 0.1954862347910775,
    "1": 0.20933935242887128,
    "2": 0.19335307660861323,
    "3": 0.17723015518444016,
    "4": 0.1967990936910758,
    "5": 0.21335637232297772,
    "6": 0.18292208828825243,
    "7": 0.1813036448985551,
    "8": 0.1757081133882668,
    "9": 0.17320961598673543,
    "10": 0.1808777730119125,
    "11": 0.19618735455499045,
    "12": 0.16256538111995852,
    "13": 0.1645371736721167,
    "14": 0.15952308874991727,
    "15": 0.17479694667484771,
    "16": 0.14515223140347316,
    "17": 0.14980856630946815,
    "18": 0.14739205574490777,
    "19": 0.15611004888686128,
    "20": 0.1537636023142992,
    "21": 0.15791929929035745,
    "22": 0.15701987100172454,
    "23": 0.16175346539639807,
    "24": 0.1730634645185762,
    "25": 0.1671037678086643,
    "26": 0.18319007381220057,
    "27": 0.15581589471518043,
    "28": 0.1667774225076572,
    "29": 0.16935782808914696,
    "30": 0.16950101724227506,
    "31": 0.15656042685077193,
    "32": 0.17488690592495557,
    "33": 0.15727751681619148
  },
  "update_by_type": {
    "attn": 0.3898116301906425,
    "mlp": 0.9278065653370575,
    "embed": 0.6733462393542007,
    "norm": 0.000661938444982189,
    "other": 0.0
  },
  "attn_mlp_ratio": 0.17652031833178142,
  "gini_layer_energy": 0.11132253155943972,
  "top25pct_layer_energy_share": 0.30528157981568405
}