{
  "trained": "runs_relax_s1/onpolicy_kd_seed1/ckpt_100",
  "base": "runs/corpus_sft_seed1/ckpt_100",
  "tag": "relaxpd_onpolicy_s1",
  "total_update_norm": 2.102656057307978,
  "n_layers": 34,
  "per_layer_update_norm": {
    "0": 0.25108993299153565,
    "1": 0.2485568162078707,
    "2": 0.23887800332958836,
    "3": 0.2186848881009148,
    "4": 0.2570902341886803,
    "5": 0.28785088480086596,
    "6": 0.2603205186000484,
    "7": 0.28514720314329645,
    "8": 0.29664849932715737,
    "9": 0.2971720226868198,
    "10": 0.3215711409412179,
    "11": 0.3481490010106102,
    "12": 0.3073469213060237,
    "13": 0.32855094783270633,
    "14": 0.3369071120300204,
    "15": 0.3914303279624966,
    "16": 0.33954153862347763,
    "17": 0.34967815707203526,
    "18": 0.3573878068790744,
    "19": 0.36796467266318333,
    "20": 0.3638999634722228,
    "21": 0.3482032976771512,
    "22": 0.3403768404775461,
    "23": 0.32207170272744556,
    "24": 0.3549564584983871,
    "25": 0.34354607757700645,
    "26": 0.35208820204982394,
    "27": 0.2992212099809594,
    "28": 0.316410842106144,
    "29": 0.30455471716952354,
    "30": 0.33048760893323526,
    "31": 0.3204558586133525,
    "32": 0.36458667465506717,
    "33": 0.36154956534270777
  },
  "update_by_type": {
    "attn": 0.7543200185623272,
    "mlp": 1.71134043520192,
    "embed": 0.9609769177299523,
    "norm": 0.0010408473496951918,
    "other": 0.0
  },
  "attn_mlp_ratio": 0.19428462930445764,
  "gini_layer_energy": 0.14040982280559744,
  "top25pct_layer_energy_share": 0.3037341527327935
}