{
  "trained": "runs_relax_s2/teacher_kd_seed2/ckpt_100",
  "base": "runs/corpus_sft_seed2/ckpt_100",
  "tag": "relaxpd_offpolicy_s2",
  "total_update_norm": 1.7787572191279513,
  "n_layers": 34,
  "per_layer_update_norm": {
    "0": 0.24207436150266567,
    "1": 0.260732363502919,
    "2": 0.25487246935392044,
    "3": 0.23116856233995373,
    "4": 0.2758402462074092,
    "5": 0.3071935398899573,
    "6": 0.26113325668779025,
    "7": 0.2823235853975942,
    "8": 0.2917791965357435,
    "9": 0.2941794974139449,
    "10": 0.31860765742079844,
    "11": 0.35608092923605833,
    "12": 0.308664254929217,
    "13": 0.32553332106161337,
    "14": 0.32953307545939964,
    "15": 0.36158494829299376,
    "16": 0.30544444379468455,
    "17": 0.3155756570557154,
    "18": 0.3167904563893275,
    "19": 0.3244700012228204,
    "20": 0.3182439152243546,
    "21": 0.3105836373277852,
    "22": 0.3103812974495043,
    "23": 0.29919956436942835,
    "24": 0.3152371058927774,
    "25": 0.3153736935761884,
    "26": 0.3155702172345723,
    "27": 0.26736785878727054,
    "28": 0.2760962144762815,
    "29": 0.27969310383699136,
    "30": 0.28163636259915875,
    "31": 0.27837060089210086,
    "32": 0.32420861669296813,
    "33": 0.32872254800085443
  },
  "update_by_type": {
    "attn": 0.7104742165602514,
    "mlp": 1.604862071533828,
    "embed": 0.28917230634017665,
    "norm": 0.0008606979452892868,
    "other": 0.0
  },
  "attn_mlp_ratio": 0.19598427064102414,
  "gini_layer_energy": 0.10795275927880077,
  "top25pct_layer_energy_share": 0.2895972009789997
}