{
  "trained": "runs_relax/onpolicy_kd_seed0/ckpt_100",
  "base": "runs/corpus_sft_seed0/ckpt_100",
  "tag": "relaxpd_onpolicy",
  "total_update_norm": 2.076830258306207,
  "n_layers": 34,
  "per_layer_update_norm": {
    "0": 0.2569018456614755,
    "1": 0.25122310644344986,
    "2": 0.24005898384912483,
    "3": 0.21862667636240277,
    "4": 0.259345104480487,
    "5": 0.28887759141162384,
    "6": 0.25733827621261846,
    "7": 0.2821549142165194,
    "8": 0.2931511913014988,
    "9": 0.2929487685160856,
    "10": 0.31670694705755037,
    "11": 0.34695123320371307,
    "12": 0.30545975107901435,
    "13": 0.3265405690464191,
    "14": 0.33353754826025767,
    "15": 0.377350338045882,
    "16": 0.3276738647283642,
    "17": 0.33805157924092144,
    "18": 0.344626286148895,
    "19": 0.3580593226574705,
    "20": 0.3525134621185498,
    "21": 0.3368028514213343,
    "22": 0.3298081928551182,
    "23": 0.31276292152653046,
    "24": 0.34389132268742917,
    "25": 0.3332803246506559,
    "26": 0.34220185946465714,
    "27": 0.29053386272201087,
    "28": 0.3064166127144293,
    "29": 0.2971518510680192,
    "30": 0.32372400832559073,
    "31": 0.3154768219333925,
    "32": 0.36007994433814716,
    "33": 0.353918170494648
  },
  "update_by_type": {
    "attn": 0.7372936977795006,
    "mlp": 1.6788942171520311,
    "embed": 0.9751590256727116,
    "norm": 0.0010036400611116698,
    "other": 0.0
  },
  "attn_mlp_ratio": 0.1928565426673937,
  "gini_layer_energy": 0.13059132352284997,
  "top25pct_layer_energy_share": 0.2995533319641734
}