{
  "trained": "runs12b_selfdistill_v2/onpolicy_kd_seed0/ckpt_100",
  "base": "google/gemma-3-12b-it",
  "tag": "sd12bv2_seed0",
  "total_update_norm": 1.609619211331702,
  "n_layers": 48,
  "per_layer_update_norm": {
    "0": 0.16054195026075546,
    "1": 0.15552536083950244,
    "2": 0.16715620026621736,
    "3": 0.19146815231877018,
    "4": 0.18088073183760975,
    "5": 0.15421487218332974,
    "6": 0.1861031787711736,
    "7": 0.1717805432038978,
    "8": 0.19516192820451725,
    "9": 0.19236216893610372,
    "10": 0.18697449077670342,
    "11": 0.19135440769149736,
    "12": 0.19024638720112685,
    "13": 0.2000565263321087,
    "14": 0.21588277217802804,
    "15": 0.19739835689308954,
    "16": 0.21337008362541227,
    "17": 0.2297395088753954,
    "18": 0.21018018877013564,
    "19": 0.2244740093789192,
    "20": 0.24076453073459664,
    "21": 0.2270696873125519,
    "22": 0.25316158482225604,
    "23": 0.23045510442593836,
    "24": 0.23546086057193366,
    "25": 0.274538275072993,
    "26": 0.24399757295049027,
    "27": 0.28207640526638544,
    "28": 0.2680877369157176,
    "29": 0.2578821205651193,
    "30": 0.24379283159747292,
    "31": 0.24499297438075504,
    "32": 0.25605168809123324,
    "33": 0.22983945775104578,
    "34": 0.2247589344221554,
    "35": 0.22212811285452638,
    "36": 0.23713847116148362,
    "37": 0.24091665938195136,
    "38": 0.21404874868110527,
    "39": 0.21786885646174048,
    "40": 0.25370831315531484,
    "41": 0.2335553264359737,
    "42": 0.24178654822181164,
    "43": 0.2516950258925037,
    "44": 0.24761207905262259,
    "45": 0.2528074674131575,
    "46": 0.3015594548049414,
    "47": 0.2476264733122235
  },
  "update_by_type": {
    "attn": 0.6286576107446347,
    "mlp": 1.4282187941083284,
    "embed": 0.3947839777289151,
    "norm": 0.0005486576577549961,
    "other": 0.0
  },
  "attn_mlp_ratio": 0.1937487315244873,
  "gini_layer_energy": 0.1649537211528016,
  "top25pct_layer_energy_share": 0.3401058708782357
}