{
  "trained": "runs12b_selfdistill_v2/onpolicy_kd_seed1/ckpt_100",
  "base": "google/gemma-3-12b-it",
  "tag": "sd12bv2_seed1",
  "total_update_norm": 1.583840609789156,
  "n_layers": 48,
  "per_layer_update_norm": {
    "0": 0.15874031469778463,
    "1": 0.15515373274932284,
    "2": 0.1632295319313427,
    "3": 0.21059336933876,
    "4": 0.1781283413883446,
    "5": 0.15137339458140542,
    "6": 0.17927838811314414,
    "7": 0.16738161077405658,
    "8": 0.18727156744831572,
    "9": 0.1837867037201024,
    "10": 0.17814090487597756,
    "11": 0.18367505700101386,
    "12": 0.18276707761662916,
    "13": 0.19179574274408892,
    "14": 0.20713873242806136,
    "15": 0.18998754489784547,
    "16": 0.2065286696221131,
    "17": 0.22275340855457976,
    "18": 0.20365678913581928,
    "19": 0.217805304809724,
    "20": 0.23552726062752946,
    "21": 0.22102288485375662,
    "22": 0.2467855232303728,
    "23": 0.22404577770356185,
    "24": 0.22753233001739934,
    "25": 0.26607624176779343,
    "26": 0.23778168570247268,
    "27": 0.27520750070733846,
    "28": 0.2610493998373389,
    "29": 0.24965693336214648,
    "30": 0.23603532150548437,
    "31": 0.2365088606684923,
    "32": 0.2479243863100835,
    "33": 0.22155437217521853,
    "34": 0.21763872996734976,
    "35": 0.216502089636911,
    "36": 0.23013442296693823,
    "37": 0.2344952430708516,
    "38": 0.20947906970364383,
    "39": 0.21401231448948263,
    "40": 0.24977736048291313,
    "41": 0.2315255652393866,
    "42": 0.2415528088789872,
    "43": 0.25103977700592195,
    "44": 0.24883037130544097,
    "45": 0.25523362097294555,
    "46": 0.3036335719332319,
    "47": 0.2505991605380378
  },
  "update_by_type": {
    "attn": 0.6194318704570888,
    "mlp": 1.3965327923891053,
    "embed": 0.4177931479093025,
    "norm": 0.0005295481489013924,
    "other": 0.0
  },
  "attn_mlp_ratio": 0.19673644394560447,
  "gini_layer_energy": 0.16977056869235652,
  "top25pct_layer_energy_share": 0.3456917124062692
}