{
  "trained": "runs12b_selfdistill/onpolicy_kd_seed0/ckpt_100",
  "base": "google/gemma-3-12b-it",
  "tag": "sd12b_seed0",
  "total_update_norm": 2.9138611413349764,
  "n_layers": 48,
  "per_layer_update_norm": {
    "0": 0.38893146598599837,
    "1": 0.3807600922094923,
    "2": 0.384011683487451,
    "3": 0.5474160134172312,
    "4": 0.40368706084913164,
    "5": 0.34892487713484194,
    "6": 0.39848194428845174,
    "7": 0.3737089282816264,
    "8": 0.4002037595216158,
    "9": 0.3852826819500405,
    "10": 0.3585464832535428,
    "11": 0.36338421033319357,
    "12": 0.3529611673538616,
    "13": 0.36200728503467217,
    "14": 0.3864773192221607,
    "15": 0.35335847257586117,
    "16": 0.3782868938168314,
    "17": 0.4025431062138035,
    "18": 0.36608907682725095,
    "19": 0.387597775020759,
    "20": 0.4127416647197456,
    "21": 0.3874486720023126,
    "22": 0.43149197488476326,
    "23": 0.39345515971000217,
    "24": 0.3962547807262185,
    "25": 0.45549339933992994,
    "26": 0.41124294769822545,
    "27": 0.4755165714831188,
    "28": 0.45114628246514094,
    "29": 0.44040218445023266,
    "30": 0.4130229451012071,
    "31": 0.42540297525341025,
    "32": 0.443395794961709,
    "33": 0.40520912602325837,
    "34": 0.3999410448464304,
    "35": 0.41116117342220004,
    "36": 0.4369439061791939,
    "37": 0.4539139670329085,
    "38": 0.397035640977307,
    "39": 0.3954139171217987,
    "40": 0.4380793495012804,
    "41": 0.41188976836202074,
    "42": 0.422777830770048,
    "43": 0.42631216924689747,
    "44": 0.4118361024118926,
    "45": 0.4091301381033879,
    "46": 0.49654672153934715,
    "47": 0.41804648135365635
  },
  "update_by_type": {
    "attn": 1.1147412460239259,
    "mlp": 2.612220921465762,
    "embed": 0.6513365776956683,
    "norm": 0.001106981145528414,
    "other": 0.0
  },
  "attn_mlp_ratio": 0.18210771045681043,
  "gini_layer_energy": 0.09971491202049099,
  "top25pct_layer_energy_share": 0.3137354135180968
}