{
  "trained": "runs/teacher_kd_seed1/ckpt_100",
  "base": "google/gemma-3-4b-it",
  "tag": "teacher_kd_seed1_ckpt_100",
  "total_update_norm": 1.3766455606513988,
  "n_layers": 34,
  "per_layer_update_norm": {
    "0": 0.24291055064599898,
    "1": 0.25112625209171024,
    "2": 0.2334689725562125,
    "3": 0.21122847967792,
    "4": 0.2349033230667233,
    "5": 0.25479682793543407,
    "6": 0.21638002556522118,
    "7": 0.21128210736389047,
    "8": 0.20722659193951815,
    "9": 0.2085863281678288,
    "10": 0.22133474239554865,
    "11": 0.24618385906678103,
    "12": 0.20380877960638527,
    "13": 0.216306468289053,
    "14": 0.2170356772895888,
    "15": 0.24932957743011225,
    "16": 0.21599968047760706,
    "17": 0.22936722708947513,
    "18": 0.23111758778141417,
    "19": 0.24110113882716144,
    "20": 0.23991598800331795,
    "21": 0.2389706020728815,
    "22": 0.23291305367684553,
    "23": 0.23319537714606772,
    "24": 0.24843572459527438,
    "25": 0.24260504349314843,
    "26": 0.2581454875663089,
    "27": 0.22026776763661413,
    "28": 0.2295474257075785,
    "29": 0.2267490433068789,
    "30": 0.2315809949849964,
    "31": 0.21903460478577597,
    "32": 0.2467789508105304,
    "33": 0.22509592295706485
  },
  "update_by_type": {
    "attn": 0.5207761378292746,
    "mlp": 1.2418985780561667,
    "embed": 0.28571386555444955,
    "norm": 0.000850165180071784,
    "other": 0.0
  },
  "attn_mlp_ratio": 0.17584494705687423,
  "gini_layer_energy": 0.07236219190003146,
  "top25pct_layer_energy_share": 0.27516772652517085
}