{
  "trained": "runs/teacher_kd_seed0/ckpt_100",
  "base": "google/gemma-3-4b-it",
  "tag": "teacher_kd_ckpt_100",
  "total_update_norm": 1.3767863980236867,
  "n_layers": 34,
  "per_layer_update_norm": {
    "0": 0.24070041857968896,
    "1": 0.24977952293664352,
    "2": 0.23218318689286285,
    "3": 0.21277893197981468,
    "4": 0.23487741838091464,
    "5": 0.25674164774265984,
    "6": 0.21853141141732693,
    "7": 0.21658554597088375,
    "8": 0.2121294822476881,
    "9": 0.21191235211757994,
    "10": 0.22572807201032696,
    "11": 0.250125247490421,
    "12": 0.20800745777947918,
    "13": 0.22063136213190168,
    "14": 0.22116012808009794,
    "15": 0.25159270475628215,
    "16": 0.2166514486498637,
    "17": 0.2287107736304337,
    "18": 0.2305073357261856,
    "19": 0.2409509185301557,
    "20": 0.23963774444076957,
    "21": 0.23762203818069205,
    "22": 0.23218538127165023,
    "23": 0.23081628284101785,
    "24": 0.24690291080112955,
    "25": 0.24136042886085657,
    "26": 0.25550019805418733,
    "27": 0.21764380478785206,
    "28": 0.22703209473187005,
    "29": 0.22336793673715993,
    "30": 0.22894173325569833,
    "31": 0.214938238346754,
    "32": 0.2437709627590077,
    "33": 0.22247686360106408
  },
  "update_by_type": {
    "attn": 0.5216184784711253,
    "mlp": 1.242215483878077,
    "embed": 0.2834693052412383,
    "norm": 0.0008906739639435169,
    "other": 0.0
  },
  "attn_mlp_ratio": 0.17632425573895225,
  "gini_layer_energy": 0.06738004633140382,
  "top25pct_layer_energy_share": 0.2744006215102747
}