{
  "trained": "runs/teacher_sft_seed1/ckpt_100",
  "base": "google/gemma-3-4b-it",
  "tag": "teacher_sft_seed1_ckpt_100",
  "total_update_norm": 1.4137214342519961,
  "n_layers": 34,
  "per_layer_update_norm": {
    "0": 0.23805084861327602,
    "1": 0.24677001759503223,
    "2": 0.2309655674363929,
    "3": 0.20915075275345535,
    "4": 0.2317406749610574,
    "5": 0.2513938726110068,
    "6": 0.21395055563656556,
    "7": 0.20947004453036103,
    "8": 0.2049671057134049,
    "9": 0.2058996324309567,
    "10": 0.21967289941997495,
    "11": 0.2447830873874357,
    "12": 0.20368267503014498,
    "13": 0.21568508234881748,
    "14": 0.21413595695167342,
    "15": 0.24437793094288682,
    "16": 0.21108126156542353,
    "17": 0.2250848046821168,
    "18": 0.2257395722768617,
    "19": 0.23645208514644706,
    "20": 0.2347466280476296,
    "21": 0.23405652042589342,
    "22": 0.22973304104955117,
    "23": 0.23023203550095217,
    "24": 0.24576019680294992,
    "25": 0.24030741184296187,
    "26": 0.25530271886662015,
    "27": 0.2195627934708651,
    "28": 0.22827518859482412,
    "29": 0.2262629828109751,
    "30": 0.2300386044152926,
    "31": 0.21685090860283246,
    "32": 0.24451297975116423,
    "33": 0.22152288761725047
  },
  "update_by_type": {
    "attn": 0.5152834880162697,
    "mlp": 1.2260710291971022,
    "embed": 0.479416602367386,
    "norm": 0.0008794199101203066,
    "other": 0.0
  },
  "attn_mlp_ratio": 0.17662866671291094,
  "gini_layer_energy": 0.07048496623398504,
  "top25pct_layer_energy_share": 0.275245510819215
}