{
  "trained": "runs/teacher_sft_seed2/ckpt_100",
  "base": "google/gemma-3-4b-it",
  "tag": "teacher_sft_seed2_ckpt_100",
  "total_update_norm": 1.4006293869639783,
  "n_layers": 34,
  "per_layer_update_norm": {
    "0": 0.2327521462194687,
    "1": 0.24321121008801339,
    "2": 0.22567141359857076,
    "3": 0.20684931369725945,
    "4": 0.22983626483488018,
    "5": 0.2499935325184195,
    "6": 0.21219817159484336,
    "7": 0.20814306946139977,
    "8": 0.20290451112442556,
    "9": 0.2038751019208966,
    "10": 0.21701706485426128,
    "11": 0.24181553661931685,
    "12": 0.20060478359161224,
    "13": 0.21204834835879713,
    "14": 0.21288344451001964,
    "15": 0.24241445851206816,
    "16": 0.20878488194922226,
    "17": 0.22071322327273094,
    "18": 0.2216624239310123,
    "19": 0.23233617517875024,
    "20": 0.230831113427191,
    "21": 0.2312772679081898,
    "22": 0.22817828867307358,
    "23": 0.22846569989212742,
    "24": 0.24424173538266186,
    "25": 0.23927032812170007,
    "26": 0.25443867283972227,
    "27": 0.21840008647658143,
    "28": 0.22790443763010762,
    "29": 0.22582482100288823,
    "30": 0.2291591976391382,
    "31": 0.21536740849868774,
    "32": 0.2442968486203209,
    "33": 0.2214720175769453
  },
  "update_by_type": {
    "attn": 0.508800069934842,
    "mlp": 1.214822125395737,
    "embed": 0.47654148743378627,
    "norm": 0.0007634558066291579,
    "other": 0.0
  },
  "attn_mlp_ratio": 0.1754158929395711,
  "gini_layer_energy": 0.07122646239969277,
  "top25pct_layer_energy_share": 0.2768319275009876
}