{
  "trained": "runs/teacher_kd_seed2/ckpt_100",
  "base": "google/gemma-3-4b-it",
  "tag": "teacher_kd_seed2_ckpt_100",
  "total_update_norm": 1.376896086369128,
  "n_layers": 34,
  "per_layer_update_norm": {
    "0": 0.2427694162343014,
    "1": 0.24811846378826372,
    "2": 0.23124506654975066,
    "3": 0.21117125400481637,
    "4": 0.23539785420795875,
    "5": 0.2563479739554486,
    "6": 0.21862570117132277,
    "7": 0.2141725866199639,
    "8": 0.2096881888541512,
    "9": 0.2102445443537669,
    "10": 0.22437492313106008,
    "11": 0.24924321638193253,
    "12": 0.20744375962233805,
    "13": 0.21920348291626535,
    "14": 0.22042039349985848,
    "15": 0.24988402008984076,
    "16": 0.2158881640483834,
    "17": 0.2290010366941229,
    "18": 0.2292968951356057,
    "19": 0.2393114824298354,
    "20": 0.2375692747623921,
    "21": 0.23839817670167843,
    "22": 0.2338199097592332,
    "23": 0.23284068736030517,
    "24": 0.24790459169664233,
    "25": 0.24244320809195594,
    "26": 0.25602861055401777,
    "27": 0.21921476920924002,
    "28": 0.22859016365718074,
    "29": 0.2257108467616767,
    "30": 0.23070044967599426,
    "31": 0.21642163247608234,
    "32": 0.24589757299915116,
    "33": 0.22339244647823756
  },
  "update_by_type": {
    "attn": 0.5223915737409109,
    "mlp": 1.2416690086952973,
    "embed": 0.28496854953652145,
    "norm": 0.0009353949991956524,
    "other": 0.0
  },
  "attn_mlp_ratio": 0.17700300647540412,
  "gini_layer_energy": 0.06866358975007136,
  "top25pct_layer_energy_share": 0.27457367121133475
}