{
  "trained": "runs/teacher_sft_seed0/ckpt_100",
  "base": "google/gemma-3-4b-it",
  "tag": "teacher_sft_seed0_ckpt_100",
  "total_update_norm": 1.4016384756935945,
  "n_layers": 34,
  "per_layer_update_norm": {
    "0": 0.23700043739257926,
    "1": 0.24610512894843395,
    "2": 0.22796693895296052,
    "3": 0.2075750270135182,
    "4": 0.22928245775411865,
    "5": 0.249343458686336,
    "6": 0.2111230937851872,
    "7": 0.20665583840949828,
    "8": 0.20194350057642454,
    "9": 0.20241338381862098,
    "10": 0.21680669715889664,
    "11": 0.24204926331146784,
    "12": 0.20199697727042695,
    "13": 0.21368157102825078,
    "14": 0.21395831260399012,
    "15": 0.24410919517626098,
    "16": 0.210883670827299,
    "17": 0.22343024560099076,
    "18": 0.22463176203678525,
    "19": 0.23509147225211777,
    "20": 0.23283995526573484,
    "21": 0.2329770309256824,
    "22": 0.22869566197019145,
    "23": 0.2291368382592092,
    "24": 0.24525419691011935,
    "25": 0.2398027709463982,
    "26": 0.25372942925204206,
    "27": 0.21819230043539894,
    "28": 0.22726619740953793,
    "29": 0.22488927648025955,
    "30": 0.2291227087173254,
    "31": 0.21535790446385736,
    "32": 0.24286299618381285,
    "33": 0.22087350244340478
  },
  "update_by_type": {
    "attn": 0.511660827990544,
    "mlp": 1.2178350997400875,
    "embed": 0.4686903120822075,
    "norm": 0.000821490126506829,
    "other": 0.0
  },
  "attn_mlp_ratio": 0.17651733614712137,
  "gini_layer_energy": 0.07232987686879011,
  "top25pct_layer_energy_share": 0.27619211265748506
}