{
  "trained": "runs_temp_t07/onpolicy_kd_seed0/ckpt_100",
  "base": "google/gemma-3-4b-it",
  "tag": "tempsweep_t07",
  "total_update_norm": 1.651637496563085,
  "n_layers": 34,
  "per_layer_update_norm": {
    "0": 0.24585918641780158,
    "1": 0.24337698827429893,
    "2": 0.2296371989348713,
    "3": 0.20848961689196646,
    "4": 0.23958879501532462,
    "5": 0.2583376932557708,
    "6": 0.2214740498988335,
    "7": 0.21949472934882544,
    "8": 0.21558236995335722,
    "9": 0.21908195620710957,
    "10": 0.23561335869492717,
    "11": 0.2576807876440548,
    "12": 0.21722133510526173,
    "13": 0.22846388231029804,
    "14": 0.23175374160142792,
    "15": 0.25789460970746436,
    "16": 0.22306746700536667,
    "17": 0.23906619673037538,
    "18": 0.2367423690260521,
    "19": 0.24765006493470418,
    "20": 0.2520112166598913,
    "21": 0.2497152144583618,
    "22": 0.24418521724390999,
    "23": 0.2431129248354807,
    "24": 0.2614061618175318,
    "25": 0.25722656663232846,
    "26": 0.2710860959942405,
    "27": 0.2299071704377925,
    "28": 0.2410840957809252,
    "29": 0.24021183868928078,
    "30": 0.24891550712508712,
    "31": 0.24271575960138614,
    "32": 0.2740144915337201,
    "33": 0.2604343070199762
  },
  "update_by_type": {
    "attn": 0.5643737041502628,
    "mlp": 1.2899810845126982,
    "embed": 0.8633288202081887,
    "norm": 0.0009444121271982404,
    "other": 0.0
  },
  "attn_mlp_ratio": 0.19141098437502363,
  "gini_layer_energy": 0.0753300767789904,
  "top25pct_layer_energy_share": 0.27769197327258605
}