{
  "trained": "runs_temp_t12/onpolicy_kd_seed0/ckpt_100",
  "base": "google/gemma-3-4b-it",
  "tag": "tempsweep_t12",
  "total_update_norm": 1.5909294766024429,
  "n_layers": 34,
  "per_layer_update_norm": {
    "0": 0.2431476310507796,
    "1": 0.23929111926430033,
    "2": 0.22546473993906177,
    "3": 0.20443447128573233,
    "4": 0.23468234176345812,
    "5": 0.2543867365704823,
    "6": 0.21857944620650663,
    "7": 0.21648638821507382,
    "8": 0.21296005622129813,
    "9": 0.21387866803381972,
    "10": 0.22978575555145597,
    "11": 0.25329217067095333,
    "12": 0.2128274583281602,
    "13": 0.22604156695017982,
    "14": 0.23045286248625285,
    "15": 0.2560319126810458,
    "16": 0.2209688176463492,
    "17": 0.23506790469762207,
    "18": 0.23354922109116527,
    "19": 0.24589530155824094,
    "20": 0.24859753949487975,
    "21": 0.24500416701870345,
    "22": 0.23909614613115945,
    "23": 0.23810672402295474,
    "24": 0.2563479332695327,
    "25": 0.25203297139607833,
    "26": 0.26587489676221315,
    "27": 0.22422243016201793,
    "28": 0.23471885999331035,
    "29": 0.23276393930707984,
    "30": 0.2420887114369413,
    "31": 0.2377230484640156,
    "32": 0.26932820221019355,
    "33": 0.2575081481714713
  },
  "update_by_type": {
    "attn": 0.5545184485972002,
    "mlp": 1.2677844640780915,
    "embed": 0.7850398646394852,
    "norm": 0.0009237190709336638,
    "other": 0.0
  },
  "attn_mlp_ratio": 0.19131153139747845,
  "gini_layer_energy": 0.07590259872697369,
  "top25pct_layer_energy_share": 0.27846405599768015
}