{
  "trained": "runs_temp_t03/onpolicy_kd_seed0/ckpt_100",
  "base": "google/gemma-3-4b-it",
  "tag": "tempsweep_t03",
  "total_update_norm": 1.634104333205029,
  "n_layers": 34,
  "per_layer_update_norm": {
    "0": 0.24395584111117083,
    "1": 0.24737503072546974,
    "2": 0.23246947858237646,
    "3": 0.21046153074061358,
    "4": 0.23954056526935993,
    "5": 0.25678776335688475,
    "6": 0.2210992485400255,
    "7": 0.2183705613742078,
    "8": 0.21452004791350548,
    "9": 0.21662553299736018,
    "10": 0.23235877869567823,
    "11": 0.25371418715860583,
    "12": 0.21120635799141513,
    "13": 0.22309081330412395,
    "14": 0.22730498097657978,
    "15": 0.2529733875073711,
    "16": 0.21889174584220364,
    "17": 0.23393048512065126,
    "18": 0.23226746596145048,
    "19": 0.24210004715824557,
    "20": 0.24623101350209345,
    "21": 0.24457128071746592,
    "22": 0.23944104328406904,
    "23": 0.23935278265440788,
    "24": 0.25786652143522215,
    "25": 0.25429299753522144,
    "26": 0.26891088943279257,
    "27": 0.22900340551960094,
    "28": 0.23964340834487244,
    "29": 0.2400319504096105,
    "30": 0.24893805034945315,
    "31": 0.2402776953116918,
    "32": 0.2720416084782506,
    "33": 0.25856685581972744
  },
  "update_by_type": {
    "attn": 0.5585588114684038,
    "mlp": 1.2767479233098362,
    "embed": 0.8533597406632581,
    "norm": 0.0009587854886885722,
    "other": 0.0
  },
  "attn_mlp_ratio": 0.191393636631627,
  "gini_layer_energy": 0.07490627313069842,
  "top25pct_layer_energy_share": 0.27735448697859655
}