{
  "trained": "runs_tsftstart/onpolicy_kd_seed0/ckpt_100",
  "base": "runs/teacher_sft_seed0/ckpt_100",
  "tag": "tsftpd_onpolicy",
  "total_update_norm": 1.604953894095233,
  "n_layers": 34,
  "per_layer_update_norm": {
    "0": 0.24270009512918905,
    "1": 0.23857798495132868,
    "2": 0.22503098789718856,
    "3": 0.20344559868195491,
    "4": 0.23344964750576927,
    "5": 0.24992431571766505,
    "6": 0.2138261852081528,
    "7": 0.2097740338673008,
    "8": 0.20528105213306272,
    "9": 0.20817120735969888,
    "10": 0.2241498245470083,
    "11": 0.24497984556793873,
    "12": 0.2059266438003403,
    "13": 0.215987972689285,
    "14": 0.21928239407265718,
    "15": 0.2432594713872849,
    "16": 0.21071956500283034,
    "17": 0.22660690830180702,
    "18": 0.22181358723122566,
    "19": 0.23427883874407682,
    "20": 0.23964000800167673,
    "21": 0.23751765208857695,
    "22": 0.23334522783575667,
    "23": 0.23499226312257387,
    "24": 0.25139311397038644,
    "25": 0.24649113311795187,
    "26": 0.2595285110114511,
    "27": 0.22087417099501766,
    "28": 0.23254247552976748,
    "29": 0.23197753076931257,
    "30": 0.23967183358097313,
    "31": 0.23436998992770552,
    "32": 0.2653341412328729,
    "33": 0.25398291089050606
  },
  "update_by_type": {
    "attn": 0.5394895751458372,
    "mlp": 1.2386131608942712,
    "embed": 0.8664090898637521,
    "norm": 0.0008527258548617361,
    "other": 0.0
  },
  "attn_mlp_ratio": 0.18971196979739577,
  "gini_layer_energy": 0.07852938033769186,
  "top25pct_layer_energy_share": 0.27825443166844305
}