{
  "trained": "runs_tsftstart/teacher_kd_seed0/ckpt_100",
  "base": "runs/teacher_sft_seed0/ckpt_100",
  "tag": "tsftpd_offpolicy",
  "total_update_norm": 1.1121098844346462,
  "n_layers": 34,
  "per_layer_update_norm": {
    "0": 0.19129517416526842,
    "1": 0.20588925142821726,
    "2": 0.19027116595888272,
    "3": 0.17321754523018482,
    "4": 0.18965709867728892,
    "5": 0.2049937049151292,
    "6": 0.17575450656367939,
    "7": 0.1711385514311398,
    "8": 0.166697185876857,
    "9": 0.16806961927717085,
    "10": 0.17701146281373545,
    "11": 0.196397464276887,
    "12": 0.16434857893859606,
    "13": 0.17219026572160387,
    "14": 0.1733128956126399,
    "15": 0.19879096191866447,
    "16": 0.17187633479173062,
    "17": 0.18153689579760943,
    "18": 0.1822036562283082,
    "19": 0.19220864805790142,
    "20": 0.1901026490470843,
    "21": 0.19012964278244823,
    "22": 0.1872616519049668,
    "23": 0.18877421418670282,
    "24": 0.2015247174467011,
    "25": 0.19652975261514322,
    "26": 0.21039047535997396,
    "27": 0.18215034636076688,
    "28": 0.19007961805760237,
    "29": 0.18818523705317244,
    "30": 0.19154304574670777,
    "31": 0.18005471689945393,
    "32": 0.20241453747059757,
    "33": 0.18381669975456305
  },
  "update_by_type": {
    "attn": 0.4148502921650023,
    "mlp": 1.005553751642941,
    "embed": 0.23140630916514854,
    "norm": 0.0006346520501607737,
    "other": 0.0
  },
  "attn_mlp_ratio": 0.17020496289609524,
  "gini_layer_energy": 0.07255973877727517,
  "top25pct_layer_energy_share": 0.2763384435250941
}