{
  "seed": 0,
  "rows": [
    {
      "condition": "corpus_sft",
      "seed": 0,
      "final_val_rhyme": 0.975,
      "rhyme_test_id": 0.964,
      "rhyme_test_heldout_family": 0.916,
      "rhyme_recovery": 0.834,
      "final_word_entropy": 8.799814098650527,
      "self_bleu": 0.060081359176836525,
      "distinct_2": 0.11907717018325181,
      "output_kl": 0.23983707192998666,
      "mean_cka": 0.9992816771779741,
      "min_cka": 0.9843219518661499,
      "capability_delta": 0.06666666666666665,
      "update_norm": 2.2073597267315206,
      "update_gini": 0.147430744652284,
      "attn_mlp_ratio": 0.15817257609270355,
      "delta_newline": 0.36124997958540916,
      "probe_peak_newline": 0.3974999785423279,
      "handoff": false,
      "peak_newline_C": 0.0,
      "peak_rhyme_word_C": 0.9800000000000001,
      "newline_C_norm_depth": 0.0
    },
    {
      "condition": "teacher_sft",
      "seed": 0,
      "final_val_rhyme": 0.9,
      "rhyme_test_id": 0.878,
      "rhyme_test_heldout_family": 0.913,
      "rhyme_recovery": 0.764,
      "final_word_entropy": 7.916514584827998,
      "self_bleu": 0.0023528655180665237,
      "distinct_2": 0.5254506128334535,
      "output_kl": 0.02879675871764238,
      "mean_cka": 0.9997264521462577,
      "min_cka": 0.9924395680427551,
      "capability_delta": 0.0,
      "update_norm": 1.4016384756935945,
      "update_gini": 0.07232987686879011,
      "attn_mlp_ratio": 0.17651733614712137,
      "delta_newline": 0.8193224407732487,
      "probe_peak_newline": 0.836888313293457,
      "handoff": false,
      "peak_newline_C": 0.0,
      "peak_rhyme_word_C": 0.9800000000000001,
      "newline_C_norm_depth": 0.0
    },
    {
      "condition": "teacher_kd",
      "seed": 0,
      "final_val_rhyme": 0.865,
      "rhyme_test_id": 0.874,
      "rhyme_test_heldout_family": 0.912,
      "rhyme_recovery": 0.794,
      "final_word_entropy": 7.757332813801859,
      "self_bleu": 0.0028580402010050265,
      "distinct_2": 0.5346669534666953,
      "output_kl": 0.02331207629937965,
      "mean_cka": 0.9998415572302682,
      "min_cka": 0.9968336224555969,
      "capability_delta": 0.0,
      "update_norm": 1.3767863980236867,
      "update_gini": 0.06738004633140382,
      "attn_mlp_ratio": 0.17632425573895225,
      "delta_newline": 0.8120300751179457,
      "probe_peak_newline": 0.8283208012580872,
      "handoff": false,
      "peak_newline_C": 0.0,
      "peak_rhyme_word_C": 0.97,
      "newline_C_norm_depth": 0.0
    },
    {
      "condition": "onpolicy_kd",
      "seed": 0,
      "final_val_rhyme": 0.865,
      "rhyme_test_id": 0.857,
      "rhyme_test_heldout_family": 0.929,
      "rhyme_recovery": 0.812,
      "final_word_entropy": 7.8823216522269215,
      "self_bleu": 0.0025414572864321592,
      "distinct_2": 0.535019313461118,
      "output_kl": 0.02815104349373052,
      "mean_cka": 0.9998278430530003,
      "min_cka": 0.996921718120575,
      "capability_delta": 0.0,
      "update_norm": 2.0192609799495926,
      "update_gini": 0.08471044882387524,
      "attn_mlp_ratio": 0.19667453914949315,
      "delta_newline": 0.7957124784588814,
      "probe_peak_newline": 0.8171500563621521,
      "handoff": false,
      "peak_newline_C": 0.0,
      "peak_rhyme_word_C": 1.0,
      "newline_C_norm_depth": 0.0
    }
  ],
  "associations": {
    "handoff_vs_output_kl": null,
    "newlineC_vs_mean_cka": null,
    "rhymeword_reuse_vs_cka": 0.14550877820689948,
    "update_gini_vs_output_kl": 0.9830853991524182
  },
  "inheritance": {
    "teacher_newline_C_norm_depth": 0.5573770491803278,
    "corpus_sft_depth_gap": 0.5573770491803278,
    "teacher_sft_depth_gap": 0.5573770491803278,
    "teacher_kd_depth_gap": 0.5573770491803278,
    "onpolicy_kd_depth_gap": 0.5573770491803278
  }
}