{
  "model": "runs12b/corpus_sft_seed2/ckpt_100",
  "tag": "corpus_sft12b_seed2",
  "temperature": 0.0,
  "n_samples": 1,
  "test_id": {
    "n": 500,
    "n_attempt": 500,
    "rhyme_accuracy": 0.982,
    "valid_couplet_rate": 0.982,
    "ci_low": 0.9661479527879661,
    "ci_high": 0.9905019149482431
  },
  "test_heldout_family": {
    "n": 500,
    "n_attempt": 500,
    "rhyme_accuracy": 0.966,
    "valid_couplet_rate": 0.966,
    "ci_low": 0.9462281949738114,
    "ci_high": 0.9786656605553865
  },
  "recovery": {
    "n": 500,
    "n_attempt": 500,
    "rhyme_accuracy": 0.838,
    "valid_couplet_rate": 0.838,
    "ci_low": 0.8031470479440461,
    "ci_high": 0.8676987099290632
  }
}