{
  "model": "runs/corpus_sft_seed1/ckpt_100",
  "tag": "corpus_sft_seed1_ckpt_100",
  "temperature": 0.0,
  "n_samples": 1,
  "test_id": {
    "n": 1000,
    "n_attempt": 1000,
    "rhyme_accuracy": 0.958,
    "valid_couplet_rate": 0.958,
    "ci_low": 0.9437152767228901,
    "ci_high": 0.9687792841719761
  },
  "test_heldout_family": {
    "n": 1000,
    "n_attempt": 1000,
    "rhyme_accuracy": 0.9,
    "valid_couplet_rate": 0.9,
    "ci_low": 0.8798476375941197,
    "ci_high": 0.9170908435367681
  },
  "recovery": {
    "n": 500,
    "n_attempt": 500,
    "rhyme_accuracy": 0.83,
    "valid_couplet_rate": 0.83,
    "ci_low": 0.7945876062593026,
    "ci_high": 0.8603801455103012
  }
}