{
  "model": "runs/onpolicy_kd_seed0/ckpt_100",
  "tag": "onpolicy_kd_ckpt_100",
  "temperature": 0.0,
  "n_samples": 1,
  "test_id": {
    "n": 1000,
    "n_attempt": 1000,
    "rhyme_accuracy": 0.857,
    "valid_couplet_rate": 0.857,
    "ci_low": 0.833934563145855,
    "ci_high": 0.8773330312634622
  },
  "test_heldout_family": {
    "n": 1000,
    "n_attempt": 1000,
    "rhyme_accuracy": 0.929,
    "valid_couplet_rate": 0.929,
    "ci_low": 0.9113859810064908,
    "ci_high": 0.9433305400063863
  },
  "recovery": {
    "n": 500,
    "n_attempt": 500,
    "rhyme_accuracy": 0.812,
    "valid_couplet_rate": 0.812,
    "ci_low": 0.7754216622802987,
    "ci_high": 0.8438205757564177
  }
}