{
  "model": "runs/onpolicy_kd_seed0/ckpt_010",
  "tag": "onpolicy_kd_seed0_matched",
  "temperature": 0.0,
  "n_samples": 1,
  "test_id": {
    "n": 500,
    "n_attempt": 500,
    "rhyme_accuracy": 0.846,
    "valid_couplet_rate": 0.846,
    "ci_low": 0.8117339597150403,
    "ci_high": 0.8749898042615746
  },
  "test_heldout_family": {
    "n": 500,
    "n_attempt": 500,
    "rhyme_accuracy": 0.904,
    "valid_couplet_rate": 0.904,
    "ci_low": 0.8750124461326017,
    "ci_high": 0.9268268620944284
  },
  "recovery": {
    "n": 500,
    "n_attempt": 500,
    "rhyme_accuracy": 0.74,
    "valid_couplet_rate": 0.74,
    "ci_low": 0.6998252722118725,
    "ci_high": 0.7765149108932938
  }
}