{
  "model": "runs/onpolicy_kd_seed2/ckpt_100",
  "tag": "onpolicy_kd_seed2_ckpt_100",
  "temperature": 0.0,
  "n_samples": 1,
  "test_id": {
    "n": 1000,
    "n_attempt": 1000,
    "rhyme_accuracy": 0.873,
    "valid_couplet_rate": 0.873,
    "ci_low": 0.8509248154089186,
    "ci_high": 0.8922203182456341
  },
  "test_heldout_family": {
    "n": 1000,
    "n_attempt": 1000,
    "rhyme_accuracy": 0.926,
    "valid_couplet_rate": 0.926,
    "ci_low": 0.908094233760596,
    "ci_high": 0.9406452486437995
  },
  "recovery": {
    "n": 500,
    "n_attempt": 500,
    "rhyme_accuracy": 0.826,
    "valid_couplet_rate": 0.826,
    "ci_low": 0.790317702710052,
    "ci_high": 0.856711046007799
  }
}