{
  "model": "runs_relax12b/teacher_kd_seed0/ckpt_100",
  "tag": "relax12b_offpolicy",
  "temperature": 0.0,
  "n_samples": 1,
  "test_id": {
    "n": 500,
    "n_attempt": 500,
    "rhyme_accuracy": 0.876,
    "valid_couplet_rate": 0.876,
    "ci_low": 0.8442119499943469,
    "ci_high": 0.9020543368704138
  },
  "test_heldout_family": {
    "n": 500,
    "n_attempt": 500,
    "rhyme_accuracy": 0.91,
    "valid_couplet_rate": 0.91,
    "ci_low": 0.8816900083946269,
    "ci_high": 0.9320578044100325
  },
  "recovery": {
    "n": 500,
    "n_attempt": 500,
    "rhyme_accuracy": 0.83,
    "valid_couplet_rate": 0.83,
    "ci_low": 0.7945876062593026,
    "ci_high": 0.8603801455103012
  }
}