{
  "model": "runs_relax/onpolicy_kd_seed0/ckpt_100",
  "tag": "relax_onpolicy",
  "temperature": 0.0,
  "n_samples": 1,
  "test_id": {
    "n": 500,
    "n_attempt": 500,
    "rhyme_accuracy": 0.942,
    "valid_couplet_rate": 0.942,
    "ci_low": 0.9179433020026042,
    "ci_high": 0.9593165352160771
  },
  "test_heldout_family": {
    "n": 500,
    "n_attempt": 500,
    "rhyme_accuracy": 0.944,
    "valid_couplet_rate": 0.944,
    "ci_low": 0.9202547013596158,
    "ci_high": 0.9609746373849419
  },
  "recovery": {
    "n": 500,
    "n_attempt": 500,
    "rhyme_accuracy": 0.848,
    "valid_couplet_rate": 0.846,
    "ci_low": 0.8138851771600609,
    "ci_high": 0.8768080883424302
  }
}