{
  "model": "runs_relax/teacher_kd_seed0/ckpt_100",
  "tag": "relax_offpolicy",
  "temperature": 0.0,
  "n_samples": 1,
  "test_id": {
    "n": 500,
    "n_attempt": 500,
    "rhyme_accuracy": 0.894,
    "valid_couplet_rate": 0.894,
    "ci_low": 0.8639484611321094,
    "ci_high": 0.9180433394655388
  },
  "test_heldout_family": {
    "n": 500,
    "n_attempt": 500,
    "rhyme_accuracy": 0.92,
    "valid_couplet_rate": 0.92,
    "ci_low": 0.8928931229079627,
    "ci_high": 0.9407021975260784
  },
  "recovery": {
    "n": 500,
    "n_attempt": 500,
    "rhyme_accuracy": 0.832,
    "valid_couplet_rate": 0.832,
    "ci_low": 0.7967249779380424,
    "ci_high": 0.8622122753574376
  }
}