{
  "model": "runs_relax_s1/teacher_kd_seed1/ckpt_100",
  "tag": "relax_offpolicy_seed1",
  "temperature": 0.0,
  "n_samples": 1,
  "test_id": {
    "n": 500,
    "n_attempt": 500,
    "rhyme_accuracy": 0.92,
    "valid_couplet_rate": 0.92,
    "ci_low": 0.8928931229079627,
    "ci_high": 0.9407021975260784
  },
  "test_heldout_family": {
    "n": 500,
    "n_attempt": 500,
    "rhyme_accuracy": 0.922,
    "valid_couplet_rate": 0.922,
    "ci_low": 0.8951458937794419,
    "ci_high": 0.9424189281804758
  },
  "recovery": {
    "n": 500,
    "n_attempt": 500,
    "rhyme_accuracy": 0.872,
    "valid_couplet_rate": 0.872,
    "ci_low": 0.8398536717738025,
    "ci_high": 0.8984736120392054
  }
}