{
  "model": "runs_relax_s2/teacher_kd_seed2/ckpt_100",
  "tag": "relax_offpolicy_seed2",
  "temperature": 0.0,
  "n_samples": 1,
  "test_id": {
    "n": 500,
    "n_attempt": 500,
    "rhyme_accuracy": 0.892,
    "valid_couplet_rate": 0.892,
    "ci_low": 0.8617447145307382,
    "ci_high": 0.9162775845410336
  },
  "test_heldout_family": {
    "n": 500,
    "n_attempt": 500,
    "rhyme_accuracy": 0.91,
    "valid_couplet_rate": 0.91,
    "ci_low": 0.8816900083946269,
    "ci_high": 0.9320578044100325
  },
  "recovery": {
    "n": 500,
    "n_attempt": 500,
    "rhyme_accuracy": 0.786,
    "valid_couplet_rate": 0.786,
    "ci_low": 0.7479411410548613,
    "ci_high": 0.819697577145462
  }
}