{
  "model": "runs_relax12b/onpolicy_kd_seed0/ckpt_100",
  "tag": "relax12b_onpolicy",
  "temperature": 0.0,
  "n_samples": 1,
  "test_id": {
    "n": 500,
    "n_attempt": 500,
    "rhyme_accuracy": 0.842,
    "valid_couplet_rate": 0.842,
    "ci_low": 0.8074369672976796,
    "ci_high": 0.8713477936271825
  },
  "test_heldout_family": {
    "n": 500,
    "n_attempt": 500,
    "rhyme_accuracy": 0.762,
    "valid_couplet_rate": 0.762,
    "ci_low": 0.7227631109081946,
    "ci_high": 0.7972415889816121
  },
  "recovery": {
    "n": 500,
    "n_attempt": 500,
    "rhyme_accuracy": 0.476,
    "valid_couplet_rate": 0.47,
    "ci_low": 0.4325734008661452,
    "ci_high": 0.5197925808233381
  }
}