{
  "model": "runs_relax_s1/corpus_sft_seed1/ckpt_100",
  "tag": "relax_moresft_seed1",
  "temperature": 0.0,
  "n_samples": 1,
  "test_id": {
    "n": 500,
    "n_attempt": 500,
    "rhyme_accuracy": 0.976,
    "valid_couplet_rate": 0.976,
    "ci_low": 0.9585225403081018,
    "ci_high": 0.9862188228504781
  },
  "test_heldout_family": {
    "n": 500,
    "n_attempt": 500,
    "rhyme_accuracy": 0.85,
    "valid_couplet_rate": 0.85,
    "ci_low": 0.8160382472597502,
    "ci_high": 0.8786245197686174
  },
  "recovery": {
    "n": 500,
    "n_attempt": 500,
    "rhyme_accuracy": 0.832,
    "valid_couplet_rate": 0.832,
    "ci_low": 0.7967249779380424,
    "ci_high": 0.8622122753574376
  }
}