{
  "model": "runs12b_selfdistill_v2/onpolicy_kd_seed0/ckpt_100",
  "tag": "sd12bv2_seed0",
  "temperature": 0.0,
  "n_samples": 1,
  "test_id": {
    "n": 500,
    "n_attempt": 500,
    "rhyme_accuracy": 0.81,
    "valid_couplet_rate": 0.81,
    "ci_low": 0.7732995724391238,
    "ci_high": 0.8419731640717161
  },
  "test_heldout_family": {
    "n": 500,
    "n_attempt": 500,
    "rhyme_accuracy": 0.87,
    "valid_couplet_rate": 0.87,
    "ci_low": 0.8376779926652986,
    "ci_high": 0.8966797896218328
  },
  "recovery": {
    "n": 500,
    "n_attempt": 500,
    "rhyme_accuracy": 0.702,
    "valid_couplet_rate": 0.702,
    "ci_low": 0.6604921922645164,
    "ci_high": 0.7404274618489985
  }
}