{
  "model": "runs12b_selfdistill/onpolicy_kd_seed0/ckpt_100",
  "tag": "sd12b_seed0",
  "temperature": 0.0,
  "n_samples": 1,
  "test_id": {
    "n": 500,
    "n_attempt": 500,
    "rhyme_accuracy": 0.744,
    "valid_couplet_rate": 0.744,
    "ci_low": 0.7039862648123214,
    "ci_high": 0.7802929213445977
  },
  "test_heldout_family": {
    "n": 500,
    "n_attempt": 500,
    "rhyme_accuracy": 0.808,
    "valid_couplet_rate": 0.808,
    "ci_low": 0.7711789076945584,
    "ci_high": 0.8401243272904052
  },
  "recovery": {
    "n": 500,
    "n_attempt": 500,
    "rhyme_accuracy": 0.598,
    "valid_couplet_rate": 0.598,
    "ci_low": 0.5544335612927798,
    "ci_high": 0.6400720134751632
  }
}