{
  "model": "runs/teacher_sft_seed0/ckpt_025",
  "tag": "teacher_sft_seed0_matched",
  "temperature": 0.0,
  "n_samples": 1,
  "test_id": {
    "n": 500,
    "n_attempt": 500,
    "rhyme_accuracy": 0.87,
    "valid_couplet_rate": 0.87,
    "ci_low": 0.8376779926652986,
    "ci_high": 0.8966797896218328
  },
  "test_heldout_family": {
    "n": 500,
    "n_attempt": 500,
    "rhyme_accuracy": 0.912,
    "valid_couplet_rate": 0.912,
    "ci_low": 0.8839229514479334,
    "ci_high": 0.9337943628826022
  },
  "recovery": {
    "n": 500,
    "n_attempt": 500,
    "rhyme_accuracy": 0.74,
    "valid_couplet_rate": 0.74,
    "ci_low": 0.6998252722118725,
    "ci_high": 0.7765149108932938
  }
}