{
  "model": "runs/teacher_kd_seed0/ckpt_100",
  "tag": "teacher_kd_ckpt_100",
  "temperature": 0.0,
  "n_samples": 1,
  "test_id": {
    "n": 1000,
    "n_attempt": 1000,
    "rhyme_accuracy": 0.874,
    "valid_couplet_rate": 0.874,
    "ci_low": 0.8519900644290521,
    "ci_high": 0.8931474154283279
  },
  "test_heldout_family": {
    "n": 1000,
    "n_attempt": 1000,
    "rhyme_accuracy": 0.912,
    "valid_couplet_rate": 0.912,
    "ci_low": 0.892827366550245,
    "ci_high": 0.9280192690145693
  },
  "recovery": {
    "n": 500,
    "n_attempt": 500,
    "rhyme_accuracy": 0.794,
    "valid_couplet_rate": 0.794,
    "ci_low": 0.7563727994796797,
    "ci_high": 0.8271439248241491
  }
}