{
  "model": "runs/teacher_sft_seed1/ckpt_100",
  "tag": "teacher_sft_seed1_ckpt_100",
  "temperature": 0.0,
  "n_samples": 1,
  "test_id": {
    "n": 1000,
    "n_attempt": 1000,
    "rhyme_accuracy": 0.861,
    "valid_couplet_rate": 0.861,
    "ci_low": 0.8381730246613444,
    "ci_high": 0.8810639545592818
  },
  "test_heldout_family": {
    "n": 1000,
    "n_attempt": 1000,
    "rhyme_accuracy": 0.92,
    "valid_couplet_rate": 0.92,
    "ci_low": 0.9015331907113813,
    "ci_high": 0.9352522144760509
  },
  "recovery": {
    "n": 500,
    "n_attempt": 500,
    "rhyme_accuracy": 0.808,
    "valid_couplet_rate": 0.808,
    "ci_low": 0.7711789076945584,
    "ci_high": 0.8401243272904052
  }
}