{
  "model": "runs/teacher_sft_seed1/ckpt_010",
  "tag": "teacher_sft_seed1_matched",
  "temperature": 0.0,
  "n_samples": 1,
  "test_id": {
    "n": 500,
    "n_attempt": 500,
    "rhyme_accuracy": 0.874,
    "valid_couplet_rate": 0.874,
    "ci_low": 0.842031642241812,
    "ci_high": 0.9002651430970722
  },
  "test_heldout_family": {
    "n": 500,
    "n_attempt": 500,
    "rhyme_accuracy": 0.932,
    "valid_couplet_rate": 0.932,
    "ci_low": 0.9064785429161282,
    "ci_high": 0.9509337866731715
  },
  "recovery": {
    "n": 500,
    "n_attempt": 500,
    "rhyme_accuracy": 0.782,
    "valid_couplet_rate": 0.782,
    "ci_low": 0.7437328590676937,
    "ci_high": 0.8159668560808768
  }
}