{
  "model": "runs/teacher_kd_seed0/ckpt_010",
  "tag": "teacher_kd_seed0_matched",
  "temperature": 0.0,
  "n_samples": 1,
  "test_id": {
    "n": 500,
    "n_attempt": 500,
    "rhyme_accuracy": 0.858,
    "valid_couplet_rate": 0.858,
    "ci_low": 0.8246696706783865,
    "ci_high": 0.8858711024534867
  },
  "test_heldout_family": {
    "n": 500,
    "n_attempt": 500,
    "rhyme_accuracy": 0.922,
    "valid_couplet_rate": 0.922,
    "ci_low": 0.8951458937794419,
    "ci_high": 0.9424189281804758
  },
  "recovery": {
    "n": 500,
    "n_attempt": 500,
    "rhyme_accuracy": 0.764,
    "valid_couplet_rate": 0.764,
    "ci_low": 0.7248548911970089,
    "ci_high": 0.7991193102186741
  }
}