{
  "model": "runs/teacher_kd_seed2/ckpt_010",
  "tag": "teacher_kd_seed2_matched",
  "temperature": 0.0,
  "n_samples": 1,
  "test_id": {
    "n": 500,
    "n_attempt": 500,
    "rhyme_accuracy": 0.852,
    "valid_couplet_rate": 0.852,
    "ci_low": 0.818193200072725,
    "ci_high": 0.8804390684815191
  },
  "test_heldout_family": {
    "n": 500,
    "n_attempt": 500,
    "rhyme_accuracy": 0.912,
    "valid_couplet_rate": 0.912,
    "ci_low": 0.8839229514479334,
    "ci_high": 0.9337943628826022
  },
  "recovery": {
    "n": 500,
    "n_attempt": 500,
    "rhyme_accuracy": 0.744,
    "valid_couplet_rate": 0.744,
    "ci_low": 0.7039862648123214,
    "ci_high": 0.7802929213445977
  }
}